2025-05-02 23:31:35,402 - INFO - Starting complete scraping process
2025-05-02 23:31:35,402 - INFO - Created output directory: output/universities
2025-05-02 23:31:35,403 - INFO - Created output directory: output/departments
2025-05-02 23:31:35,403 - INFO - Created output directory: output/courses
2025-05-02 23:31:35,403 - INFO - Created output directory: output/course_details
2025-05-02 23:31:35,403 - INFO - Loading universities from /Users/meng/Desktop/tmp/scrap_courses/output/universities/universities.csv
2025-05-02 23:31:35,404 - INFO - Loaded 144 universities from file
2025-05-02 23:31:35,404 - INFO - Loaded 144 universities from file (skipping scraping)
2025-05-02 23:31:35,404 - INFO - Starting to scrape departments for 144 universities
2025-05-02 23:31:35,404 - INFO - Processing university 1/144: snhu
2025-05-02 23:31:35,405 - INFO - Progress saved to output/scraping_progress.json
2025-05-02 23:31:35,405 - INFO - Departments for snhu already exist in output/departments/snhu_departments.csv, skipping
2025-05-02 23:31:35,405 - INFO - Loaded 60 existing departments for snhu
2025-05-02 23:31:35,406 - INFO - Progress saved to output/scraping_progress.json
2025-05-02 23:31:35,406 - INFO - Waiting 5.01 seconds before next university
2025-05-02 23:31:40,416 - INFO - Processing university 2/144: ivytechindianapolis
2025-05-02 23:31:40,418 - INFO - Progress saved to output/scraping_progress.json
2025-05-02 23:31:40,418 - INFO - Departments for ivytechindianapolis already exist in output/departments/ivytechindianapolis_departments.csv, skipping
2025-05-02 23:31:40,419 - INFO - Loaded 111 existing departments for ivytechindianapolis
2025-05-02 23:31:40,419 - INFO - Progress saved to output/scraping_progress.json
2025-05-02 23:31:40,420 - INFO - Waiting 7.94 seconds before next university
2025-05-02 23:31:48,363 - INFO - Processing university 3/144: asu
2025-05-02 23:31:48,365 - INFO - Progress saved to output/scraping_progress.json
2025-05-02 23:31:48,365 - INFO - Starting department scraper for URL: https://www.coursicle.com/asu/courses/
2025-05-02 23:31:54,241 - INFO - WebDriver set up successfully
2025-05-02 23:32:00,027 - INFO - Visited homepage first: https://www.coursicle.com/asu/
2025-05-02 23:32:11,541 - INFO - Navigated to https://www.coursicle.com/asu/courses/
2025-05-02 23:32:21,045 - WARNING - Error during human behavior simulation: empty range in randrange(773, -175)
2025-05-02 23:32:36,455 - WARNING - Timeout waiting for tile container, checking for bot detection
2025-05-02 23:32:41,595 - INFO - No 'More' button found or it's not needed
2025-05-02 23:32:41,611 - INFO - Found 0 department tiles
2025-05-02 23:32:51,372 - WARNING - Error during human behavior simulation: empty range in randrange(773, -175)
2025-05-02 23:32:51,373 - WARNING - No departments found, saving debug information
2025-05-02 23:32:51,376 - ERROR - Error during department scraping: cannot access local variable 'os' where it is not associated with a value
2025-05-02 23:32:51,702 - INFO - Browser closed
2025-05-02 23:32:51,702 - ERROR - Error processing university asu: cannot access local variable 'os' where it is not associated with a value
2025-05-02 23:32:51,702 - INFO - Processing university 4/144: tamu
2025-05-02 23:32:51,719 - INFO - Progress saved to output/scraping_progress.json
2025-05-02 23:32:51,720 - INFO - Starting department scraper for URL: https://www.coursicle.com/tamu/courses/
2025-05-02 23:32:53,889 - INFO - WebDriver set up successfully
2025-05-02 23:32:57,576 - INFO - Visited homepage first: https://www.coursicle.com/tamu/
2025-05-02 23:33:03,905 - INFO - Navigated to https://www.coursicle.com/tamu/courses/
2025-05-02 23:33:14,208 - INFO - Tile container loaded
2025-05-02 23:33:14,218 - INFO - Found 'More' button, will click to show all departments
2025-05-02 23:33:16,233 - INFO - Clicked 'More' button
2025-05-02 23:33:20,247 - INFO - Clicked 'More' button
2025-05-02 23:33:25,183 - INFO - Clicked 'More' button
2025-05-02 23:33:30,153 - INFO - Clicked 'More' button
2025-05-02 23:33:34,330 - INFO - Clicked 'More' button
2025-05-02 23:33:37,259 - INFO - Clicked 'More' button
2025-05-02 23:33:40,815 - INFO - Clicked 'More' button
2025-05-02 23:33:45,153 - INFO - Clicked 'More' button
2025-05-02 23:33:49,471 - INFO - Clicked 'More' button
2025-05-02 23:33:52,441 - INFO - Clicked 'More' button
2025-05-02 23:33:56,995 - INFO - Clicked 'More' button
2025-05-02 23:34:00,522 - INFO - Clicked 'More' button
2025-05-02 23:34:05,411 - INFO - Clicked 'More' button
2025-05-02 23:34:07,951 - INFO - Found 283 department tiles
2025-05-02 23:34:13,969 - INFO - Processed department: ACCT
2025-05-02 23:34:13,973 - INFO - Progress saved to output/scraping_progress.json
2025-05-02 23:34:13,983 - INFO - Processed department: ADDM
2025-05-02 23:34:13,984 - INFO - Progress saved to output/scraping_progress.json
2025-05-02 23:34:13,992 - INFO - Processed department: AEGD
2025-05-02 23:34:13,992 - INFO - Progress saved to output/scraping_progress.json
2025-05-02 23:34:14,000 - INFO - Processed department: AERO
2025-05-02 23:34:14,000 - INFO - Progress saved to output/scraping_progress.json
2025-05-02 23:34:14,008 - INFO - Processed department: AERS
2025-05-02 23:34:14,008 - INFO - Progress saved to output/scraping_progress.json
2025-05-02 23:34:14,015 - INFO - Processed department: AFST
2025-05-02 23:34:14,016 - INFO - Progress saved to output/scraping_progress.json
2025-05-02 23:34:14,022 - INFO - Processed department: AGCJ
2025-05-02 23:34:14,022 - INFO - Progress saved to output/scraping_progress.json
2025-05-02 23:34:14,028 - INFO - Processed department: AGEC
2025-05-02 23:34:14,029 - INFO - Progress saved to output/scraping_progress.json
2025-05-02 23:34:14,035 - INFO - Processed department: AGLS
2025-05-02 23:34:14,035 - INFO - Progress saved to output/scraping_progress.json
2025-05-02 23:34:14,042 - INFO - Processed department: AGSC
2025-05-02 23:34:14,043 - INFO - Progress saved to output/scraping_progress.json
2025-05-02 23:34:14,050 - INFO - Processed department: AGSM
2025-05-02 23:34:14,050 - INFO - Progress saved to output/scraping_progress.json
2025-05-02 23:34:14,057 - INFO - Processed department: ALEC
2025-05-02 23:34:14,057 - INFO - Progress saved to output/scraping_progress.json
2025-05-02 23:34:14,064 - INFO - Processed department: ALED
2025-05-02 23:34:14,065 - INFO - Progress saved to output/scraping_progress.json
2025-05-02 23:34:14,072 - INFO - Processed department: ANLY
2025-05-02 23:34:14,072 - INFO - Progress saved to output/scraping_progress.json
2025-05-02 23:34:14,079 - INFO - Processed department: ANSC
2025-05-02 23:34:14,079 - INFO - Progress saved to output/scraping_progress.json
2025-05-02 23:34:14,088 - INFO - Processed department: ANTH
2025-05-02 23:34:14,088 - INFO - Progress saved to output/scraping_progress.json
2025-05-02 23:34:14,095 - INFO - Processed department: ARAB
2025-05-02 23:34:14,096 - INFO - Progress saved to output/scraping_progress.json
2025-05-02 23:34:14,103 - INFO - Processed department: ARCH
2025-05-02 23:34:14,103 - INFO - Progress saved to output/scraping_progress.json
2025-05-02 23:34:14,110 - INFO - Processed department: AREN
2025-05-02 23:34:14,110 - INFO - Progress saved to output/scraping_progress.json
2025-05-02 23:34:14,116 - INFO - Processed department: ARSC
2025-05-02 23:34:14,116 - INFO - Progress saved to output/scraping_progress.json
2025-05-02 23:34:14,123 - INFO - Processed department: ARTS
2025-05-02 23:34:14,123 - INFO - Progress saved to output/scraping_progress.json
2025-05-02 23:34:14,130 - INFO - Processed department: ASCC
2025-05-02 23:34:14,130 - INFO - Progress saved to output/scraping_progress.json
2025-05-02 23:34:14,137 - INFO - Processed department: ASIA
2025-05-02 23:34:14,137 - INFO - Progress saved to output/scraping_progress.json
2025-05-02 23:34:14,144 - INFO - Processed department: ASTR
2025-05-02 23:34:14,144 - INFO - Progress saved to output/scraping_progress.json
2025-05-02 23:34:14,151 - INFO - Processed department: ATMO
2025-05-02 23:34:14,151 - INFO - Progress saved to output/scraping_progress.json
2025-05-02 23:34:14,158 - INFO - Processed department: ATTR
2025-05-02 23:34:14,158 - INFO - Progress saved to output/scraping_progress.json
2025-05-02 23:34:14,165 - INFO - Processed department: BAEN
2025-05-02 23:34:14,165 - INFO - Progress saved to output/scraping_progress.json
2025-05-02 23:34:14,172 - INFO - Processed department: BEFB
2025-05-02 23:34:14,172 - INFO - Progress saved to output/scraping_progress.json
2025-05-02 23:34:14,179 - INFO - Processed department: BESC
2025-05-02 23:34:14,179 - INFO - Progress saved to output/scraping_progress.json
2025-05-02 23:34:14,188 - INFO - Processed department: BESL
2025-05-02 23:34:14,188 - INFO - Progress saved to output/scraping_progress.json
2025-05-02 23:34:14,195 - INFO - Processed department: BICH
2025-05-02 23:34:14,196 - INFO - Progress saved to output/scraping_progress.json
2025-05-02 23:34:14,203 - INFO - Processed department: BIED
2025-05-02 23:34:14,203 - INFO - Progress saved to output/scraping_progress.json
2025-05-02 23:34:14,210 - INFO - Processed department: BIMS
2025-05-02 23:34:14,210 - INFO - Progress saved to output/scraping_progress.json
2025-05-02 23:34:14,216 - INFO - Processed department: BIOC
2025-05-02 23:34:14,217 - INFO - Progress saved to output/scraping_progress.json
2025-05-02 23:34:14,223 - INFO - Processed department: BIOE
2025-05-02 23:34:14,224 - INFO - Progress saved to output/scraping_progress.json
2025-05-02 23:34:14,230 - INFO - Processed department: BIOL
2025-05-02 23:34:14,230 - INFO - Progress saved to output/scraping_progress.json
2025-05-02 23:34:14,237 - INFO - Processed department: BIOT
2025-05-02 23:34:14,238 - INFO - Progress saved to output/scraping_progress.json
2025-05-02 23:34:14,245 - INFO - Processed department: BMEN
2025-05-02 23:34:14,245 - INFO - Progress saved to output/scraping_progress.json
2025-05-02 23:34:14,252 - INFO - Processed department: BUAD
2025-05-02 23:34:14,252 - INFO - Progress saved to output/scraping_progress.json
2025-05-02 23:34:14,259 - INFO - Processed department: BUSH
2025-05-02 23:34:14,259 - INFO - Progress saved to output/scraping_progress.json
2025-05-02 23:34:14,266 - INFO - Processed department: BUSN
2025-05-02 23:34:14,266 - INFO - Progress saved to output/scraping_progress.json
2025-05-02 23:34:14,273 - INFO - Processed department: CARC
2025-05-02 23:34:14,273 - INFO - Progress saved to output/scraping_progress.json
2025-05-02 23:34:14,280 - INFO - Processed department: CEHD
2025-05-02 23:34:14,280 - INFO - Progress saved to output/scraping_progress.json
2025-05-02 23:34:14,287 - INFO - Processed department: CHEM
2025-05-02 23:34:14,288 - INFO - Progress saved to output/scraping_progress.json
2025-05-02 23:34:14,294 - INFO - Processed department: CHEN
2025-05-02 23:34:14,294 - INFO - Progress saved to output/scraping_progress.json
2025-05-02 23:34:14,301 - INFO - Processed department: CHIN
2025-05-02 23:34:14,301 - INFO - Progress saved to output/scraping_progress.json
2025-05-02 23:34:14,308 - INFO - Processed department: CLAS
2025-05-02 23:34:14,308 - INFO - Progress saved to output/scraping_progress.json
2025-05-02 23:34:14,315 - INFO - Processed department: CLAT
2025-05-02 23:34:14,315 - INFO - Progress saved to output/scraping_progress.json
2025-05-02 23:34:14,322 - INFO - Processed department: CLBA
2025-05-02 23:34:14,322 - INFO - Progress saved to output/scraping_progress.json
2025-05-02 23:34:14,329 - INFO - Processed department: CLEN
2025-05-02 23:34:14,329 - INFO - Progress saved to output/scraping_progress.json
2025-05-02 23:34:14,336 - INFO - Processed department: CLGE
2025-05-02 23:34:14,336 - INFO - Progress saved to output/scraping_progress.json
2025-05-02 23:34:14,343 - INFO - Processed department: CLSC
2025-05-02 23:34:14,344 - INFO - Progress saved to output/scraping_progress.json
2025-05-02 23:34:14,351 - INFO - Processed department: CLSL
2025-05-02 23:34:14,351 - INFO - Progress saved to output/scraping_progress.json
2025-05-02 23:34:14,358 - INFO - Processed department: COMM
2025-05-02 23:34:14,358 - INFO - Progress saved to output/scraping_progress.json
2025-05-02 23:34:14,365 - INFO - Processed department: COMP
2025-05-02 23:34:14,365 - INFO - Progress saved to output/scraping_progress.json
2025-05-02 23:34:14,372 - INFO - Processed department: COSC
2025-05-02 23:34:14,372 - INFO - Progress saved to output/scraping_progress.json
2025-05-02 23:34:14,379 - INFO - Processed department: CPSY
2025-05-02 23:34:14,379 - INFO - Progress saved to output/scraping_progress.json
2025-05-02 23:34:14,386 - INFO - Processed department: CSCE
2025-05-02 23:34:14,387 - INFO - Progress saved to output/scraping_progress.json
2025-05-02 23:34:14,393 - INFO - Processed department: CULN
2025-05-02 23:34:14,393 - INFO - Progress saved to output/scraping_progress.json
2025-05-02 23:34:14,400 - INFO - Processed department: CVEN
2025-05-02 23:34:14,400 - INFO - Progress saved to output/scraping_progress.json
2025-05-02 23:34:14,407 - INFO - Processed department: CYBR
2025-05-02 23:34:14,407 - INFO - Progress saved to output/scraping_progress.json
2025-05-02 23:34:14,414 - INFO - Processed department: DAEN
2025-05-02 23:34:14,414 - INFO - Progress saved to output/scraping_progress.json
2025-05-02 23:34:14,421 - INFO - Processed department: DASC
2025-05-02 23:34:14,421 - INFO - Progress saved to output/scraping_progress.json
2025-05-02 23:34:14,428 - INFO - Processed department: DCED
2025-05-02 23:34:14,428 - INFO - Progress saved to output/scraping_progress.json
2025-05-02 23:34:14,434 - INFO - Processed department: DDHS
2025-05-02 23:34:14,435 - INFO - Progress saved to output/scraping_progress.json
2025-05-02 23:34:14,441 - INFO - Processed department: DHUM
2025-05-02 23:34:14,441 - INFO - Progress saved to output/scraping_progress.json
2025-05-02 23:34:14,448 - INFO - Processed department: DPHS
2025-05-02 23:34:14,448 - INFO - Progress saved to output/scraping_progress.json
2025-05-02 23:34:14,455 - INFO - Processed department: ECCB
2025-05-02 23:34:14,455 - INFO - Progress saved to output/scraping_progress.json
2025-05-02 23:34:14,462 - INFO - Processed department: ECDE
2025-05-02 23:34:14,462 - INFO - Progress saved to output/scraping_progress.json
2025-05-02 23:34:14,469 - INFO - Processed department: ECEN
2025-05-02 23:34:14,469 - INFO - Progress saved to output/scraping_progress.json
2025-05-02 23:34:14,475 - INFO - Processed department: ECMT
2025-05-02 23:34:14,476 - INFO - Progress saved to output/scraping_progress.json
2025-05-02 23:34:14,483 - INFO - Processed department: ECON
2025-05-02 23:34:14,483 - INFO - Progress saved to output/scraping_progress.json
2025-05-02 23:34:14,490 - INFO - Processed department: EDAD
2025-05-02 23:34:14,490 - INFO - Progress saved to output/scraping_progress.json
2025-05-02 23:34:14,497 - INFO - Processed department: EDCI
2025-05-02 23:34:14,497 - INFO - Progress saved to output/scraping_progress.json
2025-05-02 23:34:14,504 - INFO - Processed department: EDHP
2025-05-02 23:34:14,505 - INFO - Progress saved to output/scraping_progress.json
2025-05-02 23:34:14,511 - INFO - Processed department: EDTC
2025-05-02 23:34:14,511 - INFO - Progress saved to output/scraping_progress.json
2025-05-02 23:34:14,518 - INFO - Processed department: EEBL
2025-05-02 23:34:14,518 - INFO - Progress saved to output/scraping_progress.json
2025-05-02 23:34:14,525 - INFO - Processed department: EHRD
2025-05-02 23:34:14,526 - INFO - Progress saved to output/scraping_progress.json
2025-05-02 23:34:14,534 - INFO - Processed department: ELIC
2025-05-02 23:34:14,534 - INFO - Progress saved to output/scraping_progress.json
2025-05-02 23:34:14,541 - INFO - Processed department: ELID
2025-05-02 23:34:14,542 - INFO - Progress saved to output/scraping_progress.json
2025-05-02 23:34:14,549 - INFO - Processed department: ELIG
2025-05-02 23:34:14,549 - INFO - Progress saved to output/scraping_progress.json
2025-05-02 23:34:14,556 - INFO - Processed department: ELIL
2025-05-02 23:34:14,556 - INFO - Progress saved to output/scraping_progress.json
2025-05-02 23:34:14,563 - INFO - Processed department: ELIO
2025-05-02 23:34:14,563 - INFO - Progress saved to output/scraping_progress.json
2025-05-02 23:34:14,570 - INFO - Processed department: ELIR
2025-05-02 23:34:14,571 - INFO - Progress saved to output/scraping_progress.json
2025-05-02 23:34:14,577 - INFO - Processed department: ELIT
2025-05-02 23:34:14,578 - INFO - Progress saved to output/scraping_progress.json
2025-05-02 23:34:14,587 - INFO - Processed department: ELIV
2025-05-02 23:34:14,588 - INFO - Progress saved to output/scraping_progress.json
2025-05-02 23:34:14,594 - INFO - Processed department: ENDG
2025-05-02 23:34:14,595 - INFO - Progress saved to output/scraping_progress.json
2025-05-02 23:34:14,601 - INFO - Processed department: ENDO
2025-05-02 23:34:14,602 - INFO - Progress saved to output/scraping_progress.json
2025-05-02 23:34:14,609 - INFO - Processed department: ENDS
2025-05-02 23:34:14,609 - INFO - Progress saved to output/scraping_progress.json
2025-05-02 23:34:14,616 - INFO - Processed department: ENGL
2025-05-02 23:34:14,616 - INFO - Progress saved to output/scraping_progress.json
2025-05-02 23:34:14,623 - INFO - Processed department: ENGR
2025-05-02 23:34:14,623 - INFO - Progress saved to output/scraping_progress.json
2025-05-02 23:34:14,630 - INFO - Processed department: ENGY
2025-05-02 23:34:14,630 - INFO - Progress saved to output/scraping_progress.json
2025-05-02 23:34:14,637 - INFO - Processed department: ENSS
2025-05-02 23:34:14,638 - INFO - Progress saved to output/scraping_progress.json
2025-05-02 23:34:14,644 - INFO - Processed department: ENTC
2025-05-02 23:34:14,645 - INFO - Progress saved to output/scraping_progress.json
2025-05-02 23:34:14,652 - INFO - Processed department: ENTO
2025-05-02 23:34:14,652 - INFO - Progress saved to output/scraping_progress.json
2025-05-02 23:34:14,659 - INFO - Processed department: EPFB
2025-05-02 23:34:14,659 - INFO - Progress saved to output/scraping_progress.json
2025-05-02 23:34:14,666 - INFO - Processed department: EPSY
2025-05-02 23:34:14,666 - INFO - Progress saved to output/scraping_progress.json
2025-05-02 23:34:14,672 - INFO - Processed department: ESET
2025-05-02 23:34:14,673 - INFO - Progress saved to output/scraping_progress.json
2025-05-02 23:34:14,679 - INFO - Processed department: ESSM
2025-05-02 23:34:14,680 - INFO - Progress saved to output/scraping_progress.json
2025-05-02 23:34:14,686 - INFO - Processed department: EURO
2025-05-02 23:34:14,687 - INFO - Progress saved to output/scraping_progress.json
2025-05-02 23:34:14,693 - INFO - Processed department: EVEN
2025-05-02 23:34:14,694 - INFO - Progress saved to output/scraping_progress.json
2025-05-02 23:34:14,700 - INFO - Processed department: FILM
2025-05-02 23:34:14,701 - INFO - Progress saved to output/scraping_progress.json
2025-05-02 23:34:14,707 - INFO - Processed department: FINC
2025-05-02 23:34:14,708 - INFO - Progress saved to output/scraping_progress.json
2025-05-02 23:34:14,715 - INFO - Processed department: FINP
2025-05-02 23:34:14,715 - INFO - Progress saved to output/scraping_progress.json
2025-05-02 23:34:14,722 - INFO - Processed department: FIVS
2025-05-02 23:34:14,722 - INFO - Progress saved to output/scraping_progress.json
2025-05-02 23:34:14,728 - INFO - Processed department: FORS
2025-05-02 23:34:14,729 - INFO - Progress saved to output/scraping_progress.json
2025-05-02 23:34:14,735 - INFO - Processed department: FREN
2025-05-02 23:34:14,736 - INFO - Progress saved to output/scraping_progress.json
2025-05-02 23:34:14,742 - INFO - Processed department: FRSC
2025-05-02 23:34:14,743 - INFO - Progress saved to output/scraping_progress.json
2025-05-02 23:34:14,749 - INFO - Processed department: FSTC
2025-05-02 23:34:14,750 - INFO - Progress saved to output/scraping_progress.json
2025-05-02 23:34:14,756 - INFO - Processed department: FYEX
2025-05-02 23:34:14,757 - INFO - Progress saved to output/scraping_progress.json
2025-05-02 23:34:14,763 - INFO - Processed department: GALV
2025-05-02 23:34:14,764 - INFO - Progress saved to output/scraping_progress.json
2025-05-02 23:34:14,771 - INFO - Processed department: GENE
2025-05-02 23:34:14,771 - INFO - Progress saved to output/scraping_progress.json
2025-05-02 23:34:14,777 - INFO - Processed department: GEOG
2025-05-02 23:34:14,778 - INFO - Progress saved to output/scraping_progress.json
2025-05-02 23:34:14,784 - INFO - Processed department: GEOL
2025-05-02 23:34:14,785 - INFO - Progress saved to output/scraping_progress.json
2025-05-02 23:34:14,791 - INFO - Processed department: GEOP
2025-05-02 23:34:14,792 - INFO - Progress saved to output/scraping_progress.json
2025-05-02 23:34:14,798 - INFO - Processed department: GEOS
2025-05-02 23:34:14,799 - INFO - Progress saved to output/scraping_progress.json
2025-05-02 23:34:14,805 - INFO - Processed department: GERM
2025-05-02 23:34:14,806 - INFO - Progress saved to output/scraping_progress.json
2025-05-02 23:34:14,812 - INFO - Processed department: GLST
2025-05-02 23:34:14,813 - INFO - Progress saved to output/scraping_progress.json
2025-05-02 23:34:14,819 - INFO - Processed department: GS
2025-05-02 23:34:14,820 - INFO - Progress saved to output/scraping_progress.json
2025-05-02 23:34:14,826 - INFO - Processed department: GS01
2025-05-02 23:34:14,827 - INFO - Progress saved to output/scraping_progress.json
2025-05-02 23:34:14,833 - INFO - Processed department: GS03
2025-05-02 23:34:14,834 - INFO - Progress saved to output/scraping_progress.json
2025-05-02 23:34:14,840 - INFO - Processed department: GS04
2025-05-02 23:34:14,841 - INFO - Progress saved to output/scraping_progress.json
2025-05-02 23:34:14,847 - INFO - Processed department: GS07
2025-05-02 23:34:14,848 - INFO - Progress saved to output/scraping_progress.json
2025-05-02 23:34:14,855 - INFO - Processed department: GS11
2025-05-02 23:34:14,855 - INFO - Progress saved to output/scraping_progress.json
2025-05-02 23:34:14,861 - INFO - Processed department: GS13
2025-05-02 23:34:14,862 - INFO - Progress saved to output/scraping_progress.json
2025-05-02 23:34:14,868 - INFO - Processed department: GS14
2025-05-02 23:34:14,869 - INFO - Progress saved to output/scraping_progress.json
2025-05-02 23:34:14,875 - INFO - Processed department: GS21
2025-05-02 23:34:14,876 - INFO - Progress saved to output/scraping_progress.json
2025-05-02 23:34:14,882 - INFO - Processed department: GSMV
2025-05-02 23:34:14,883 - INFO - Progress saved to output/scraping_progress.json
2025-05-02 23:34:14,889 - INFO - Processed department: GSPY
2025-05-02 23:34:14,890 - INFO - Progress saved to output/scraping_progress.json
2025-05-02 23:34:14,896 - INFO - Processed department: HBEH
2025-05-02 23:34:14,896 - INFO - Progress saved to output/scraping_progress.json
2025-05-02 23:34:14,903 - INFO - Processed department: HCPI
2025-05-02 23:34:14,904 - INFO - Progress saved to output/scraping_progress.json
2025-05-02 23:34:14,911 - INFO - Processed department: HEFB
2025-05-02 23:34:14,911 - INFO - Progress saved to output/scraping_progress.json
2025-05-02 23:34:14,918 - INFO - Processed department: HHUM
2025-05-02 23:34:14,919 - INFO - Progress saved to output/scraping_progress.json
2025-05-02 23:34:14,925 - INFO - Processed department: HISP
2025-05-02 23:34:14,926 - INFO - Progress saved to output/scraping_progress.json
2025-05-02 23:34:14,932 - INFO - Processed department: HIST
2025-05-02 23:34:14,933 - INFO - Progress saved to output/scraping_progress.json
2025-05-02 23:34:14,940 - INFO - Processed department: HLTH
2025-05-02 23:34:14,940 - INFO - Progress saved to output/scraping_progress.json
2025-05-02 23:34:14,947 - INFO - Processed department: HMGT
2025-05-02 23:34:14,947 - INFO - Progress saved to output/scraping_progress.json
2025-05-02 23:34:14,954 - INFO - Processed department: HONR
2025-05-02 23:34:14,955 - INFO - Progress saved to output/scraping_progress.json
2025-05-02 23:34:14,962 - INFO - Processed department: HORT
2025-05-02 23:34:14,962 - INFO - Progress saved to output/scraping_progress.json
2025-05-02 23:34:14,969 - INFO - Processed department: HPCH
2025-05-02 23:34:14,969 - INFO - Progress saved to output/scraping_progress.json
2025-05-02 23:34:14,976 - INFO - Processed department: HPED
2025-05-02 23:34:14,976 - INFO - Progress saved to output/scraping_progress.json
2025-05-02 23:34:14,983 - INFO - Processed department: HUMA
2025-05-02 23:34:14,984 - INFO - Progress saved to output/scraping_progress.json
2025-05-02 23:34:14,990 - INFO - Processed department: IBST
2025-05-02 23:34:14,991 - INFO - Progress saved to output/scraping_progress.json
2025-05-02 23:34:14,998 - INFO - Processed department: IBUS
2025-05-02 23:34:14,999 - INFO - Progress saved to output/scraping_progress.json
2025-05-02 23:34:15,005 - INFO - Processed department: ICPE
2025-05-02 23:34:15,006 - INFO - Progress saved to output/scraping_progress.json
2025-05-02 23:34:15,012 - INFO - Processed department: IDIS
2025-05-02 23:34:15,012 - INFO - Progress saved to output/scraping_progress.json
2025-05-02 23:34:15,019 - INFO - Processed department: IMED
2025-05-02 23:34:15,019 - INFO - Progress saved to output/scraping_progress.json
2025-05-02 23:34:15,026 - INFO - Processed department: INST
2025-05-02 23:34:15,027 - INFO - Progress saved to output/scraping_progress.json
2025-05-02 23:34:15,033 - INFO - Processed department: INTA
2025-05-02 23:34:15,034 - INFO - Progress saved to output/scraping_progress.json
2025-05-02 23:34:15,041 - INFO - Processed department: INTS
2025-05-02 23:34:15,041 - INFO - Progress saved to output/scraping_progress.json
2025-05-02 23:34:15,048 - INFO - Processed department: ISEN
2025-05-02 23:34:15,048 - INFO - Progress saved to output/scraping_progress.json
2025-05-02 23:34:15,055 - INFO - Processed department: ISTM
2025-05-02 23:34:15,056 - INFO - Progress saved to output/scraping_progress.json
2025-05-02 23:34:15,064 - INFO - Processed department: ISYS
2025-05-02 23:34:15,065 - INFO - Progress saved to output/scraping_progress.json
2025-05-02 23:34:15,072 - INFO - Processed department: ITAL
2025-05-02 23:34:15,072 - INFO - Progress saved to output/scraping_progress.json
2025-05-02 23:34:15,079 - INFO - Processed department: ITDE
2025-05-02 23:34:15,080 - INFO - Progress saved to output/scraping_progress.json
2025-05-02 23:34:15,087 - INFO - Processed department: ITSV
2025-05-02 23:34:15,087 - INFO - Progress saved to output/scraping_progress.json
2025-05-02 23:34:15,094 - INFO - Processed department: JAPN
2025-05-02 23:34:15,094 - INFO - Progress saved to output/scraping_progress.json
2025-05-02 23:34:15,101 - INFO - Processed department: JOUR
2025-05-02 23:34:15,101 - INFO - Progress saved to output/scraping_progress.json
2025-05-02 23:34:15,108 - INFO - Processed department: JWST
2025-05-02 23:34:15,108 - INFO - Progress saved to output/scraping_progress.json
2025-05-02 23:34:15,115 - INFO - Processed department: KINE
2025-05-02 23:34:15,115 - INFO - Progress saved to output/scraping_progress.json
2025-05-02 23:34:15,122 - INFO - Processed department: KNFB
2025-05-02 23:34:15,123 - INFO - Progress saved to output/scraping_progress.json
2025-05-02 23:34:15,130 - INFO - Processed department: LAND
2025-05-02 23:34:15,131 - INFO - Progress saved to output/scraping_progress.json
2025-05-02 23:34:15,138 - INFO - Processed department: LAW
2025-05-02 23:34:15,139 - INFO - Progress saved to output/scraping_progress.json
2025-05-02 23:34:15,145 - INFO - Processed department: LBAR
2025-05-02 23:34:15,146 - INFO - Progress saved to output/scraping_progress.json
2025-05-02 23:34:15,152 - INFO - Processed department: LCSE
2025-05-02 23:34:15,153 - INFO - Progress saved to output/scraping_progress.json
2025-05-02 23:34:15,160 - INFO - Processed department: LDEV
2025-05-02 23:34:15,160 - INFO - Progress saved to output/scraping_progress.json
2025-05-02 23:34:15,167 - INFO - Processed department: LDTC
2025-05-02 23:34:15,168 - INFO - Progress saved to output/scraping_progress.json
2025-05-02 23:34:15,175 - INFO - Processed department: LING
2025-05-02 23:34:15,175 - INFO - Progress saved to output/scraping_progress.json
2025-05-02 23:34:15,182 - INFO - Processed department: LMAS
2025-05-02 23:34:15,183 - INFO - Progress saved to output/scraping_progress.json
2025-05-02 23:34:15,190 - INFO - Processed department: MARB
2025-05-02 23:34:15,191 - INFO - Progress saved to output/scraping_progress.json
2025-05-02 23:34:15,197 - INFO - Processed department: MARS
2025-05-02 23:34:15,198 - INFO - Progress saved to output/scraping_progress.json
2025-05-02 23:34:15,205 - INFO - Processed department: MART
2025-05-02 23:34:15,206 - INFO - Progress saved to output/scraping_progress.json
2025-05-02 23:34:15,214 - INFO - Processed department: MASC
2025-05-02 23:34:15,214 - INFO - Progress saved to output/scraping_progress.json
2025-05-02 23:34:15,222 - INFO - Processed department: MATH
2025-05-02 23:34:15,223 - INFO - Progress saved to output/scraping_progress.json
2025-05-02 23:34:15,230 - INFO - Processed department: MCMD
2025-05-02 23:34:15,231 - INFO - Progress saved to output/scraping_progress.json
2025-05-02 23:34:15,238 - INFO - Processed department: MEEN
2025-05-02 23:34:15,238 - INFO - Progress saved to output/scraping_progress.json
2025-05-02 23:34:15,245 - INFO - Processed department: MEFB
2025-05-02 23:34:15,246 - INFO - Progress saved to output/scraping_progress.json
2025-05-02 23:34:15,253 - INFO - Processed department: MEID
2025-05-02 23:34:15,254 - INFO - Progress saved to output/scraping_progress.json
2025-05-02 23:34:15,261 - INFO - Processed department: MEMA
2025-05-02 23:34:15,262 - INFO - Progress saved to output/scraping_progress.json
2025-05-02 23:34:15,269 - INFO - Processed department: MEPS
2025-05-02 23:34:15,269 - INFO - Progress saved to output/scraping_progress.json
2025-05-02 23:34:15,277 - INFO - Processed department: MGMT
2025-05-02 23:34:15,277 - INFO - Progress saved to output/scraping_progress.json
2025-05-02 23:34:15,284 - INFO - Processed department: MKTG
2025-05-02 23:34:15,285 - INFO - Progress saved to output/scraping_progress.json
2025-05-02 23:34:15,292 - INFO - Processed department: MLSC
2025-05-02 23:34:15,293 - INFO - Progress saved to output/scraping_progress.json
2025-05-02 23:34:15,300 - INFO - Processed department: MMET
2025-05-02 23:34:15,300 - INFO - Progress saved to output/scraping_progress.json
2025-05-02 23:34:15,307 - INFO - Processed department: MODL
2025-05-02 23:34:15,308 - INFO - Progress saved to output/scraping_progress.json
2025-05-02 23:34:15,314 - INFO - Processed department: MPHY
2025-05-02 23:34:15,315 - INFO - Progress saved to output/scraping_progress.json
2025-05-02 23:34:15,322 - INFO - Processed department: MPIM
2025-05-02 23:34:15,322 - INFO - Progress saved to output/scraping_progress.json
2025-05-02 23:34:15,329 - INFO - Processed department: MSCI
2025-05-02 23:34:15,330 - INFO - Progress saved to output/scraping_progress.json
2025-05-02 23:34:15,337 - INFO - Processed department: MSEN
2025-05-02 23:34:15,337 - INFO - Progress saved to output/scraping_progress.json
2025-05-02 23:34:15,344 - INFO - Processed department: MSTC
2025-05-02 23:34:15,345 - INFO - Progress saved to output/scraping_progress.json
2025-05-02 23:34:15,352 - INFO - Processed department: MTDE
2025-05-02 23:34:15,352 - INFO - Progress saved to output/scraping_progress.json
2025-05-02 23:34:15,359 - INFO - Processed department: MUSC
2025-05-02 23:34:15,360 - INFO - Progress saved to output/scraping_progress.json
2025-05-02 23:34:15,367 - INFO - Processed department: MUST
2025-05-02 23:34:15,367 - INFO - Progress saved to output/scraping_progress.json
2025-05-02 23:34:15,374 - INFO - Processed department: MXET
2025-05-02 23:34:15,375 - INFO - Progress saved to output/scraping_progress.json
2025-05-02 23:34:15,381 - INFO - Processed department: NEXT
2025-05-02 23:34:15,382 - INFO - Progress saved to output/scraping_progress.json
2025-05-02 23:34:15,394 - INFO - Processed department: NFSC
2025-05-02 23:34:15,395 - INFO - Progress saved to output/scraping_progress.json
2025-05-02 23:34:15,402 - INFO - Processed department: NRSC
2025-05-02 23:34:15,402 - INFO - Progress saved to output/scraping_progress.json
2025-05-02 23:34:15,409 - INFO - Processed department: NSCI
2025-05-02 23:34:15,410 - INFO - Progress saved to output/scraping_progress.json
2025-05-02 23:34:15,417 - INFO - Processed department: NSEB
2025-05-02 23:34:15,417 - INFO - Progress saved to output/scraping_progress.json
2025-05-02 23:34:15,424 - INFO - Processed department: NUEN
2025-05-02 23:34:15,424 - INFO - Progress saved to output/scraping_progress.json
2025-05-02 23:34:15,431 - INFO - Processed department: NURS
2025-05-02 23:34:15,432 - INFO - Progress saved to output/scraping_progress.json
2025-05-02 23:34:15,439 - INFO - Processed department: NUTR
2025-05-02 23:34:15,439 - INFO - Progress saved to output/scraping_progress.json
2025-05-02 23:34:15,446 - INFO - Processed department: NVSC
2025-05-02 23:34:15,447 - INFO - Progress saved to output/scraping_progress.json
2025-05-02 23:34:15,454 - INFO - Processed department: OBIO
2025-05-02 23:34:15,454 - INFO - Progress saved to output/scraping_progress.json
2025-05-02 23:34:15,461 - INFO - Processed department: OCEN
2025-05-02 23:34:15,461 - INFO - Progress saved to output/scraping_progress.json
2025-05-02 23:34:15,468 - INFO - Processed department: OCNG
2025-05-02 23:34:15,469 - INFO - Progress saved to output/scraping_progress.json
2025-05-02 23:34:15,475 - INFO - Processed department: OMFP
2025-05-02 23:34:15,476 - INFO - Progress saved to output/scraping_progress.json
2025-05-02 23:34:15,483 - INFO - Processed department: OMFR
2025-05-02 23:34:15,483 - INFO - Progress saved to output/scraping_progress.json
2025-05-02 23:34:15,490 - INFO - Processed department: OMFS
2025-05-02 23:34:15,491 - INFO - Progress saved to output/scraping_progress.json
2025-05-02 23:34:15,498 - INFO - Processed department: OMSF
2025-05-02 23:34:15,498 - INFO - Progress saved to output/scraping_progress.json
2025-05-02 23:34:15,505 - INFO - Processed department: ORDI
2025-05-02 23:34:15,506 - INFO - Progress saved to output/scraping_progress.json
2025-05-02 23:34:15,513 - INFO - Processed department: ORTH
2025-05-02 23:34:15,513 - INFO - Progress saved to output/scraping_progress.json
2025-05-02 23:34:15,520 - INFO - Processed department: PBSI
2025-05-02 23:34:15,521 - INFO - Progress saved to output/scraping_progress.json
2025-05-02 23:34:15,527 - INFO - Processed department: PEDD
2025-05-02 23:34:15,528 - INFO - Progress saved to output/scraping_progress.json
2025-05-02 23:34:15,534 - INFO - Processed department: PERF
2025-05-02 23:34:15,535 - INFO - Progress saved to output/scraping_progress.json
2025-05-02 23:34:15,541 - INFO - Processed department: PERI
2025-05-02 23:34:15,542 - INFO - Progress saved to output/scraping_progress.json
2025-05-02 23:34:15,549 - INFO - Processed department: PETE
2025-05-02 23:34:15,549 - INFO - Progress saved to output/scraping_progress.json
2025-05-02 23:34:15,556 - INFO - Processed department: PHAR
2025-05-02 23:34:15,557 - INFO - Progress saved to output/scraping_progress.json
2025-05-02 23:34:15,563 - INFO - Processed department: PHEB
2025-05-02 23:34:15,564 - INFO - Progress saved to output/scraping_progress.json
2025-05-02 23:34:15,571 - INFO - Processed department: PHEO
2025-05-02 23:34:15,572 - INFO - Progress saved to output/scraping_progress.json
2025-05-02 23:34:15,579 - INFO - Processed department: PHIL
2025-05-02 23:34:15,580 - INFO - Progress saved to output/scraping_progress.json
2025-05-02 23:34:15,587 - INFO - Processed department: PHLT
2025-05-02 23:34:15,588 - INFO - Progress saved to output/scraping_progress.json
2025-05-02 23:34:15,595 - INFO - Processed department: PHPM
2025-05-02 23:34:15,595 - INFO - Progress saved to output/scraping_progress.json
2025-05-02 23:34:15,602 - INFO - Processed department: PHSC
2025-05-02 23:34:15,603 - INFO - Progress saved to output/scraping_progress.json
2025-05-02 23:34:15,610 - INFO - Processed department: PHYS
2025-05-02 23:34:15,611 - INFO - Progress saved to output/scraping_progress.json
2025-05-02 23:34:15,617 - INFO - Processed department: PLAN
2025-05-02 23:34:15,618 - INFO - Progress saved to output/scraping_progress.json
2025-05-02 23:34:15,625 - INFO - Processed department: PLPA
2025-05-02 23:34:15,626 - INFO - Progress saved to output/scraping_progress.json
2025-05-02 23:34:15,632 - INFO - Processed department: POLS
2025-05-02 23:34:15,634 - INFO - Progress saved to output/scraping_progress.json
2025-05-02 23:34:15,640 - INFO - Processed department: POSC
2025-05-02 23:34:15,641 - INFO - Progress saved to output/scraping_progress.json
2025-05-02 23:34:15,648 - INFO - Processed department: PROS
2025-05-02 23:34:15,649 - INFO - Progress saved to output/scraping_progress.json
2025-05-02 23:34:15,656 - INFO - Processed department: PSAA
2025-05-02 23:34:15,656 - INFO - Progress saved to output/scraping_progress.json
2025-05-02 23:34:15,663 - INFO - Processed department: PSYC
2025-05-02 23:34:15,664 - INFO - Progress saved to output/scraping_progress.json
2025-05-02 23:34:15,671 - INFO - Processed department: PVFA
2025-05-02 23:34:15,671 - INFO - Progress saved to output/scraping_progress.json
2025-05-02 23:34:15,678 - INFO - Processed department: RDNG
2025-05-02 23:34:15,679 - INFO - Progress saved to output/scraping_progress.json
2025-05-02 23:34:15,686 - INFO - Processed department: RELS
2025-05-02 23:34:15,687 - INFO - Progress saved to output/scraping_progress.json
2025-05-02 23:34:15,693 - INFO - Processed department: RENR
2025-05-02 23:34:15,694 - INFO - Progress saved to output/scraping_progress.json
2025-05-02 23:34:15,701 - INFO - Processed department: RPTS
2025-05-02 23:34:15,702 - INFO - Progress saved to output/scraping_progress.json
2025-05-02 23:34:15,708 - INFO - Processed department: RUSS
2025-05-02 23:34:15,709 - INFO - Progress saved to output/scraping_progress.json
2025-05-02 23:34:15,715 - INFO - Processed department: RWFM
2025-05-02 23:34:15,716 - INFO - Progress saved to output/scraping_progress.json
2025-05-02 23:34:15,723 - INFO - Processed department: SABR
2025-05-02 23:34:15,723 - INFO - Progress saved to output/scraping_progress.json
2025-05-02 23:34:15,730 - INFO - Processed department: SCEN
2025-05-02 23:34:15,731 - INFO - Progress saved to output/scraping_progress.json
2025-05-02 23:34:15,737 - INFO - Processed department: SCMT
2025-05-02 23:34:15,738 - INFO - Progress saved to output/scraping_progress.json
2025-05-02 23:34:15,745 - INFO - Processed department: SCSC
2025-05-02 23:34:15,745 - INFO - Progress saved to output/scraping_progress.json
2025-05-02 23:34:15,752 - INFO - Processed department: SEFB
2025-05-02 23:34:15,753 - INFO - Progress saved to output/scraping_progress.json
2025-05-02 23:34:15,759 - INFO - Processed department: SENG
2025-05-02 23:34:15,760 - INFO - Progress saved to output/scraping_progress.json
2025-05-02 23:34:15,766 - INFO - Processed department: SLCX
2025-05-02 23:34:15,767 - INFO - Progress saved to output/scraping_progress.json
2025-05-02 23:34:15,774 - INFO - Processed department: SOCI
2025-05-02 23:34:15,774 - INFO - Progress saved to output/scraping_progress.json
2025-05-02 23:34:15,781 - INFO - Processed department: SOMS
2025-05-02 23:34:15,782 - INFO - Progress saved to output/scraping_progress.json
2025-05-02 23:34:15,789 - INFO - Processed department: SOPH
2025-05-02 23:34:15,790 - INFO - Progress saved to output/scraping_progress.json
2025-05-02 23:34:15,796 - INFO - Processed department: SPAN
2025-05-02 23:34:15,797 - INFO - Progress saved to output/scraping_progress.json
2025-05-02 23:34:15,803 - INFO - Processed department: SPED
2025-05-02 23:34:15,804 - INFO - Progress saved to output/scraping_progress.json
2025-05-02 23:34:15,811 - INFO - Processed department: SPMT
2025-05-02 23:34:15,811 - INFO - Progress saved to output/scraping_progress.json
2025-05-02 23:34:15,818 - INFO - Processed department: SPSY
2025-05-02 23:34:15,819 - INFO - Progress saved to output/scraping_progress.json
2025-05-02 23:34:15,825 - INFO - Processed department: SSEN
2025-05-02 23:34:15,826 - INFO - Progress saved to output/scraping_progress.json
2025-05-02 23:34:15,832 - INFO - Processed department: STAT
2025-05-02 23:34:15,833 - INFO - Progress saved to output/scraping_progress.json
2025-05-02 23:34:15,839 - INFO - Processed department: STLC
2025-05-02 23:34:15,840 - INFO - Progress saved to output/scraping_progress.json
2025-05-02 23:34:15,847 - INFO - Processed department: SURG
2025-05-02 23:34:15,847 - INFO - Progress saved to output/scraping_progress.json
2025-05-02 23:34:15,854 - INFO - Processed department: SYEN
2025-05-02 23:34:15,855 - INFO - Progress saved to output/scraping_progress.json
2025-05-02 23:34:15,861 - INFO - Processed department: SYEX
2025-05-02 23:34:15,862 - INFO - Progress saved to output/scraping_progress.json
2025-05-02 23:34:15,869 - INFO - Processed department: TAMU
2025-05-02 23:34:15,870 - INFO - Progress saved to output/scraping_progress.json
2025-05-02 23:34:15,877 - INFO - Processed department: TCMG
2025-05-02 23:34:15,877 - INFO - Progress saved to output/scraping_progress.json
2025-05-02 23:34:15,884 - INFO - Processed department: TCMT
2025-05-02 23:34:15,885 - INFO - Progress saved to output/scraping_progress.json
2025-05-02 23:34:15,891 - INFO - Processed department: TEED
2025-05-02 23:34:15,892 - INFO - Progress saved to output/scraping_progress.json
2025-05-02 23:34:15,899 - INFO - Processed department: TEFB
2025-05-02 23:34:15,899 - INFO - Progress saved to output/scraping_progress.json
2025-05-02 23:34:15,906 - INFO - Processed department: THAR
2025-05-02 23:34:15,907 - INFO - Progress saved to output/scraping_progress.json
2025-05-02 23:34:15,913 - INFO - Processed department: THEA
2025-05-02 23:34:15,914 - INFO - Progress saved to output/scraping_progress.json
2025-05-02 23:34:15,921 - INFO - Processed department: UGST
2025-05-02 23:34:15,921 - INFO - Progress saved to output/scraping_progress.json
2025-05-02 23:34:15,928 - INFO - Processed department: URPN
2025-05-02 23:34:15,929 - INFO - Progress saved to output/scraping_progress.json
2025-05-02 23:34:15,935 - INFO - Processed department: URSC
2025-05-02 23:34:15,936 - INFO - Progress saved to output/scraping_progress.json
2025-05-02 23:34:15,943 - INFO - Processed department: VIBS
2025-05-02 23:34:15,944 - INFO - Progress saved to output/scraping_progress.json
2025-05-02 23:34:15,950 - INFO - Processed department: VIST
2025-05-02 23:34:15,951 - INFO - Progress saved to output/scraping_progress.json
2025-05-02 23:34:15,958 - INFO - Processed department: VIZA
2025-05-02 23:34:15,958 - INFO - Progress saved to output/scraping_progress.json
2025-05-02 23:34:15,965 - INFO - Processed department: VLCS
2025-05-02 23:34:15,965 - INFO - Progress saved to output/scraping_progress.json
2025-05-02 23:34:15,972 - INFO - Processed department: VMID
2025-05-02 23:34:15,973 - INFO - Progress saved to output/scraping_progress.json
2025-05-02 23:34:15,979 - INFO - Processed department: VPAR
2025-05-02 23:34:15,980 - INFO - Progress saved to output/scraping_progress.json
2025-05-02 23:34:15,987 - INFO - Processed department: VPAT
2025-05-02 23:34:15,988 - INFO - Progress saved to output/scraping_progress.json
2025-05-02 23:34:15,994 - INFO - Processed department: VSCS
2025-05-02 23:34:15,995 - INFO - Progress saved to output/scraping_progress.json
2025-05-02 23:34:16,001 - INFO - Processed department: VTMI
2025-05-02 23:34:16,002 - INFO - Progress saved to output/scraping_progress.json
2025-05-02 23:34:16,009 - INFO - Processed department: VTPB
2025-05-02 23:34:16,009 - INFO - Progress saved to output/scraping_progress.json
2025-05-02 23:34:16,016 - INFO - Processed department: VTPP
2025-05-02 23:34:16,017 - INFO - Progress saved to output/scraping_progress.json
2025-05-02 23:34:16,023 - INFO - Processed department: WFSC
2025-05-02 23:34:16,024 - INFO - Progress saved to output/scraping_progress.json
2025-05-02 23:34:16,031 - INFO - Processed department: WGST
2025-05-02 23:34:16,032 - INFO - Progress saved to output/scraping_progress.json
2025-05-02 23:34:16,038 - INFO - Processed department: WMHS
2025-05-02 23:34:16,039 - INFO - Progress saved to output/scraping_progress.json
2025-05-02 23:34:16,039 - INFO - Successfully extracted data for 283 departments
2025-05-02 23:34:16,042 - INFO - Saved department data to output/departments/tamu_departments.csv
2025-05-02 23:34:16,043 - INFO - Progress saved to output/scraping_progress.json
2025-05-02 23:34:16,246 - INFO - Browser closed
2025-05-02 23:34:16,246 - INFO - Successfully scraped 283 departments for tamu
2025-05-02 23:34:16,247 - INFO - Waiting 3.76 seconds before next university
2025-05-02 23:34:20,011 - INFO - Processing university 5/144: ucf
2025-05-02 23:34:20,016 - INFO - Progress saved to output/scraping_progress.json
2025-05-02 23:34:20,016 - INFO - Departments for ucf already exist in output/departments/ucf_departments.csv, skipping
2025-05-02 23:34:20,019 - INFO - Loaded 245 existing departments for ucf
2025-05-02 23:34:20,022 - INFO - Progress saved to output/scraping_progress.json
2025-05-02 23:34:20,023 - INFO - Waiting 7.37 seconds before next university
2025-05-02 23:34:27,396 - INFO - Processing university 6/144: ubc
2025-05-02 23:34:27,401 - INFO - Progress saved to output/scraping_progress.json
2025-05-02 23:34:27,402 - INFO - Starting department scraper for URL: https://www.coursicle.com/ubc/courses/
2025-05-02 23:34:28,756 - INFO - WebDriver set up successfully
2025-05-02 23:34:35,065 - INFO - Visited homepage first: https://www.coursicle.com/ubc/
2025-05-02 23:34:42,310 - INFO - Navigated to https://www.coursicle.com/ubc/courses/
2025-05-02 23:34:51,142 - INFO - Tile container loaded
2025-05-02 23:34:51,150 - INFO - Found 'More' button, will click to show all departments
2025-05-02 23:34:53,110 - INFO - Clicked 'More' button
2025-05-02 23:34:58,201 - INFO - Clicked 'More' button
2025-05-02 23:35:03,247 - INFO - Clicked 'More' button
2025-05-02 23:35:07,173 - INFO - Clicked 'More' button
2025-05-02 23:35:11,735 - INFO - Clicked 'More' button
2025-05-02 23:35:17,090 - INFO - Clicked 'More' button
2025-05-02 23:35:22,208 - INFO - Clicked 'More' button
2025-05-02 23:35:25,891 - INFO - Clicked 'More' button
2025-05-02 23:35:29,854 - INFO - Clicked 'More' button
2025-05-02 23:35:33,635 - INFO - Clicked 'More' button
2025-05-02 23:35:38,198 - INFO - Clicked 'More' button
2025-05-02 23:35:43,226 - INFO - Clicked 'More' button
2025-05-02 23:35:46,445 - INFO - Found 253 department tiles
2025-05-02 23:35:52,636 - INFO - Processed department: AANB
2025-05-02 23:35:52,643 - INFO - Progress saved to output/scraping_progress.json
2025-05-02 23:35:52,653 - INFO - Processed department: ACAM
2025-05-02 23:35:52,654 - INFO - Progress saved to output/scraping_progress.json
2025-05-02 23:35:52,663 - INFO - Processed department: ADHE
2025-05-02 23:35:52,664 - INFO - Progress saved to output/scraping_progress.json
2025-05-02 23:35:52,672 - INFO - Processed department: AFST
2025-05-02 23:35:52,674 - INFO - Progress saved to output/scraping_progress.json
2025-05-02 23:35:52,680 - INFO - Processed department: AGEC
2025-05-02 23:35:52,681 - INFO - Progress saved to output/scraping_progress.json
2025-05-02 23:35:52,688 - INFO - Processed department: AMNE
2025-05-02 23:35:52,688 - INFO - Progress saved to output/scraping_progress.json
2025-05-02 23:35:52,695 - INFO - Processed department: ANAT
2025-05-02 23:35:52,695 - INFO - Progress saved to output/scraping_progress.json
2025-05-02 23:35:52,702 - INFO - Processed department: ANTH
2025-05-02 23:35:52,703 - INFO - Progress saved to output/scraping_progress.json
2025-05-02 23:35:52,709 - INFO - Processed department: APBI
2025-05-02 23:35:52,710 - INFO - Progress saved to output/scraping_progress.json
2025-05-02 23:35:52,716 - INFO - Processed department: APPP
2025-05-02 23:35:52,717 - INFO - Progress saved to output/scraping_progress.json
2025-05-02 23:35:52,724 - INFO - Processed department: APSC
2025-05-02 23:35:52,725 - INFO - Progress saved to output/scraping_progress.json
2025-05-02 23:35:52,731 - INFO - Processed department: AQUA
2025-05-02 23:35:52,732 - INFO - Progress saved to output/scraping_progress.json
2025-05-02 23:35:52,738 - INFO - Processed department: ARBC
2025-05-02 23:35:52,739 - INFO - Progress saved to output/scraping_progress.json
2025-05-02 23:35:52,745 - INFO - Processed department: ARBM
2025-05-02 23:35:52,746 - INFO - Progress saved to output/scraping_progress.json
2025-05-02 23:35:52,754 - INFO - Processed department: ARCH
2025-05-02 23:35:52,755 - INFO - Progress saved to output/scraping_progress.json
2025-05-02 23:35:52,762 - INFO - Processed department: ARCL
2025-05-02 23:35:52,762 - INFO - Progress saved to output/scraping_progress.json
2025-05-02 23:35:52,769 - INFO - Processed department: ARST
2025-05-02 23:35:52,770 - INFO - Progress saved to output/scraping_progress.json
2025-05-02 23:35:52,776 - INFO - Processed department: ARTC
2025-05-02 23:35:52,777 - INFO - Progress saved to output/scraping_progress.json
2025-05-02 23:35:52,783 - INFO - Processed department: ARTH
2025-05-02 23:35:52,784 - INFO - Progress saved to output/scraping_progress.json
2025-05-02 23:35:52,791 - INFO - Processed department: ARTS
2025-05-02 23:35:52,792 - INFO - Progress saved to output/scraping_progress.json
2025-05-02 23:35:52,798 - INFO - Processed department: ASIA
2025-05-02 23:35:52,799 - INFO - Progress saved to output/scraping_progress.json
2025-05-02 23:35:52,806 - INFO - Processed department: ASIC
2025-05-02 23:35:52,807 - INFO - Progress saved to output/scraping_progress.json
2025-05-02 23:35:52,813 - INFO - Processed department: ASIX
2025-05-02 23:35:52,814 - INFO - Progress saved to output/scraping_progress.json
2025-05-02 23:35:52,820 - INFO - Processed department: ASL
2025-05-02 23:35:52,821 - INFO - Progress saved to output/scraping_progress.json
2025-05-02 23:35:52,828 - INFO - Processed department: ASTR
2025-05-02 23:35:52,828 - INFO - Progress saved to output/scraping_progress.json
2025-05-02 23:35:52,835 - INFO - Processed department: ASTU
2025-05-02 23:35:52,836 - INFO - Progress saved to output/scraping_progress.json
2025-05-02 23:35:52,843 - INFO - Processed department: ATSC
2025-05-02 23:35:52,844 - INFO - Progress saved to output/scraping_progress.json
2025-05-02 23:35:52,851 - INFO - Processed department: AUDI
2025-05-02 23:35:52,852 - INFO - Progress saved to output/scraping_progress.json
2025-05-02 23:35:52,859 - INFO - Processed department: BA
2025-05-02 23:35:52,860 - INFO - Progress saved to output/scraping_progress.json
2025-05-02 23:35:52,866 - INFO - Processed department: BAAC
2025-05-02 23:35:52,867 - INFO - Progress saved to output/scraping_progress.json
2025-05-02 23:35:52,874 - INFO - Processed department: BABS
2025-05-02 23:35:52,875 - INFO - Progress saved to output/scraping_progress.json
2025-05-02 23:35:52,881 - INFO - Processed department: BAEN
2025-05-02 23:35:52,882 - INFO - Progress saved to output/scraping_progress.json
2025-05-02 23:35:52,888 - INFO - Processed department: BAFI
2025-05-02 23:35:52,889 - INFO - Progress saved to output/scraping_progress.json
2025-05-02 23:35:52,896 - INFO - Processed department: BAHR
2025-05-02 23:35:52,896 - INFO - Progress saved to output/scraping_progress.json
2025-05-02 23:35:52,903 - INFO - Processed department: BAIT
2025-05-02 23:35:52,904 - INFO - Progress saved to output/scraping_progress.json
2025-05-02 23:35:52,910 - INFO - Processed department: BALA
2025-05-02 23:35:52,911 - INFO - Progress saved to output/scraping_progress.json
2025-05-02 23:35:52,917 - INFO - Processed department: BAMA
2025-05-02 23:35:52,918 - INFO - Progress saved to output/scraping_progress.json
2025-05-02 23:35:52,924 - INFO - Processed department: BAMS
2025-05-02 23:35:52,925 - INFO - Progress saved to output/scraping_progress.json
2025-05-02 23:35:52,932 - INFO - Processed department: BAPA
2025-05-02 23:35:52,932 - INFO - Progress saved to output/scraping_progress.json
2025-05-02 23:35:52,939 - INFO - Processed department: BASC
2025-05-02 23:35:52,940 - INFO - Progress saved to output/scraping_progress.json
2025-05-02 23:35:52,946 - INFO - Processed department: BASM
2025-05-02 23:35:52,947 - INFO - Progress saved to output/scraping_progress.json
2025-05-02 23:35:52,953 - INFO - Processed department: BAUL
2025-05-02 23:35:52,954 - INFO - Progress saved to output/scraping_progress.json
2025-05-02 23:35:52,960 - INFO - Processed department: BEST
2025-05-02 23:35:52,961 - INFO - Progress saved to output/scraping_progress.json
2025-05-02 23:35:52,967 - INFO - Processed department: BIOC
2025-05-02 23:35:52,968 - INFO - Progress saved to output/scraping_progress.json
2025-05-02 23:35:52,974 - INFO - Processed department: BIOF
2025-05-02 23:35:52,975 - INFO - Progress saved to output/scraping_progress.json
2025-05-02 23:35:52,981 - INFO - Processed department: BIOL
2025-05-02 23:35:52,982 - INFO - Progress saved to output/scraping_progress.json
2025-05-02 23:35:52,988 - INFO - Processed department: BIOT
2025-05-02 23:35:52,989 - INFO - Progress saved to output/scraping_progress.json
2025-05-02 23:35:52,995 - INFO - Processed department: BMEG
2025-05-02 23:35:52,996 - INFO - Progress saved to output/scraping_progress.json
2025-05-02 23:35:53,002 - INFO - Processed department: BOTA
2025-05-02 23:35:53,003 - INFO - Progress saved to output/scraping_progress.json
2025-05-02 23:35:53,009 - INFO - Processed department: BRDG
2025-05-02 23:35:53,010 - INFO - Progress saved to output/scraping_progress.json
2025-05-02 23:35:53,016 - INFO - Processed department: BUSI
2025-05-02 23:35:53,017 - INFO - Progress saved to output/scraping_progress.json
2025-05-02 23:35:53,023 - INFO - Processed department: CAPS
2025-05-02 23:35:53,024 - INFO - Progress saved to output/scraping_progress.json
2025-05-02 23:35:53,030 - INFO - Processed department: CCFI
2025-05-02 23:35:53,031 - INFO - Progress saved to output/scraping_progress.json
2025-05-02 23:35:53,038 - INFO - Processed department: CCST
2025-05-02 23:35:53,039 - INFO - Progress saved to output/scraping_progress.json
2025-05-02 23:35:53,045 - INFO - Processed department: CDST
2025-05-02 23:35:53,046 - INFO - Progress saved to output/scraping_progress.json
2025-05-02 23:35:53,052 - INFO - Processed department: CEEN
2025-05-02 23:35:53,053 - INFO - Progress saved to output/scraping_progress.json
2025-05-02 23:35:53,059 - INFO - Processed department: CELL
2025-05-02 23:35:53,060 - INFO - Progress saved to output/scraping_progress.json
2025-05-02 23:35:53,066 - INFO - Processed department: CENS
2025-05-02 23:35:53,067 - INFO - Progress saved to output/scraping_progress.json
2025-05-02 23:35:53,073 - INFO - Processed department: CHBE
2025-05-02 23:35:53,074 - INFO - Progress saved to output/scraping_progress.json
2025-05-02 23:35:53,080 - INFO - Processed department: CHEM
2025-05-02 23:35:53,081 - INFO - Progress saved to output/scraping_progress.json
2025-05-02 23:35:53,088 - INFO - Processed department: CHIL
2025-05-02 23:35:53,088 - INFO - Progress saved to output/scraping_progress.json
2025-05-02 23:35:53,095 - INFO - Processed department: CHIN
2025-05-02 23:35:53,095 - INFO - Progress saved to output/scraping_progress.json
2025-05-02 23:35:53,102 - INFO - Processed department: CINE
2025-05-02 23:35:53,102 - INFO - Progress saved to output/scraping_progress.json
2025-05-02 23:35:53,109 - INFO - Processed department: CIVL
2025-05-02 23:35:53,110 - INFO - Progress saved to output/scraping_progress.json
2025-05-02 23:35:53,116 - INFO - Processed department: CLCH
2025-05-02 23:35:53,117 - INFO - Progress saved to output/scraping_progress.json
2025-05-02 23:35:53,123 - INFO - Processed department: CLST
2025-05-02 23:35:53,124 - INFO - Progress saved to output/scraping_progress.json
2025-05-02 23:35:53,131 - INFO - Processed department: CMST
2025-05-02 23:35:53,131 - INFO - Progress saved to output/scraping_progress.json
2025-05-02 23:35:53,138 - INFO - Processed department: CNPS
2025-05-02 23:35:53,139 - INFO - Progress saved to output/scraping_progress.json
2025-05-02 23:35:53,145 - INFO - Processed department: CNRS
2025-05-02 23:35:53,146 - INFO - Progress saved to output/scraping_progress.json
2025-05-02 23:35:53,152 - INFO - Processed department: CNTO
2025-05-02 23:35:53,153 - INFO - Progress saved to output/scraping_progress.json
2025-05-02 23:35:53,159 - INFO - Processed department: COEC
2025-05-02 23:35:53,160 - INFO - Progress saved to output/scraping_progress.json
2025-05-02 23:35:53,166 - INFO - Processed department: COGS
2025-05-02 23:35:53,167 - INFO - Progress saved to output/scraping_progress.json
2025-05-02 23:35:53,173 - INFO - Processed department: COHR
2025-05-02 23:35:53,174 - INFO - Progress saved to output/scraping_progress.json
2025-05-02 23:35:53,180 - INFO - Processed department: COLX
2025-05-02 23:35:53,181 - INFO - Progress saved to output/scraping_progress.json
2025-05-02 23:35:53,190 - INFO - Processed department: COMM
2025-05-02 23:35:53,191 - INFO - Progress saved to output/scraping_progress.json
2025-05-02 23:35:53,198 - INFO - Processed department: COMR
2025-05-02 23:35:53,198 - INFO - Progress saved to output/scraping_progress.json
2025-05-02 23:35:53,205 - INFO - Processed department: CONS
2025-05-02 23:35:53,206 - INFO - Progress saved to output/scraping_progress.json
2025-05-02 23:35:53,213 - INFO - Processed department: CPEN
2025-05-02 23:35:53,214 - INFO - Progress saved to output/scraping_progress.json
2025-05-02 23:35:53,220 - INFO - Processed department: CPSC
2025-05-02 23:35:53,221 - INFO - Progress saved to output/scraping_progress.json
2025-05-02 23:35:53,227 - INFO - Processed department: CRWR
2025-05-02 23:35:53,228 - INFO - Progress saved to output/scraping_progress.json
2025-05-02 23:35:53,236 - INFO - Processed department: CSIS
2025-05-02 23:35:53,238 - INFO - Progress saved to output/scraping_progress.json
2025-05-02 23:35:53,245 - INFO - Processed department: CSPW
2025-05-02 23:35:53,246 - INFO - Progress saved to output/scraping_progress.json
2025-05-02 23:35:53,253 - INFO - Processed department: CTLN
2025-05-02 23:35:53,254 - INFO - Progress saved to output/scraping_progress.json
2025-05-02 23:35:53,260 - INFO - Processed department: DANI
2025-05-02 23:35:53,261 - INFO - Progress saved to output/scraping_progress.json
2025-05-02 23:35:53,269 - INFO - Processed department: DENT
2025-05-02 23:35:53,269 - INFO - Progress saved to output/scraping_progress.json
2025-05-02 23:35:53,277 - INFO - Processed department: DES
2025-05-02 23:35:53,278 - INFO - Progress saved to output/scraping_progress.json
2025-05-02 23:35:53,285 - INFO - Processed department: DHYG
2025-05-02 23:35:53,286 - INFO - Progress saved to output/scraping_progress.json
2025-05-02 23:35:53,292 - INFO - Processed department: DMED
2025-05-02 23:35:53,293 - INFO - Progress saved to output/scraping_progress.json
2025-05-02 23:35:53,300 - INFO - Processed department: DSCI
2025-05-02 23:35:53,301 - INFO - Progress saved to output/scraping_progress.json
2025-05-02 23:35:53,307 - INFO - Processed department: ECED
2025-05-02 23:35:53,308 - INFO - Progress saved to output/scraping_progress.json
2025-05-02 23:35:53,314 - INFO - Processed department: ECON
2025-05-02 23:35:53,315 - INFO - Progress saved to output/scraping_progress.json
2025-05-02 23:35:53,322 - INFO - Processed department: ECPS
2025-05-02 23:35:53,323 - INFO - Progress saved to output/scraping_progress.json
2025-05-02 23:35:53,329 - INFO - Processed department: EDCP
2025-05-02 23:35:53,330 - INFO - Progress saved to output/scraping_progress.json
2025-05-02 23:35:53,337 - INFO - Processed department: EDST
2025-05-02 23:35:53,338 - INFO - Progress saved to output/scraping_progress.json
2025-05-02 23:35:53,344 - INFO - Processed department: EDUC
2025-05-02 23:35:53,345 - INFO - Progress saved to output/scraping_progress.json
2025-05-02 23:35:53,352 - INFO - Processed department: EECE
2025-05-02 23:35:53,353 - INFO - Progress saved to output/scraping_progress.json
2025-05-02 23:35:53,360 - INFO - Processed department: ELEC
2025-05-02 23:35:53,361 - INFO - Progress saved to output/scraping_progress.json
2025-05-02 23:35:53,368 - INFO - Processed department: ENDS
2025-05-02 23:35:53,369 - INFO - Progress saved to output/scraping_progress.json
2025-05-02 23:35:53,376 - INFO - Processed department: ENGL
2025-05-02 23:35:53,377 - INFO - Progress saved to output/scraping_progress.json
2025-05-02 23:35:53,384 - INFO - Processed department: ENPH
2025-05-02 23:35:53,385 - INFO - Progress saved to output/scraping_progress.json
2025-05-02 23:35:53,393 - INFO - Processed department: ENST
2025-05-02 23:35:53,394 - INFO - Progress saved to output/scraping_progress.json
2025-05-02 23:35:53,401 - INFO - Processed department: ENVE
2025-05-02 23:35:53,402 - INFO - Progress saved to output/scraping_progress.json
2025-05-02 23:35:53,409 - INFO - Processed department: ENVR
2025-05-02 23:35:53,410 - INFO - Progress saved to output/scraping_progress.json
2025-05-02 23:35:53,417 - INFO - Processed department: EOSC
2025-05-02 23:35:53,418 - INFO - Progress saved to output/scraping_progress.json
2025-05-02 23:35:53,425 - INFO - Processed department: EPSE
2025-05-02 23:35:53,426 - INFO - Progress saved to output/scraping_progress.json
2025-05-02 23:35:53,432 - INFO - Processed department: ETEC
2025-05-02 23:35:53,433 - INFO - Progress saved to output/scraping_progress.json
2025-05-02 23:35:53,440 - INFO - Processed department: EXCH
2025-05-02 23:35:53,441 - INFO - Progress saved to output/scraping_progress.json
2025-05-02 23:35:53,447 - INFO - Processed department: EXGR
2025-05-02 23:35:53,448 - INFO - Progress saved to output/scraping_progress.json
2025-05-02 23:35:53,454 - INFO - Processed department: FCOR
2025-05-02 23:35:53,455 - INFO - Progress saved to output/scraping_progress.json
2025-05-02 23:35:53,461 - INFO - Processed department: FIPR
2025-05-02 23:35:53,462 - INFO - Progress saved to output/scraping_progress.json
2025-05-02 23:35:53,469 - INFO - Processed department: FISH
2025-05-02 23:35:53,470 - INFO - Progress saved to output/scraping_progress.json
2025-05-02 23:35:53,476 - INFO - Processed department: FIST
2025-05-02 23:35:53,477 - INFO - Progress saved to output/scraping_progress.json
2025-05-02 23:35:53,483 - INFO - Processed department: FMST
2025-05-02 23:35:53,484 - INFO - Progress saved to output/scraping_progress.json
2025-05-02 23:35:53,490 - INFO - Processed department: FNEL
2025-05-02 23:35:53,491 - INFO - Progress saved to output/scraping_progress.json
2025-05-02 23:35:53,498 - INFO - Processed department: FNH
2025-05-02 23:35:53,499 - INFO - Progress saved to output/scraping_progress.json
2025-05-02 23:35:53,505 - INFO - Processed department: FNIS
2025-05-02 23:35:53,506 - INFO - Progress saved to output/scraping_progress.json
2025-05-02 23:35:53,512 - INFO - Processed department: FOOD
2025-05-02 23:35:53,513 - INFO - Progress saved to output/scraping_progress.json
2025-05-02 23:35:53,520 - INFO - Processed department: FOPE
2025-05-02 23:35:53,521 - INFO - Progress saved to output/scraping_progress.json
2025-05-02 23:35:53,527 - INFO - Processed department: FOPR
2025-05-02 23:35:53,528 - INFO - Progress saved to output/scraping_progress.json
2025-05-02 23:35:53,534 - INFO - Processed department: FRE
2025-05-02 23:35:53,535 - INFO - Progress saved to output/scraping_progress.json
2025-05-02 23:35:53,542 - INFO - Processed department: FREN
2025-05-02 23:35:53,543 - INFO - Progress saved to output/scraping_progress.json
2025-05-02 23:35:53,549 - INFO - Processed department: FRST
2025-05-02 23:35:53,550 - INFO - Progress saved to output/scraping_progress.json
2025-05-02 23:35:53,556 - INFO - Processed department: FSCT
2025-05-02 23:35:53,558 - INFO - Progress saved to output/scraping_progress.json
2025-05-02 23:35:53,564 - INFO - Processed department: GBPR
2025-05-02 23:35:53,565 - INFO - Progress saved to output/scraping_progress.json
2025-05-02 23:35:53,571 - INFO - Processed department: GEM
2025-05-02 23:35:53,572 - INFO - Progress saved to output/scraping_progress.json
2025-05-02 23:35:53,578 - INFO - Processed department: GENE
2025-05-02 23:35:53,579 - INFO - Progress saved to output/scraping_progress.json
2025-05-02 23:35:53,585 - INFO - Processed department: GEOB
2025-05-02 23:35:53,586 - INFO - Progress saved to output/scraping_progress.json
2025-05-02 23:35:53,592 - INFO - Processed department: GEOG
2025-05-02 23:35:53,593 - INFO - Progress saved to output/scraping_progress.json
2025-05-02 23:35:53,600 - INFO - Processed department: GEOS
2025-05-02 23:35:53,601 - INFO - Progress saved to output/scraping_progress.json
2025-05-02 23:35:53,607 - INFO - Processed department: GERM
2025-05-02 23:35:53,608 - INFO - Progress saved to output/scraping_progress.json
2025-05-02 23:35:53,614 - INFO - Processed department: GERN
2025-05-02 23:35:53,615 - INFO - Progress saved to output/scraping_progress.json
2025-05-02 23:35:53,621 - INFO - Processed department: GMST
2025-05-02 23:35:53,622 - INFO - Progress saved to output/scraping_progress.json
2025-05-02 23:35:53,629 - INFO - Processed department: GPP
2025-05-02 23:35:53,630 - INFO - Progress saved to output/scraping_progress.json
2025-05-02 23:35:53,636 - INFO - Processed department: GREK
2025-05-02 23:35:53,637 - INFO - Progress saved to output/scraping_progress.json
2025-05-02 23:35:53,643 - INFO - Processed department: GRS
2025-05-02 23:35:53,644 - INFO - Progress saved to output/scraping_progress.json
2025-05-02 23:35:53,651 - INFO - Processed department: GRSJ
2025-05-02 23:35:53,652 - INFO - Progress saved to output/scraping_progress.json
2025-05-02 23:35:53,659 - INFO - Processed department: GSAT
2025-05-02 23:35:53,660 - INFO - Progress saved to output/scraping_progress.json
2025-05-02 23:35:53,667 - INFO - Processed department: HEBR
2025-05-02 23:35:53,668 - INFO - Progress saved to output/scraping_progress.json
2025-05-02 23:35:53,674 - INFO - Processed department: HESO
2025-05-02 23:35:53,675 - INFO - Progress saved to output/scraping_progress.json
2025-05-02 23:35:53,681 - INFO - Processed department: HGSE
2025-05-02 23:35:53,683 - INFO - Progress saved to output/scraping_progress.json
2025-05-02 23:35:53,689 - INFO - Processed department: HINU
2025-05-02 23:35:53,690 - INFO - Progress saved to output/scraping_progress.json
2025-05-02 23:35:53,696 - INFO - Processed department: HIST
2025-05-02 23:35:53,697 - INFO - Progress saved to output/scraping_progress.json
2025-05-02 23:35:53,704 - INFO - Processed department: HPB
2025-05-02 23:35:53,705 - INFO - Progress saved to output/scraping_progress.json
2025-05-02 23:35:53,711 - INFO - Processed department: HUNU
2025-05-02 23:35:53,712 - INFO - Progress saved to output/scraping_progress.json
2025-05-02 23:35:53,719 - INFO - Processed department: IGEN
2025-05-02 23:35:53,720 - INFO - Progress saved to output/scraping_progress.json
2025-05-02 23:35:53,726 - INFO - Processed department: INDE
2025-05-02 23:35:53,727 - INFO - Progress saved to output/scraping_progress.json
2025-05-02 23:35:53,734 - INFO - Processed department: INDS
2025-05-02 23:35:53,735 - INFO - Progress saved to output/scraping_progress.json
2025-05-02 23:35:53,741 - INFO - Processed department: INFO
2025-05-02 23:35:53,742 - INFO - Progress saved to output/scraping_progress.json
2025-05-02 23:35:53,748 - INFO - Processed department: INLB
2025-05-02 23:35:53,749 - INFO - Progress saved to output/scraping_progress.json
2025-05-02 23:35:53,756 - INFO - Processed department: ISCI
2025-05-02 23:35:53,757 - INFO - Progress saved to output/scraping_progress.json
2025-05-02 23:35:53,763 - INFO - Processed department: ITAL
2025-05-02 23:35:53,764 - INFO - Progress saved to output/scraping_progress.json
2025-05-02 23:35:53,770 - INFO - Processed department: ITST
2025-05-02 23:35:53,772 - INFO - Progress saved to output/scraping_progress.json
2025-05-02 23:35:53,778 - INFO - Processed department: IWME
2025-05-02 23:35:53,780 - INFO - Progress saved to output/scraping_progress.json
2025-05-02 23:35:53,787 - INFO - Processed department: JAPN
2025-05-02 23:35:53,789 - INFO - Progress saved to output/scraping_progress.json
2025-05-02 23:35:53,796 - INFO - Processed department: JRNL
2025-05-02 23:35:53,797 - INFO - Progress saved to output/scraping_progress.json
2025-05-02 23:35:53,805 - INFO - Processed department: KIN
2025-05-02 23:35:53,806 - INFO - Progress saved to output/scraping_progress.json
2025-05-02 23:35:53,814 - INFO - Processed department: KORN
2025-05-02 23:35:53,815 - INFO - Progress saved to output/scraping_progress.json
2025-05-02 23:35:53,822 - INFO - Processed department: LAIS
2025-05-02 23:35:53,823 - INFO - Progress saved to output/scraping_progress.json
2025-05-02 23:35:53,829 - INFO - Processed department: LARC
2025-05-02 23:35:53,830 - INFO - Progress saved to output/scraping_progress.json
2025-05-02 23:35:53,837 - INFO - Processed department: LASO
2025-05-02 23:35:53,838 - INFO - Progress saved to output/scraping_progress.json
2025-05-02 23:35:53,844 - INFO - Processed department: LAST
2025-05-02 23:35:53,845 - INFO - Progress saved to output/scraping_progress.json
2025-05-02 23:35:53,852 - INFO - Processed department: LATN
2025-05-02 23:35:53,853 - INFO - Progress saved to output/scraping_progress.json
2025-05-02 23:35:53,859 - INFO - Processed department: LAW
2025-05-02 23:35:53,860 - INFO - Progress saved to output/scraping_progress.json
2025-05-02 23:35:53,867 - INFO - Processed department: LFS
2025-05-02 23:35:53,868 - INFO - Progress saved to output/scraping_progress.json
2025-05-02 23:35:53,874 - INFO - Processed department: LIBE
2025-05-02 23:35:53,875 - INFO - Progress saved to output/scraping_progress.json
2025-05-02 23:35:53,883 - INFO - Processed department: LIBR
2025-05-02 23:35:53,884 - INFO - Progress saved to output/scraping_progress.json
2025-05-02 23:35:53,891 - INFO - Processed department: LING
2025-05-02 23:35:53,893 - INFO - Progress saved to output/scraping_progress.json
2025-05-02 23:35:53,899 - INFO - Processed department: LLED
2025-05-02 23:35:53,900 - INFO - Progress saved to output/scraping_progress.json
2025-05-02 23:35:53,907 - INFO - Processed department: LWS
2025-05-02 23:35:53,908 - INFO - Progress saved to output/scraping_progress.json
2025-05-02 23:35:53,914 - INFO - Processed department: MANU
2025-05-02 23:35:53,915 - INFO - Progress saved to output/scraping_progress.json
2025-05-02 23:35:53,921 - INFO - Processed department: MATH
2025-05-02 23:35:53,922 - INFO - Progress saved to output/scraping_progress.json
2025-05-02 23:35:53,929 - INFO - Processed department: MDIA
2025-05-02 23:35:53,930 - INFO - Progress saved to output/scraping_progress.json
2025-05-02 23:35:53,936 - INFO - Processed department: MDVL
2025-05-02 23:35:53,937 - INFO - Progress saved to output/scraping_progress.json
2025-05-02 23:35:53,943 - INFO - Processed department: MECH
2025-05-02 23:35:53,945 - INFO - Progress saved to output/scraping_progress.json
2025-05-02 23:35:53,951 - INFO - Processed department: MEDD
2025-05-02 23:35:53,952 - INFO - Progress saved to output/scraping_progress.json
2025-05-02 23:35:53,959 - INFO - Processed department: MEDG
2025-05-02 23:35:53,960 - INFO - Progress saved to output/scraping_progress.json
2025-05-02 23:35:53,966 - INFO - Processed department: MEDI
2025-05-02 23:35:53,967 - INFO - Progress saved to output/scraping_progress.json
2025-05-02 23:35:53,973 - INFO - Processed department: MES
2025-05-02 23:35:53,974 - INFO - Progress saved to output/scraping_progress.json
2025-05-02 23:35:53,980 - INFO - Processed department: MICB
2025-05-02 23:35:53,981 - INFO - Progress saved to output/scraping_progress.json
2025-05-02 23:35:53,989 - INFO - Processed department: MIDW
2025-05-02 23:35:53,990 - INFO - Progress saved to output/scraping_progress.json
2025-05-02 23:35:53,996 - INFO - Processed department: MINE
2025-05-02 23:35:53,998 - INFO - Progress saved to output/scraping_progress.json
2025-05-02 23:35:54,005 - INFO - Processed department: MRNE
2025-05-02 23:35:54,006 - INFO - Progress saved to output/scraping_progress.json
2025-05-02 23:35:54,012 - INFO - Processed department: MTRL
2025-05-02 23:35:54,013 - INFO - Progress saved to output/scraping_progress.json
2025-05-02 23:35:54,019 - INFO - Processed department: MUSC
2025-05-02 23:35:54,021 - INFO - Progress saved to output/scraping_progress.json
2025-05-02 23:35:54,027 - INFO - Processed department: NAME
2025-05-02 23:35:54,028 - INFO - Progress saved to output/scraping_progress.json
2025-05-02 23:35:54,037 - INFO - Processed department: NEST
2025-05-02 23:35:54,039 - INFO - Progress saved to output/scraping_progress.json
2025-05-02 23:35:54,045 - INFO - Processed department: NORD
2025-05-02 23:35:54,046 - INFO - Progress saved to output/scraping_progress.json
2025-05-02 23:35:54,052 - INFO - Processed department: NRSC
2025-05-02 23:35:54,054 - INFO - Progress saved to output/scraping_progress.json
2025-05-02 23:35:54,060 - INFO - Processed department: NSCI
2025-05-02 23:35:54,061 - INFO - Progress saved to output/scraping_progress.json
2025-05-02 23:35:54,067 - INFO - Processed department: NURS
2025-05-02 23:35:54,069 - INFO - Progress saved to output/scraping_progress.json
2025-05-02 23:35:54,075 - INFO - Processed department: OBST
2025-05-02 23:35:54,076 - INFO - Progress saved to output/scraping_progress.json
2025-05-02 23:35:54,082 - INFO - Processed department: ONCO
2025-05-02 23:35:54,083 - INFO - Progress saved to output/scraping_progress.json
2025-05-02 23:35:54,089 - INFO - Processed department: ORNT
2025-05-02 23:35:54,091 - INFO - Progress saved to output/scraping_progress.json
2025-05-02 23:35:54,097 - INFO - Processed department: ORPA
2025-05-02 23:35:54,098 - INFO - Progress saved to output/scraping_progress.json
2025-05-02 23:35:54,104 - INFO - Processed department: OSOT
2025-05-02 23:35:54,105 - INFO - Progress saved to output/scraping_progress.json
2025-05-02 23:35:54,112 - INFO - Processed department: PATH
2025-05-02 23:35:54,113 - INFO - Progress saved to output/scraping_progress.json
2025-05-02 23:35:54,119 - INFO - Processed department: PCTH
2025-05-02 23:35:54,120 - INFO - Progress saved to output/scraping_progress.json
2025-05-02 23:35:54,127 - INFO - Processed department: PERS
2025-05-02 23:35:54,128 - INFO - Progress saved to output/scraping_progress.json
2025-05-02 23:35:54,134 - INFO - Processed department: PHAR
2025-05-02 23:35:54,136 - INFO - Progress saved to output/scraping_progress.json
2025-05-02 23:35:54,142 - INFO - Processed department: PHIL
2025-05-02 23:35:54,143 - INFO - Progress saved to output/scraping_progress.json
2025-05-02 23:35:54,149 - INFO - Processed department: PHRM
2025-05-02 23:35:54,151 - INFO - Progress saved to output/scraping_progress.json
2025-05-02 23:35:54,158 - INFO - Processed department: PHTH
2025-05-02 23:35:54,160 - INFO - Progress saved to output/scraping_progress.json
2025-05-02 23:35:54,166 - INFO - Processed department: PHYL
2025-05-02 23:35:54,167 - INFO - Progress saved to output/scraping_progress.json
2025-05-02 23:35:54,174 - INFO - Processed department: PHYS
2025-05-02 23:35:54,175 - INFO - Progress saved to output/scraping_progress.json
2025-05-02 23:35:54,183 - INFO - Processed department: PLAN
2025-05-02 23:35:54,184 - INFO - Progress saved to output/scraping_progress.json
2025-05-02 23:35:54,191 - INFO - Processed department: PLNT
2025-05-02 23:35:54,192 - INFO - Progress saved to output/scraping_progress.json
2025-05-02 23:35:54,199 - INFO - Processed department: POLI
2025-05-02 23:35:54,200 - INFO - Progress saved to output/scraping_progress.json
2025-05-02 23:35:54,207 - INFO - Processed department: POLS
2025-05-02 23:35:54,209 - INFO - Progress saved to output/scraping_progress.json
2025-05-02 23:35:54,216 - INFO - Processed department: PORT
2025-05-02 23:35:54,217 - INFO - Progress saved to output/scraping_progress.json
2025-05-02 23:35:54,224 - INFO - Processed department: PPGA
2025-05-02 23:35:54,225 - INFO - Progress saved to output/scraping_progress.json
2025-05-02 23:35:54,232 - INFO - Processed department: PSYC
2025-05-02 23:35:54,234 - INFO - Progress saved to output/scraping_progress.json
2025-05-02 23:35:54,241 - INFO - Processed department: PSYT
2025-05-02 23:35:54,242 - INFO - Progress saved to output/scraping_progress.json
2025-05-02 23:35:54,249 - INFO - Processed department: PUNJ
2025-05-02 23:35:54,251 - INFO - Progress saved to output/scraping_progress.json
2025-05-02 23:35:54,258 - INFO - Processed department: RADS
2025-05-02 23:35:54,259 - INFO - Progress saved to output/scraping_progress.json
2025-05-02 23:35:54,267 - INFO - Processed department: RELG
2025-05-02 23:35:54,269 - INFO - Progress saved to output/scraping_progress.json
2025-05-02 23:35:54,276 - INFO - Processed department: RES
2025-05-02 23:35:54,280 - INFO - Progress saved to output/scraping_progress.json
2025-05-02 23:35:54,287 - INFO - Processed department: RGLA
2025-05-02 23:35:54,289 - INFO - Progress saved to output/scraping_progress.json
2025-05-02 23:35:54,297 - INFO - Processed department: RGST
2025-05-02 23:35:54,298 - INFO - Progress saved to output/scraping_progress.json
2025-05-02 23:35:54,311 - INFO - Processed department: RHSC
2025-05-02 23:35:54,312 - INFO - Progress saved to output/scraping_progress.json
2025-05-02 23:35:54,319 - INFO - Processed department: RMST
2025-05-02 23:35:54,321 - INFO - Progress saved to output/scraping_progress.json
2025-05-02 23:35:54,328 - INFO - Processed department: RUSS
2025-05-02 23:35:54,329 - INFO - Progress saved to output/scraping_progress.json
2025-05-02 23:35:54,336 - INFO - Processed department: SANS
2025-05-02 23:35:54,337 - INFO - Progress saved to output/scraping_progress.json
2025-05-02 23:35:54,345 - INFO - Processed department: SCAN
2025-05-02 23:35:54,346 - INFO - Progress saved to output/scraping_progress.json
2025-05-02 23:35:54,353 - INFO - Processed department: SCIE
2025-05-02 23:35:54,354 - INFO - Progress saved to output/scraping_progress.json
2025-05-02 23:35:54,360 - INFO - Processed department: SLAV
2025-05-02 23:35:54,362 - INFO - Progress saved to output/scraping_progress.json
2025-05-02 23:35:54,368 - INFO - Processed department: SOAL
2025-05-02 23:35:54,370 - INFO - Progress saved to output/scraping_progress.json
2025-05-02 23:35:54,376 - INFO - Processed department: SOCI
2025-05-02 23:35:54,378 - INFO - Progress saved to output/scraping_progress.json
2025-05-02 23:35:54,384 - INFO - Processed department: SOIL
2025-05-02 23:35:54,385 - INFO - Progress saved to output/scraping_progress.json
2025-05-02 23:35:54,392 - INFO - Processed department: SOWK
2025-05-02 23:35:54,393 - INFO - Progress saved to output/scraping_progress.json
2025-05-02 23:35:54,399 - INFO - Processed department: SPAN
2025-05-02 23:35:54,401 - INFO - Progress saved to output/scraping_progress.json
2025-05-02 23:35:54,407 - INFO - Processed department: SPE
2025-05-02 23:35:54,408 - INFO - Progress saved to output/scraping_progress.json
2025-05-02 23:35:54,415 - INFO - Processed department: SPHA
2025-05-02 23:35:54,416 - INFO - Progress saved to output/scraping_progress.json
2025-05-02 23:35:54,422 - INFO - Processed department: SPPH
2025-05-02 23:35:54,424 - INFO - Progress saved to output/scraping_progress.json
2025-05-02 23:35:54,430 - INFO - Processed department: STAT
2025-05-02 23:35:54,432 - INFO - Progress saved to output/scraping_progress.json
2025-05-02 23:35:54,438 - INFO - Processed department: STS
2025-05-02 23:35:54,440 - INFO - Progress saved to output/scraping_progress.json
2025-05-02 23:35:54,446 - INFO - Processed department: SURG
2025-05-02 23:35:54,447 - INFO - Progress saved to output/scraping_progress.json
2025-05-02 23:35:54,455 - INFO - Processed department: SWAH
2025-05-02 23:35:54,457 - INFO - Progress saved to output/scraping_progress.json
2025-05-02 23:35:54,463 - INFO - Processed department: SWED
2025-05-02 23:35:54,464 - INFO - Progress saved to output/scraping_progress.json
2025-05-02 23:35:54,471 - INFO - Processed department: THFL
2025-05-02 23:35:54,472 - INFO - Progress saved to output/scraping_progress.json
2025-05-02 23:35:54,478 - INFO - Processed department: THTR
2025-05-02 23:35:54,479 - INFO - Progress saved to output/scraping_progress.json
2025-05-02 23:35:54,485 - INFO - Processed department: TIBT
2025-05-02 23:35:54,487 - INFO - Progress saved to output/scraping_progress.json
2025-05-02 23:35:54,493 - INFO - Processed department: UDES
2025-05-02 23:35:54,494 - INFO - Progress saved to output/scraping_progress.json
2025-05-02 23:35:54,500 - INFO - Processed department: UFOR
2025-05-02 23:35:54,501 - INFO - Progress saved to output/scraping_progress.json
2025-05-02 23:35:54,508 - INFO - Processed department: UKRN
2025-05-02 23:35:54,509 - INFO - Progress saved to output/scraping_progress.json
2025-05-02 23:35:54,515 - INFO - Processed department: URST
2025-05-02 23:35:54,517 - INFO - Progress saved to output/scraping_progress.json
2025-05-02 23:35:54,523 - INFO - Processed department: URSY
2025-05-02 23:35:54,524 - INFO - Progress saved to output/scraping_progress.json
2025-05-02 23:35:54,530 - INFO - Processed department: VANT
2025-05-02 23:35:54,532 - INFO - Progress saved to output/scraping_progress.json
2025-05-02 23:35:54,538 - INFO - Processed department: VISA
2025-05-02 23:35:54,539 - INFO - Progress saved to output/scraping_progress.json
2025-05-02 23:35:54,545 - INFO - Processed department: VURS
2025-05-02 23:35:54,547 - INFO - Progress saved to output/scraping_progress.json
2025-05-02 23:35:54,553 - INFO - Processed department: WACH
2025-05-02 23:35:54,554 - INFO - Progress saved to output/scraping_progress.json
2025-05-02 23:35:54,560 - INFO - Processed department: WOOD
2025-05-02 23:35:54,562 - INFO - Progress saved to output/scraping_progress.json
2025-05-02 23:35:54,568 - INFO - Processed department: WRDS
2025-05-02 23:35:54,569 - INFO - Progress saved to output/scraping_progress.json
2025-05-02 23:35:54,575 - INFO - Processed department: ZOOL
2025-05-02 23:35:54,576 - INFO - Progress saved to output/scraping_progress.json
2025-05-02 23:35:54,577 - INFO - Successfully extracted data for 253 departments
2025-05-02 23:35:54,579 - INFO - Saved department data to output/departments/ubc_departments.csv
2025-05-02 23:35:54,580 - INFO - Progress saved to output/scraping_progress.json
2025-05-02 23:35:54,716 - INFO - Browser closed
2025-05-02 23:35:54,723 - INFO - Successfully scraped 253 departments for ubc
2025-05-02 23:35:54,724 - INFO - Waiting 3.74 seconds before next university
2025-05-02 23:35:58,468 - INFO - Processing university 7/144: umgc
2025-05-02 23:35:58,476 - INFO - Progress saved to output/scraping_progress.json
2025-05-02 23:35:58,477 - INFO - Departments for umgc already exist in output/departments/umgc_departments.csv, skipping
2025-05-02 23:35:58,480 - INFO - Loaded 126 existing departments for umgc
2025-05-02 23:35:58,485 - INFO - Progress saved to output/scraping_progress.json
2025-05-02 23:35:58,485 - INFO - Waiting 6.51 seconds before next university
2025-05-02 23:36:04,992 - INFO - Processing university 8/144: osu
2025-05-02 23:36:04,998 - INFO - Progress saved to output/scraping_progress.json
2025-05-02 23:36:04,998 - INFO - Departments for osu already exist in output/departments/osu_departments.csv, skipping
2025-05-02 23:36:05,001 - INFO - Loaded 247 existing departments for osu
2025-05-02 23:36:05,006 - INFO - Progress saved to output/scraping_progress.json
2025-05-02 23:36:05,006 - INFO - Waiting 7.57 seconds before next university
2025-05-02 23:36:12,582 - INFO - Processing university 9/144: mdc
2025-05-02 23:36:12,589 - INFO - Progress saved to output/scraping_progress.json
2025-05-02 23:36:12,589 - INFO - Departments for mdc already exist in output/departments/mdc_departments.csv, skipping
2025-05-02 23:36:12,592 - INFO - Loaded 214 existing departments for mdc
2025-05-02 23:36:12,596 - INFO - Progress saved to output/scraping_progress.json
2025-05-02 23:36:12,597 - INFO - Waiting 4.06 seconds before next university
2025-05-02 23:36:16,661 - INFO - Processing university 10/144: nyu
2025-05-02 23:36:16,668 - INFO - Progress saved to output/scraping_progress.json
2025-05-02 23:36:16,668 - INFO - Departments for nyu already exist in output/departments/nyu_departments.csv, skipping
2025-05-02 23:36:16,675 - INFO - Loaded 772 existing departments for nyu
2025-05-02 23:36:16,679 - INFO - Progress saved to output/scraping_progress.json
2025-05-02 23:36:16,679 - INFO - Waiting 6.34 seconds before next university
2025-05-02 23:36:23,026 - INFO - Processing university 11/144: illinois
2025-05-02 23:36:23,033 - INFO - Progress saved to output/scraping_progress.json
2025-05-02 23:36:23,033 - INFO - Departments for illinois already exist in output/departments/illinois_departments.csv, skipping
2025-05-02 23:36:23,034 - INFO - Loaded 212 existing departments for illinois
2025-05-02 23:36:23,038 - INFO - Progress saved to output/scraping_progress.json
2025-05-02 23:36:23,038 - INFO - Waiting 3.71 seconds before next university
2025-05-02 23:36:26,751 - INFO - Processing university 12/144: mdckendall
2025-05-02 23:36:26,756 - INFO - Progress saved to output/scraping_progress.json
2025-05-02 23:36:26,756 - INFO - Departments for mdckendall already exist in output/departments/mdckendall_departments.csv, skipping
2025-05-02 23:36:26,758 - INFO - Loaded 253 existing departments for mdckendall
2025-05-02 23:36:26,761 - INFO - Progress saved to output/scraping_progress.json
2025-05-02 23:36:26,761 - INFO - Waiting 7.63 seconds before next university
2025-05-02 23:36:34,393 - INFO - Processing university 13/144: uw
2025-05-02 23:36:34,401 - INFO - Progress saved to output/scraping_progress.json
2025-05-02 23:36:34,401 - INFO - Departments for uw already exist in output/departments/uw_departments.csv, skipping
2025-05-02 23:36:34,404 - INFO - Loaded 319 existing departments for uw
2025-05-02 23:36:34,409 - INFO - Progress saved to output/scraping_progress.json
2025-05-02 23:36:34,409 - INFO - Waiting 7.68 seconds before next university
2025-05-02 23:36:42,095 - INFO - Processing university 14/144: umn
2025-05-02 23:36:42,102 - INFO - Progress saved to output/scraping_progress.json
2025-05-02 23:36:42,103 - INFO - Departments for umn already exist in output/departments/umn_departments.csv, skipping
2025-05-02 23:36:42,106 - INFO - Loaded 339 existing departments for umn
2025-05-02 23:36:42,110 - INFO - Progress saved to output/scraping_progress.json
2025-05-02 23:36:42,110 - INFO - Waiting 4.77 seconds before next university
2025-05-02 23:36:46,894 - INFO - Processing university 15/144: ufl
2025-05-02 23:36:46,899 - INFO - Progress saved to output/scraping_progress.json
2025-05-02 23:36:46,900 - INFO - Starting department scraper for URL: https://www.coursicle.com/ufl/courses/
2025-05-02 23:36:49,095 - INFO - WebDriver set up successfully
2025-05-02 23:36:51,565 - INFO - Visited homepage first: https://www.coursicle.com/ufl/
2025-05-02 23:37:00,041 - INFO - Navigated to https://www.coursicle.com/ufl/courses/
2025-05-02 23:37:08,986 - WARNING - Error during human behavior simulation: empty range in randrange(773, -175)
2025-05-02 23:37:23,996 - WARNING - Timeout waiting for tile container, checking for bot detection
2025-05-02 23:37:29,155 - INFO - No 'More' button found or it's not needed
2025-05-02 23:37:29,161 - INFO - Found 0 department tiles
2025-05-02 23:37:36,522 - WARNING - Error during human behavior simulation: empty range in randrange(773, -175)
2025-05-02 23:37:36,523 - WARNING - No departments found, saving debug information
2025-05-02 23:37:36,524 - ERROR - Error during department scraping: cannot access local variable 'os' where it is not associated with a value
2025-05-02 23:37:36,749 - INFO - Browser closed
2025-05-02 23:37:36,750 - ERROR - Error processing university ufl: cannot access local variable 'os' where it is not associated with a value
2025-05-02 23:37:36,750 - INFO - Processing university 16/144: fiu
2025-05-02 23:37:36,753 - INFO - Progress saved to output/scraping_progress.json
2025-05-02 23:37:36,753 - INFO - Starting department scraper for URL: https://www.coursicle.com/fiu/courses/
2025-05-02 23:37:38,300 - INFO - WebDriver set up successfully
2025-05-02 23:37:43,841 - INFO - Visited homepage first: https://www.coursicle.com/fiu/
2025-05-02 23:37:52,825 - INFO - Navigated to https://www.coursicle.com/fiu/courses/
2025-05-02 23:38:03,566 - WARNING - Error during human behavior simulation: empty range in randrange(749, -151)
2025-05-02 23:38:18,992 - WARNING - Timeout waiting for tile container, checking for bot detection
2025-05-02 23:38:24,148 - INFO - No 'More' button found or it's not needed
2025-05-02 23:38:24,164 - INFO - Found 0 department tiles
2025-05-02 23:38:28,222 - WARNING - Error during human behavior simulation: empty range in randrange(749, -151)
2025-05-02 23:38:28,223 - WARNING - No departments found, saving debug information
2025-05-02 23:38:28,224 - ERROR - Error during department scraping: cannot access local variable 'os' where it is not associated with a value
2025-05-02 23:38:28,308 - INFO - Browser closed
2025-05-02 23:38:28,308 - ERROR - Error processing university fiu: cannot access local variable 'os' where it is not associated with a value
2025-05-02 23:38:28,308 - INFO - Processing university 17/144: nvccwoodbridge
2025-05-02 23:38:28,311 - INFO - Progress saved to output/scraping_progress.json
2025-05-02 23:38:28,311 - INFO - Departments for nvccwoodbridge already exist in output/departments/nvccwoodbridge_departments.csv, skipping
2025-05-02 23:38:28,314 - INFO - Loaded 65 existing departments for nvccwoodbridge
2025-05-02 23:38:28,316 - INFO - Progress saved to output/scraping_progress.json
2025-05-02 23:38:28,317 - INFO - Waiting 7.43 seconds before next university
2025-05-02 23:38:35,750 - INFO - Processing university 18/144: utexas
2025-05-02 23:38:35,757 - INFO - Progress saved to output/scraping_progress.json
2025-05-02 23:38:35,757 - INFO - Departments for utexas already exist in output/departments/utexas_departments.csv, skipping
2025-05-02 23:38:35,759 - INFO - Loaded 249 existing departments for utexas
2025-05-02 23:38:35,765 - INFO - Progress saved to output/scraping_progress.json
2025-05-02 23:38:35,766 - INFO - Waiting 4.55 seconds before next university
2025-05-02 23:38:40,319 - INFO - Processing university 19/144: arizona
2025-05-02 23:38:40,326 - INFO - Progress saved to output/scraping_progress.json
2025-05-02 23:38:40,326 - INFO - Departments for arizona already exist in output/departments/arizona_departments.csv, skipping
2025-05-02 23:38:40,328 - INFO - Loaded 278 existing departments for arizona
2025-05-02 23:38:40,333 - INFO - Progress saved to output/scraping_progress.json
2025-05-02 23:38:40,333 - INFO - Waiting 6.80 seconds before next university
2025-05-02 23:38:47,142 - INFO - Processing university 20/144: purdue
2025-05-02 23:38:47,148 - INFO - Progress saved to output/scraping_progress.json
2025-05-02 23:38:47,148 - INFO - Departments for purdue already exist in output/departments/purdue_departments.csv, skipping
2025-05-02 23:38:47,150 - INFO - Loaded 172 existing departments for purdue
2025-05-02 23:38:47,154 - INFO - Progress saved to output/scraping_progress.json
2025-05-02 23:38:47,154 - INFO - Waiting 5.99 seconds before next university
2025-05-02 23:38:53,151 - INFO - Processing university 21/144: umich
2025-05-02 23:38:53,158 - INFO - Progress saved to output/scraping_progress.json
2025-05-02 23:38:53,158 - INFO - Departments for umich already exist in output/departments/umich_departments.csv, skipping
2025-05-02 23:38:53,161 - INFO - Loaded 297 existing departments for umich
2025-05-02 23:38:53,167 - INFO - Progress saved to output/scraping_progress.json
2025-05-02 23:38:53,167 - INFO - Waiting 6.76 seconds before next university
2025-05-02 23:38:59,928 - INFO - Processing university 22/144: msu
2025-05-02 23:38:59,936 - INFO - Progress saved to output/scraping_progress.json
2025-05-02 23:38:59,936 - INFO - Departments for msu already exist in output/departments/msu_departments.csv, skipping
2025-05-02 23:38:59,938 - INFO - Loaded 208 existing departments for msu
2025-05-02 23:38:59,943 - INFO - Progress saved to output/scraping_progress.json
2025-05-02 23:38:59,943 - INFO - Waiting 6.34 seconds before next university
2025-05-02 23:39:06,285 - INFO - Processing university 23/144: rutgers
2025-05-02 23:39:06,291 - INFO - Progress saved to output/scraping_progress.json
2025-05-02 23:39:06,292 - INFO - Departments for rutgers already exist in output/departments/rutgers_departments.csv, skipping
2025-05-02 23:39:06,293 - INFO - Loaded 252 existing departments for rutgers
2025-05-02 23:39:06,298 - INFO - Progress saved to output/scraping_progress.json
2025-05-02 23:39:06,298 - INFO - Waiting 7.28 seconds before next university
2025-05-02 23:39:13,584 - INFO - Processing university 24/144: psu
2025-05-02 23:39:13,592 - INFO - Progress saved to output/scraping_progress.json
2025-05-02 23:39:13,592 - INFO - Departments for psu already exist in output/departments/psu_departments.csv, skipping
2025-05-02 23:39:13,596 - INFO - Loaded 299 existing departments for psu
2025-05-02 23:39:13,600 - INFO - Progress saved to output/scraping_progress.json
2025-05-02 23:39:13,600 - INFO - Waiting 5.52 seconds before next university
2025-05-02 23:39:19,125 - INFO - Processing university 25/144: centralhccs
2025-05-02 23:39:19,133 - INFO - Progress saved to output/scraping_progress.json
2025-05-02 23:39:19,133 - INFO - Starting department scraper for URL: https://www.coursicle.com/centralhccs/courses/
2025-05-02 23:39:21,987 - INFO - WebDriver set up successfully
2025-05-02 23:39:33,797 - INFO - Visited homepage first: https://www.coursicle.com/centralhccs/
2025-05-02 23:39:40,798 - INFO - Navigated to https://www.coursicle.com/centralhccs/courses/
2025-05-02 23:39:46,521 - WARNING - Error during human behavior simulation: empty range in randrange(773, -175)
2025-05-02 23:40:01,954 - WARNING - Timeout waiting for tile container, checking for bot detection
2025-05-02 23:40:07,104 - INFO - No 'More' button found or it's not needed
2025-05-02 23:40:07,116 - INFO - Found 0 department tiles
2025-05-02 23:40:17,257 - WARNING - No departments found, saving debug information
2025-05-02 23:40:17,258 - ERROR - Error during department scraping: cannot access local variable 'os' where it is not associated with a value
2025-05-02 23:40:17,414 - INFO - Browser closed
2025-05-02 23:40:17,414 - ERROR - Error processing university centralhccs: cannot access local variable 'os' where it is not associated with a value
2025-05-02 23:40:17,414 - INFO - Processing university 26/144: wisc
2025-05-02 23:40:17,419 - INFO - Progress saved to output/scraping_progress.json
2025-05-02 23:40:17,419 - INFO - Departments for wisc already exist in output/departments/wisc_departments.csv, skipping
2025-05-02 23:40:17,423 - INFO - Loaded 189 existing departments for wisc
2025-05-02 23:40:17,424 - INFO - Progress saved to output/scraping_progress.json
2025-05-02 23:40:17,425 - INFO - Waiting 4.07 seconds before next university
2025-05-02 23:40:21,501 - INFO - Processing university 27/144: usf
2025-05-02 23:40:21,510 - INFO - Progress saved to output/scraping_progress.json
2025-05-02 23:40:21,511 - INFO - Departments for usf already exist in output/departments/usf_departments.csv, skipping
2025-05-02 23:40:21,512 - INFO - Loaded 297 existing departments for usf
2025-05-02 23:40:21,517 - INFO - Progress saved to output/scraping_progress.json
2025-05-02 23:40:21,517 - INFO - Waiting 5.86 seconds before next university
2025-05-02 23:40:27,384 - INFO - Processing university 28/144: gatech
2025-05-02 23:40:27,391 - INFO - Progress saved to output/scraping_progress.json
2025-05-02 23:40:27,391 - INFO - Departments for gatech already exist in output/departments/gatech_departments.csv, skipping
2025-05-02 23:40:27,392 - INFO - Loaded 91 existing departments for gatech
2025-05-02 23:40:27,396 - INFO - Progress saved to output/scraping_progress.json
2025-05-02 23:40:27,396 - INFO - Waiting 3.81 seconds before next university
2025-05-02 23:40:31,204 - INFO - Processing university 29/144: indiana
2025-05-02 23:40:31,211 - INFO - Progress saved to output/scraping_progress.json
2025-05-02 23:40:31,211 - INFO - Departments for indiana already exist in output/departments/indiana_departments.csv, skipping
2025-05-02 23:40:31,215 - INFO - Loaded 585 existing departments for indiana
2025-05-02 23:40:31,219 - INFO - Progress saved to output/scraping_progress.json
2025-05-02 23:40:31,220 - INFO - Waiting 3.48 seconds before next university
2025-05-02 23:40:34,705 - INFO - Processing university 30/144: unt
2025-05-02 23:40:34,711 - INFO - Progress saved to output/scraping_progress.json
2025-05-02 23:40:34,711 - INFO - Departments for unt already exist in output/departments/unt_departments.csv, skipping
2025-05-02 23:40:34,712 - INFO - Loaded 153 existing departments for unt
2025-05-02 23:40:34,717 - INFO - Progress saved to output/scraping_progress.json
2025-05-02 23:40:34,717 - INFO - Waiting 6.22 seconds before next university
2025-05-02 23:40:40,933 - INFO - Processing university 31/144: tccd
2025-05-02 23:40:40,941 - INFO - Progress saved to output/scraping_progress.json
2025-05-02 23:40:40,941 - INFO - Starting department scraper for URL: https://www.coursicle.com/tccd/courses/
2025-05-02 23:40:42,540 - INFO - WebDriver set up successfully
2025-05-02 23:40:46,764 - INFO - Visited homepage first: https://www.coursicle.com/tccd/
2025-05-02 23:40:56,103 - INFO - Navigated to https://www.coursicle.com/tccd/courses/
2025-05-02 23:41:03,332 - INFO - Tile container loaded
2025-05-02 23:41:03,341 - INFO - Found 'More' button, will click to show all departments
2025-05-02 23:41:04,803 - INFO - Clicked 'More' button
2025-05-02 23:41:09,224 - INFO - Clicked 'More' button
2025-05-02 23:41:12,049 - INFO - Clicked 'More' button
2025-05-02 23:41:16,173 - INFO - Clicked 'More' button
2025-05-02 23:41:21,230 - INFO - Clicked 'More' button
2025-05-02 23:41:26,443 - INFO - Clicked 'More' button
2025-05-02 23:41:29,469 - INFO - Clicked 'More' button
2025-05-02 23:41:32,104 - INFO - Found 147 department tiles
2025-05-02 23:41:36,848 - INFO - Processed department: ABDR
2025-05-02 23:41:36,859 - INFO - Progress saved to output/scraping_progress.json
2025-05-02 23:41:36,870 - INFO - Processed department: ACCT
2025-05-02 23:41:36,871 - INFO - Progress saved to output/scraping_progress.json
2025-05-02 23:41:36,879 - INFO - Processed department: ACNT
2025-05-02 23:41:36,881 - INFO - Progress saved to output/scraping_progress.json
2025-05-02 23:41:36,889 - INFO - Processed department: AERM
2025-05-02 23:41:36,890 - INFO - Progress saved to output/scraping_progress.json
2025-05-02 23:41:36,898 - INFO - Processed department: AGCR
2025-05-02 23:41:36,899 - INFO - Progress saved to output/scraping_progress.json
2025-05-02 23:41:36,907 - INFO - Processed department: AIRP
2025-05-02 23:41:36,909 - INFO - Progress saved to output/scraping_progress.json
2025-05-02 23:41:36,916 - INFO - Processed department: ANES
2025-05-02 23:41:36,918 - INFO - Progress saved to output/scraping_progress.json
2025-05-02 23:41:36,924 - INFO - Processed department: ANTH
2025-05-02 23:41:36,925 - INFO - Progress saved to output/scraping_progress.json
2025-05-02 23:41:36,932 - INFO - Processed department: ARCH
2025-05-02 23:41:36,934 - INFO - Progress saved to output/scraping_progress.json
2025-05-02 23:41:36,941 - INFO - Processed department: ARCT
2025-05-02 23:41:36,942 - INFO - Progress saved to output/scraping_progress.json
2025-05-02 23:41:36,949 - INFO - Processed department: ARTC
2025-05-02 23:41:36,951 - INFO - Progress saved to output/scraping_progress.json
2025-05-02 23:41:36,958 - INFO - Processed department: ARTS
2025-05-02 23:41:36,959 - INFO - Progress saved to output/scraping_progress.json
2025-05-02 23:41:36,966 - INFO - Processed department: ARTV
2025-05-02 23:41:36,969 - INFO - Progress saved to output/scraping_progress.json
2025-05-02 23:41:36,978 - INFO - Processed department: AUMT
2025-05-02 23:41:36,980 - INFO - Progress saved to output/scraping_progress.json
2025-05-02 23:41:36,987 - INFO - Processed department: AVIM
2025-05-02 23:41:36,988 - INFO - Progress saved to output/scraping_progress.json
2025-05-02 23:41:36,996 - INFO - Processed department: AVNC
2025-05-02 23:41:36,997 - INFO - Progress saved to output/scraping_progress.json
2025-05-02 23:41:37,004 - INFO - Processed department: BCIS
2025-05-02 23:41:37,006 - INFO - Progress saved to output/scraping_progress.json
2025-05-02 23:41:37,013 - INFO - Processed department: BIOL
2025-05-02 23:41:37,014 - INFO - Progress saved to output/scraping_progress.json
2025-05-02 23:41:37,021 - INFO - Processed department: BMGT
2025-05-02 23:41:37,023 - INFO - Progress saved to output/scraping_progress.json
2025-05-02 23:41:37,032 - INFO - Processed department: BTND
2025-05-02 23:41:37,033 - INFO - Progress saved to output/scraping_progress.json
2025-05-02 23:41:37,040 - INFO - Processed department: BUSG
2025-05-02 23:41:37,042 - INFO - Progress saved to output/scraping_progress.json
2025-05-02 23:41:37,049 - INFO - Processed department: BUSI
2025-05-02 23:41:37,051 - INFO - Progress saved to output/scraping_progress.json
2025-05-02 23:41:37,058 - INFO - Processed department: CDEC
2025-05-02 23:41:37,059 - INFO - Progress saved to output/scraping_progress.json
2025-05-02 23:41:37,066 - INFO - Processed department: CETT
2025-05-02 23:41:37,068 - INFO - Progress saved to output/scraping_progress.json
2025-05-02 23:41:37,075 - INFO - Processed department: CHEF
2025-05-02 23:41:37,076 - INFO - Progress saved to output/scraping_progress.json
2025-05-02 23:41:37,083 - INFO - Processed department: CHEM
2025-05-02 23:41:37,084 - INFO - Progress saved to output/scraping_progress.json
2025-05-02 23:41:37,091 - INFO - Processed department: CJLE
2025-05-02 23:41:37,093 - INFO - Progress saved to output/scraping_progress.json
2025-05-02 23:41:37,099 - INFO - Processed department: CJSA
2025-05-02 23:41:37,101 - INFO - Progress saved to output/scraping_progress.json
2025-05-02 23:41:37,108 - INFO - Processed department: CNBT
2025-05-02 23:41:37,109 - INFO - Progress saved to output/scraping_progress.json
2025-05-02 23:41:37,116 - INFO - Processed department: COMM
2025-05-02 23:41:37,117 - INFO - Progress saved to output/scraping_progress.json
2025-05-02 23:41:37,124 - INFO - Processed department: COSC
2025-05-02 23:41:37,127 - INFO - Progress saved to output/scraping_progress.json
2025-05-02 23:41:37,134 - INFO - Processed department: CPMT
2025-05-02 23:41:37,135 - INFO - Progress saved to output/scraping_progress.json
2025-05-02 23:41:37,142 - INFO - Processed department: CRIJ
2025-05-02 23:41:37,143 - INFO - Progress saved to output/scraping_progress.json
2025-05-02 23:41:37,150 - INFO - Processed department: CTMT
2025-05-02 23:41:37,151 - INFO - Progress saved to output/scraping_progress.json
2025-05-02 23:41:37,160 - INFO - Processed department: DAAC
2025-05-02 23:41:37,162 - INFO - Progress saved to output/scraping_progress.json
2025-05-02 23:41:37,169 - INFO - Processed department: DANC
2025-05-02 23:41:37,170 - INFO - Progress saved to output/scraping_progress.json
2025-05-02 23:41:37,177 - INFO - Processed department: DEMR
2025-05-02 23:41:37,178 - INFO - Progress saved to output/scraping_progress.json
2025-05-02 23:41:37,185 - INFO - Processed department: DFTG
2025-05-02 23:41:37,187 - INFO - Progress saved to output/scraping_progress.json
2025-05-02 23:41:37,194 - INFO - Processed department: DHYG
2025-05-02 23:41:37,195 - INFO - Progress saved to output/scraping_progress.json
2025-05-02 23:41:37,202 - INFO - Processed department: DITA
2025-05-02 23:41:37,203 - INFO - Progress saved to output/scraping_progress.json
2025-05-02 23:41:37,210 - INFO - Processed department: DMSO
2025-05-02 23:41:37,211 - INFO - Progress saved to output/scraping_progress.json
2025-05-02 23:41:37,218 - INFO - Processed department: DNTA
2025-05-02 23:41:37,219 - INFO - Progress saved to output/scraping_progress.json
2025-05-02 23:41:37,226 - INFO - Processed department: DRAM
2025-05-02 23:41:37,228 - INFO - Progress saved to output/scraping_progress.json
2025-05-02 23:41:37,235 - INFO - Processed department: DSVT
2025-05-02 23:41:37,236 - INFO - Progress saved to output/scraping_progress.json
2025-05-02 23:41:37,243 - INFO - Processed department: ECON
2025-05-02 23:41:37,244 - INFO - Progress saved to output/scraping_progress.json
2025-05-02 23:41:37,254 - INFO - Processed department: ECRD
2025-05-02 23:41:37,257 - INFO - Progress saved to output/scraping_progress.json
2025-05-02 23:41:37,263 - INFO - Processed department: EDUC
2025-05-02 23:41:37,265 - INFO - Progress saved to output/scraping_progress.json
2025-05-02 23:41:37,272 - INFO - Processed department: ELMT
2025-05-02 23:41:37,273 - INFO - Progress saved to output/scraping_progress.json
2025-05-02 23:41:37,280 - INFO - Processed department: ELPT
2025-05-02 23:41:37,281 - INFO - Progress saved to output/scraping_progress.json
2025-05-02 23:41:37,288 - INFO - Processed department: EMSP
2025-05-02 23:41:37,289 - INFO - Progress saved to output/scraping_progress.json
2025-05-02 23:41:37,296 - INFO - Processed department: ENGL
2025-05-02 23:41:37,299 - INFO - Progress saved to output/scraping_progress.json
2025-05-02 23:41:37,307 - INFO - Processed department: ENGR
2025-05-02 23:41:37,308 - INFO - Progress saved to output/scraping_progress.json
2025-05-02 23:41:37,315 - INFO - Processed department: EPCT
2025-05-02 23:41:37,316 - INFO - Progress saved to output/scraping_progress.json
2025-05-02 23:41:37,323 - INFO - Processed department: ESOL
2025-05-02 23:41:37,325 - INFO - Progress saved to output/scraping_progress.json
2025-05-02 23:41:37,331 - INFO - Processed department: FDNS
2025-05-02 23:41:37,332 - INFO - Progress saved to output/scraping_progress.json
2025-05-02 23:41:37,339 - INFO - Processed department: FIRS
2025-05-02 23:41:37,341 - INFO - Progress saved to output/scraping_progress.json
2025-05-02 23:41:37,347 - INFO - Processed department: FIRT
2025-05-02 23:41:37,349 - INFO - Progress saved to output/scraping_progress.json
2025-05-02 23:41:37,356 - INFO - Processed department: FLMC
2025-05-02 23:41:37,357 - INFO - Progress saved to output/scraping_progress.json
2025-05-02 23:41:37,364 - INFO - Processed department: FREN
2025-05-02 23:41:37,366 - INFO - Progress saved to output/scraping_progress.json
2025-05-02 23:41:37,372 - INFO - Processed department: FSHN
2025-05-02 23:41:37,374 - INFO - Progress saved to output/scraping_progress.json
2025-05-02 23:41:37,380 - INFO - Processed department: GAME
2025-05-02 23:41:37,382 - INFO - Progress saved to output/scraping_progress.json
2025-05-02 23:41:37,389 - INFO - Processed department: GEOG
2025-05-02 23:41:37,390 - INFO - Progress saved to output/scraping_progress.json
2025-05-02 23:41:37,397 - INFO - Processed department: GEOL
2025-05-02 23:41:37,398 - INFO - Progress saved to output/scraping_progress.json
2025-05-02 23:41:37,405 - INFO - Processed department: GERS
2025-05-02 23:41:37,406 - INFO - Progress saved to output/scraping_progress.json
2025-05-02 23:41:37,413 - INFO - Processed department: GISC
2025-05-02 23:41:37,414 - INFO - Progress saved to output/scraping_progress.json
2025-05-02 23:41:37,421 - INFO - Processed department: GOVT
2025-05-02 23:41:37,422 - INFO - Progress saved to output/scraping_progress.json
2025-05-02 23:41:37,429 - INFO - Processed department: HALT
2025-05-02 23:41:37,430 - INFO - Progress saved to output/scraping_progress.json
2025-05-02 23:41:37,437 - INFO - Processed department: HAMG
2025-05-02 23:41:37,438 - INFO - Progress saved to output/scraping_progress.json
2025-05-02 23:41:37,445 - INFO - Processed department: HART
2025-05-02 23:41:37,446 - INFO - Progress saved to output/scraping_progress.json
2025-05-02 23:41:37,453 - INFO - Processed department: HECO
2025-05-02 23:41:37,455 - INFO - Progress saved to output/scraping_progress.json
2025-05-02 23:41:37,462 - INFO - Processed department: HIST
2025-05-02 23:41:37,463 - INFO - Progress saved to output/scraping_progress.json
2025-05-02 23:41:37,471 - INFO - Processed department: HITT
2025-05-02 23:41:37,472 - INFO - Progress saved to output/scraping_progress.json
2025-05-02 23:41:37,479 - INFO - Processed department: HPRS
2025-05-02 23:41:37,480 - INFO - Progress saved to output/scraping_progress.json
2025-05-02 23:41:37,487 - INFO - Processed department: HRPO
2025-05-02 23:41:37,488 - INFO - Progress saved to output/scraping_progress.json
2025-05-02 23:41:37,495 - INFO - Processed department: HUMA
2025-05-02 23:41:37,496 - INFO - Progress saved to output/scraping_progress.json
2025-05-02 23:41:37,503 - INFO - Processed department: HYDR
2025-05-02 23:41:37,504 - INFO - Progress saved to output/scraping_progress.json
2025-05-02 23:41:37,511 - INFO - Processed department: IBUS
2025-05-02 23:41:37,512 - INFO - Progress saved to output/scraping_progress.json
2025-05-02 23:41:37,519 - INFO - Processed department: IFWA
2025-05-02 23:41:37,520 - INFO - Progress saved to output/scraping_progress.json
2025-05-02 23:41:37,527 - INFO - Processed department: IMED
2025-05-02 23:41:37,528 - INFO - Progress saved to output/scraping_progress.json
2025-05-02 23:41:37,535 - INFO - Processed department: INEW
2025-05-02 23:41:37,536 - INFO - Progress saved to output/scraping_progress.json
2025-05-02 23:41:37,543 - INFO - Processed department: INMT
2025-05-02 23:41:37,544 - INFO - Progress saved to output/scraping_progress.json
2025-05-02 23:41:37,551 - INFO - Processed department: INRW
2025-05-02 23:41:37,552 - INFO - Progress saved to output/scraping_progress.json
2025-05-02 23:41:37,559 - INFO - Processed department: ITCC
2025-05-02 23:41:37,560 - INFO - Progress saved to output/scraping_progress.json
2025-05-02 23:41:37,568 - INFO - Processed department: ITNW
2025-05-02 23:41:37,570 - INFO - Progress saved to output/scraping_progress.json
2025-05-02 23:41:37,576 - INFO - Processed department: ITSC
2025-05-02 23:41:37,578 - INFO - Progress saved to output/scraping_progress.json
2025-05-02 23:41:37,584 - INFO - Processed department: ITSE
2025-05-02 23:41:37,586 - INFO - Progress saved to output/scraping_progress.json
2025-05-02 23:41:37,592 - INFO - Processed department: ITSW
2025-05-02 23:41:37,594 - INFO - Progress saved to output/scraping_progress.json
2025-05-02 23:41:37,600 - INFO - Processed department: ITSY
2025-05-02 23:41:37,602 - INFO - Progress saved to output/scraping_progress.json
2025-05-02 23:41:37,609 - INFO - Processed department: KINE
2025-05-02 23:41:37,610 - INFO - Progress saved to output/scraping_progress.json
2025-05-02 23:41:37,617 - INFO - Processed department: LBRA
2025-05-02 23:41:37,618 - INFO - Progress saved to output/scraping_progress.json
2025-05-02 23:41:37,627 - INFO - Processed department: LGLA
2025-05-02 23:41:37,628 - INFO - Progress saved to output/scraping_progress.json
2025-05-02 23:41:37,635 - INFO - Processed department: LMGT
2025-05-02 23:41:37,637 - INFO - Progress saved to output/scraping_progress.json
2025-05-02 23:41:37,643 - INFO - Processed department: LNWK
2025-05-02 23:41:37,644 - INFO - Progress saved to output/scraping_progress.json
2025-05-02 23:41:37,651 - INFO - Processed department: LTCA
2025-05-02 23:41:37,652 - INFO - Progress saved to output/scraping_progress.json
2025-05-02 23:41:37,659 - INFO - Processed department: MATH
2025-05-02 23:41:37,660 - INFO - Progress saved to output/scraping_progress.json
2025-05-02 23:41:37,667 - INFO - Processed department: MCHN
2025-05-02 23:41:37,668 - INFO - Progress saved to output/scraping_progress.json
2025-05-02 23:41:37,675 - INFO - Processed department: MDCA
2025-05-02 23:41:37,676 - INFO - Progress saved to output/scraping_progress.json
2025-05-02 23:41:37,683 - INFO - Processed department: METL
2025-05-02 23:41:37,684 - INFO - Progress saved to output/scraping_progress.json
2025-05-02 23:41:37,691 - INFO - Processed department: MILI
2025-05-02 23:41:37,693 - INFO - Progress saved to output/scraping_progress.json
2025-05-02 23:41:37,699 - INFO - Processed department: MRIT
2025-05-02 23:41:37,701 - INFO - Progress saved to output/scraping_progress.json
2025-05-02 23:41:37,708 - INFO - Processed department: MRKG
2025-05-02 23:41:37,709 - INFO - Progress saved to output/scraping_progress.json
2025-05-02 23:41:37,716 - INFO - Processed department: MUAP
2025-05-02 23:41:37,717 - INFO - Progress saved to output/scraping_progress.json
2025-05-02 23:41:37,724 - INFO - Processed department: MUEN
2025-05-02 23:41:37,725 - INFO - Progress saved to output/scraping_progress.json
2025-05-02 23:41:37,732 - INFO - Processed department: MUSI
2025-05-02 23:41:37,734 - INFO - Progress saved to output/scraping_progress.json
2025-05-02 23:41:37,740 - INFO - Processed department: NDTE
2025-05-02 23:41:37,742 - INFO - Progress saved to output/scraping_progress.json
2025-05-02 23:41:37,748 - INFO - Processed department: NMTT
2025-05-02 23:41:37,750 - INFO - Progress saved to output/scraping_progress.json
2025-05-02 23:41:37,756 - INFO - Processed department: NUPC
2025-05-02 23:41:37,757 - INFO - Progress saved to output/scraping_progress.json
2025-05-02 23:41:37,764 - INFO - Processed department: OPTS
2025-05-02 23:41:37,765 - INFO - Progress saved to output/scraping_progress.json
2025-05-02 23:41:37,772 - INFO - Processed department: OSHT
2025-05-02 23:41:37,773 - INFO - Progress saved to output/scraping_progress.json
2025-05-02 23:41:37,780 - INFO - Processed department: PFPB
2025-05-02 23:41:37,781 - INFO - Progress saved to output/scraping_progress.json
2025-05-02 23:41:37,788 - INFO - Processed department: PHIL
2025-05-02 23:41:37,789 - INFO - Progress saved to output/scraping_progress.json
2025-05-02 23:41:37,796 - INFO - Processed department: PHTC
2025-05-02 23:41:37,798 - INFO - Progress saved to output/scraping_progress.json
2025-05-02 23:41:37,804 - INFO - Processed department: PHYS
2025-05-02 23:41:37,806 - INFO - Progress saved to output/scraping_progress.json
2025-05-02 23:41:37,812 - INFO - Processed department: PLAB
2025-05-02 23:41:37,814 - INFO - Progress saved to output/scraping_progress.json
2025-05-02 23:41:37,821 - INFO - Processed department: PLTC
2025-05-02 23:41:37,822 - INFO - Progress saved to output/scraping_progress.json
2025-05-02 23:41:37,829 - INFO - Processed department: POFI
2025-05-02 23:41:37,831 - INFO - Progress saved to output/scraping_progress.json
2025-05-02 23:41:37,838 - INFO - Processed department: POFT
2025-05-02 23:41:37,839 - INFO - Progress saved to output/scraping_progress.json
2025-05-02 23:41:37,846 - INFO - Processed department: PSTR
2025-05-02 23:41:37,848 - INFO - Progress saved to output/scraping_progress.json
2025-05-02 23:41:37,854 - INFO - Processed department: PSYC
2025-05-02 23:41:37,856 - INFO - Progress saved to output/scraping_progress.json
2025-05-02 23:41:37,862 - INFO - Processed department: PSYT
2025-05-02 23:41:37,864 - INFO - Progress saved to output/scraping_progress.json
2025-05-02 23:41:37,872 - INFO - Processed department: PTHA
2025-05-02 23:41:37,873 - INFO - Progress saved to output/scraping_progress.json
2025-05-02 23:41:37,880 - INFO - Processed department: PTRT
2025-05-02 23:41:37,882 - INFO - Progress saved to output/scraping_progress.json
2025-05-02 23:41:37,888 - INFO - Processed department: RADR
2025-05-02 23:41:37,890 - INFO - Progress saved to output/scraping_progress.json
2025-05-02 23:41:37,896 - INFO - Processed department: RBTC
2025-05-02 23:41:37,897 - INFO - Progress saved to output/scraping_progress.json
2025-05-02 23:41:37,904 - INFO - Processed department: RELE
2025-05-02 23:41:37,906 - INFO - Progress saved to output/scraping_progress.json
2025-05-02 23:41:37,912 - INFO - Processed department: RNSG
2025-05-02 23:41:37,914 - INFO - Progress saved to output/scraping_progress.json
2025-05-02 23:41:37,920 - INFO - Processed department: RSPT
2025-05-02 23:41:37,922 - INFO - Progress saved to output/scraping_progress.json
2025-05-02 23:41:37,928 - INFO - Processed department: RSTO
2025-05-02 23:41:37,930 - INFO - Progress saved to output/scraping_progress.json
2025-05-02 23:41:37,937 - INFO - Processed department: RTVB
2025-05-02 23:41:37,938 - INFO - Progress saved to output/scraping_progress.json
2025-05-02 23:41:37,945 - INFO - Processed department: SCIT
2025-05-02 23:41:37,947 - INFO - Progress saved to output/scraping_progress.json
2025-05-02 23:41:37,953 - INFO - Processed department: SCWK
2025-05-02 23:41:37,955 - INFO - Progress saved to output/scraping_progress.json
2025-05-02 23:41:37,961 - INFO - Processed department: SGNL
2025-05-02 23:41:37,963 - INFO - Progress saved to output/scraping_progress.json
2025-05-02 23:41:37,969 - INFO - Processed department: SLNG
2025-05-02 23:41:37,971 - INFO - Progress saved to output/scraping_progress.json
2025-05-02 23:41:37,977 - INFO - Processed department: SLPS
2025-05-02 23:41:37,981 - INFO - Progress saved to output/scraping_progress.json
2025-05-02 23:41:37,987 - INFO - Processed department: SOCI
2025-05-02 23:41:37,989 - INFO - Progress saved to output/scraping_progress.json
2025-05-02 23:41:37,996 - INFO - Processed department: SOCW
2025-05-02 23:41:37,998 - INFO - Progress saved to output/scraping_progress.json
2025-05-02 23:41:38,005 - INFO - Processed department: SPAN
2025-05-02 23:41:38,006 - INFO - Progress saved to output/scraping_progress.json
2025-05-02 23:41:38,013 - INFO - Processed department: SPCH
2025-05-02 23:41:38,015 - INFO - Progress saved to output/scraping_progress.json
2025-05-02 23:41:38,022 - INFO - Processed department: SRGT
2025-05-02 23:41:38,025 - INFO - Progress saved to output/scraping_progress.json
2025-05-02 23:41:38,034 - INFO - Processed department: SRVY
2025-05-02 23:41:38,036 - INFO - Progress saved to output/scraping_progress.json
2025-05-02 23:41:38,043 - INFO - Processed department: STSC
2025-05-02 23:41:38,044 - INFO - Progress saved to output/scraping_progress.json
2025-05-02 23:41:38,051 - INFO - Processed department: TECA
2025-05-02 23:41:38,053 - INFO - Progress saved to output/scraping_progress.json
2025-05-02 23:41:38,060 - INFO - Processed department: TECM
2025-05-02 23:41:38,061 - INFO - Progress saved to output/scraping_progress.json
2025-05-02 23:41:38,068 - INFO - Processed department: TRVM
2025-05-02 23:41:38,070 - INFO - Progress saved to output/scraping_progress.json
2025-05-02 23:41:38,076 - INFO - Processed department: VIRT
2025-05-02 23:41:38,078 - INFO - Progress saved to output/scraping_progress.json
2025-05-02 23:41:38,085 - INFO - Processed department: VNSG
2025-05-02 23:41:38,086 - INFO - Progress saved to output/scraping_progress.json
2025-05-02 23:41:38,093 - INFO - Processed department: WLDG
2025-05-02 23:41:38,094 - INFO - Progress saved to output/scraping_progress.json
2025-05-02 23:41:38,095 - INFO - Successfully extracted data for 147 departments
2025-05-02 23:41:38,096 - INFO - Saved department data to output/departments/tccd_departments.csv
2025-05-02 23:41:38,098 - INFO - Progress saved to output/scraping_progress.json
2025-05-02 23:41:38,296 - INFO - Browser closed
2025-05-02 23:41:38,297 - INFO - Successfully scraped 147 departments for tccd
2025-05-02 23:41:38,297 - INFO - Waiting 3.60 seconds before next university
2025-05-02 23:41:41,906 - INFO - Processing university 32/144: usc
2025-05-02 23:41:41,915 - INFO - Progress saved to output/scraping_progress.json
2025-05-02 23:41:41,915 - INFO - Departments for usc already exist in output/departments/usc_departments.csv, skipping
2025-05-02 23:41:41,917 - INFO - Loaded 250 existing departments for usc
2025-05-02 23:41:41,923 - INFO - Progress saved to output/scraping_progress.json
2025-05-02 23:41:41,923 - INFO - Waiting 5.84 seconds before next university
2025-05-02 23:41:47,767 - INFO - Processing university 33/144: ucla
2025-05-02 23:41:47,773 - INFO - Progress saved to output/scraping_progress.json
2025-05-02 23:41:47,774 - INFO - Starting department scraper for URL: https://www.coursicle.com/ucla/courses/
2025-05-02 23:41:49,652 - INFO - WebDriver set up successfully
2025-05-02 23:41:52,759 - INFO - Visited homepage first: https://www.coursicle.com/ucla/
2025-05-02 23:41:59,216 - INFO - Navigated to https://www.coursicle.com/ucla/courses/
2025-05-02 23:42:07,554 - INFO - Tile container loaded
2025-05-02 23:42:07,561 - INFO - Found 'More' button, will click to show all departments
2025-05-02 23:42:09,155 - INFO - Clicked 'More' button
2025-05-02 23:42:12,821 - INFO - Clicked 'More' button
2025-05-02 23:42:17,284 - INFO - Clicked 'More' button
2025-05-02 23:42:19,908 - INFO - Clicked 'More' button
2025-05-02 23:42:24,670 - INFO - Clicked 'More' button
2025-05-02 23:42:29,055 - INFO - Clicked 'More' button
2025-05-02 23:42:33,494 - INFO - Clicked 'More' button
2025-05-02 23:42:36,929 - INFO - Clicked 'More' button
2025-05-02 23:42:41,205 - INFO - Clicked 'More' button
2025-05-02 23:42:42,938 - INFO - Found 198 department tiles
2025-05-02 23:42:51,796 - INFO - Processed department: AEROST
2025-05-02 23:42:51,802 - INFO - Progress saved to output/scraping_progress.json
2025-05-02 23:42:51,812 - INFO - Processed department: AFAMER
2025-05-02 23:42:51,815 - INFO - Progress saved to output/scraping_progress.json
2025-05-02 23:42:51,823 - INFO - Processed department: AFRCST
2025-05-02 23:42:51,825 - INFO - Progress saved to output/scraping_progress.json
2025-05-02 23:42:51,832 - INFO - Processed department: AMIND
2025-05-02 23:42:51,834 - INFO - Progress saved to output/scraping_progress.json
2025-05-02 23:42:51,841 - INFO - Processed department: ANES
2025-05-02 23:42:51,845 - INFO - Progress saved to output/scraping_progress.json
2025-05-02 23:42:51,852 - INFO - Processed department: ANNEA
2025-05-02 23:42:51,854 - INFO - Progress saved to output/scraping_progress.json
2025-05-02 23:42:51,861 - INFO - Processed department: ANTHRO
2025-05-02 23:42:51,863 - INFO - Progress saved to output/scraping_progress.json
2025-05-02 23:42:51,869 - INFO - Processed department: AOSCI
2025-05-02 23:42:51,871 - INFO - Progress saved to output/scraping_progress.json
2025-05-02 23:42:51,878 - INFO - Processed department: APPCHM
2025-05-02 23:42:51,880 - INFO - Progress saved to output/scraping_progress.json
2025-05-02 23:42:51,886 - INFO - Processed department: APPLING
2025-05-02 23:42:51,888 - INFO - Progress saved to output/scraping_progress.json
2025-05-02 23:42:51,895 - INFO - Processed department: ARABIC
2025-05-02 23:42:51,896 - INFO - Progress saved to output/scraping_progress.json
2025-05-02 23:42:51,904 - INFO - Processed department: ARCHEOL
2025-05-02 23:42:51,906 - INFO - Progress saved to output/scraping_progress.json
2025-05-02 23:42:51,913 - INFO - Processed department: ARCHUD
2025-05-02 23:42:51,915 - INFO - Progress saved to output/scraping_progress.json
2025-05-02 23:42:51,922 - INFO - Processed department: ARMENIA
2025-05-02 23:42:51,923 - INFO - Progress saved to output/scraping_progress.json
2025-05-02 23:42:51,930 - INFO - Processed department: ART
2025-05-02 23:42:51,932 - INFO - Progress saved to output/scraping_progress.json
2025-05-02 23:42:51,939 - INFO - Processed department: ARTARC
2025-05-02 23:42:51,940 - INFO - Progress saved to output/scraping_progress.json
2025-05-02 23:42:51,947 - INFO - Processed department: ARTHIS
2025-05-02 23:42:51,949 - INFO - Progress saved to output/scraping_progress.json
2025-05-02 23:42:51,956 - INFO - Processed department: ARTSED
2025-05-02 23:42:51,957 - INFO - Progress saved to output/scraping_progress.json
2025-05-02 23:42:51,964 - INFO - Processed department: ASIAAM
2025-05-02 23:42:51,966 - INFO - Progress saved to output/scraping_progress.json
2025-05-02 23:42:51,973 - INFO - Processed department: ASIAN
2025-05-02 23:42:51,974 - INFO - Progress saved to output/scraping_progress.json
2025-05-02 23:42:51,981 - INFO - Processed department: ASL
2025-05-02 23:42:51,983 - INFO - Progress saved to output/scraping_progress.json
2025-05-02 23:42:51,990 - INFO - Processed department: ASTR
2025-05-02 23:42:51,992 - INFO - Progress saved to output/scraping_progress.json
2025-05-02 23:42:51,999 - INFO - Processed department: BIOENGR
2025-05-02 23:42:52,001 - INFO - Progress saved to output/scraping_progress.json
2025-05-02 23:42:52,007 - INFO - Processed department: BIOINFO
2025-05-02 23:42:52,009 - INFO - Progress saved to output/scraping_progress.json
2025-05-02 23:42:52,015 - INFO - Processed department: BIOINFR
2025-05-02 23:42:52,017 - INFO - Progress saved to output/scraping_progress.json
2025-05-02 23:42:52,024 - INFO - Processed department: BIOLCH
2025-05-02 23:42:52,026 - INFO - Progress saved to output/scraping_progress.json
2025-05-02 23:42:52,032 - INFO - Processed department: BIOMATH
2025-05-02 23:42:52,034 - INFO - Progress saved to output/scraping_progress.json
2025-05-02 23:42:52,041 - INFO - Processed department: BIOSTAT
2025-05-02 23:42:52,042 - INFO - Progress saved to output/scraping_progress.json
2025-05-02 23:42:52,049 - INFO - Processed department: BMDRES
2025-05-02 23:42:52,051 - INFO - Progress saved to output/scraping_progress.json
2025-05-02 23:42:52,058 - INFO - Processed department: CAEM
2025-05-02 23:42:52,060 - INFO - Progress saved to output/scraping_progress.json
2025-05-02 23:42:52,067 - INFO - Processed department: CCAS
2025-05-02 23:42:52,069 - INFO - Progress saved to output/scraping_progress.json
2025-05-02 23:42:52,076 - INFO - Processed department: CEE
2025-05-02 23:42:52,077 - INFO - Progress saved to output/scraping_progress.json
2025-05-02 23:42:52,085 - INFO - Processed department: CEEST
2025-05-02 23:42:52,086 - INFO - Progress saved to output/scraping_progress.json
2025-05-02 23:42:52,093 - INFO - Processed department: CESC
2025-05-02 23:42:52,095 - INFO - Progress saved to output/scraping_progress.json
2025-05-02 23:42:52,101 - INFO - Processed department: CHEM
2025-05-02 23:42:52,103 - INFO - Progress saved to output/scraping_progress.json
2025-05-02 23:42:52,110 - INFO - Processed department: CHENGR
2025-05-02 23:42:52,112 - INFO - Progress saved to output/scraping_progress.json
2025-05-02 23:42:52,121 - INFO - Processed department: CHICANO
2025-05-02 23:42:52,123 - INFO - Progress saved to output/scraping_progress.json
2025-05-02 23:42:52,130 - INFO - Processed department: CHIN
2025-05-02 23:42:52,132 - INFO - Progress saved to output/scraping_progress.json
2025-05-02 23:42:52,139 - INFO - Processed department: CIVIC
2025-05-02 23:42:52,141 - INFO - Progress saved to output/scraping_progress.json
2025-05-02 23:42:52,150 - INFO - Processed department: CLASSIC
2025-05-02 23:42:52,153 - INFO - Progress saved to output/scraping_progress.json
2025-05-02 23:42:52,160 - INFO - Processed department: CLTHTG
2025-05-02 23:42:52,161 - INFO - Progress saved to output/scraping_progress.json
2025-05-02 23:42:52,169 - INFO - Processed department: CLUSTER
2025-05-02 23:42:52,171 - INFO - Progress saved to output/scraping_progress.json
2025-05-02 23:42:52,178 - INFO - Processed department: COMHLT
2025-05-02 23:42:52,180 - INFO - Progress saved to output/scraping_progress.json
2025-05-02 23:42:52,187 - INFO - Processed department: COMLIT
2025-05-02 23:42:52,189 - INFO - Progress saved to output/scraping_progress.json
2025-05-02 23:42:52,196 - INFO - Processed department: COMM
2025-05-02 23:42:52,198 - INFO - Progress saved to output/scraping_progress.json
2025-05-02 23:42:52,205 - INFO - Processed department: COMPTNG
2025-05-02 23:42:52,207 - INFO - Progress saved to output/scraping_progress.json
2025-05-02 23:42:52,214 - INFO - Processed department: COMSCI
2025-05-02 23:42:52,216 - INFO - Progress saved to output/scraping_progress.json
2025-05-02 23:42:52,222 - INFO - Processed department: CSBIO
2025-05-02 23:42:52,225 - INFO - Progress saved to output/scraping_progress.json
2025-05-02 23:42:52,231 - INFO - Processed department: DANCE
2025-05-02 23:42:52,233 - INFO - Progress saved to output/scraping_progress.json
2025-05-02 23:42:52,240 - INFO - Processed department: DENT
2025-05-02 23:42:52,241 - INFO - Progress saved to output/scraping_progress.json
2025-05-02 23:42:52,248 - INFO - Processed department: DESMA
2025-05-02 23:42:52,250 - INFO - Progress saved to output/scraping_progress.json
2025-05-02 23:42:52,257 - INFO - Processed department: DGTHUM
2025-05-02 23:42:52,258 - INFO - Progress saved to output/scraping_progress.json
2025-05-02 23:42:52,265 - INFO - Processed department: DISSTD
2025-05-02 23:42:52,268 - INFO - Progress saved to output/scraping_progress.json
2025-05-02 23:42:52,275 - INFO - Processed department: DSBMED
2025-05-02 23:42:52,277 - INFO - Progress saved to output/scraping_progress.json
2025-05-02 23:42:52,284 - INFO - Processed department: DUTCH
2025-05-02 23:42:52,286 - INFO - Progress saved to output/scraping_progress.json
2025-05-02 23:42:52,293 - INFO - Processed department: EASTDS
2025-05-02 23:42:52,294 - INFO - Progress saved to output/scraping_progress.json
2025-05-02 23:42:52,301 - INFO - Processed department: ECENGR
2025-05-02 23:42:52,303 - INFO - Progress saved to output/scraping_progress.json
2025-05-02 23:42:52,311 - INFO - Processed department: ECON
2025-05-02 23:42:52,314 - INFO - Progress saved to output/scraping_progress.json
2025-05-02 23:42:52,322 - INFO - Processed department: EDUC
2025-05-02 23:42:52,323 - INFO - Progress saved to output/scraping_progress.json
2025-05-02 23:42:52,331 - INFO - Processed department: EEBIOL
2025-05-02 23:42:52,334 - INFO - Progress saved to output/scraping_progress.json
2025-05-02 23:42:52,341 - INFO - Processed department: ELTS
2025-05-02 23:42:52,343 - INFO - Progress saved to output/scraping_progress.json
2025-05-02 23:42:52,349 - INFO - Processed department: ENGCOMP
2025-05-02 23:42:52,351 - INFO - Progress saved to output/scraping_progress.json
2025-05-02 23:42:52,359 - INFO - Processed department: ENGL
2025-05-02 23:42:52,360 - INFO - Progress saved to output/scraping_progress.json
2025-05-02 23:42:52,368 - INFO - Processed department: ENGR
2025-05-02 23:42:52,371 - INFO - Progress saved to output/scraping_progress.json
2025-05-02 23:42:52,378 - INFO - Processed department: ENVHLT
2025-05-02 23:42:52,380 - INFO - Progress saved to output/scraping_progress.json
2025-05-02 23:42:52,387 - INFO - Processed department: ENVIRON
2025-05-02 23:42:52,389 - INFO - Progress saved to output/scraping_progress.json
2025-05-02 23:42:52,396 - INFO - Processed department: EPIDEM
2025-05-02 23:42:52,398 - INFO - Progress saved to output/scraping_progress.json
2025-05-02 23:42:52,404 - INFO - Processed department: EPSSCI
2025-05-02 23:42:52,406 - INFO - Progress saved to output/scraping_progress.json
2025-05-02 23:42:52,413 - INFO - Processed department: ESL
2025-05-02 23:42:52,415 - INFO - Progress saved to output/scraping_progress.json
2025-05-02 23:42:52,422 - INFO - Processed department: ETHNMUS
2025-05-02 23:42:52,424 - INFO - Progress saved to output/scraping_progress.json
2025-05-02 23:42:52,431 - INFO - Processed department: FAMMED
2025-05-02 23:42:52,433 - INFO - Progress saved to output/scraping_progress.json
2025-05-02 23:42:52,440 - INFO - Processed department: FIATLX
2025-05-02 23:42:52,441 - INFO - Progress saved to output/scraping_progress.json
2025-05-02 23:42:52,448 - INFO - Processed department: FILIPNO
2025-05-02 23:42:52,450 - INFO - Progress saved to output/scraping_progress.json
2025-05-02 23:42:52,457 - INFO - Processed department: FILMTV
2025-05-02 23:42:52,459 - INFO - Progress saved to output/scraping_progress.json
2025-05-02 23:42:52,466 - INFO - Processed department: FOODST
2025-05-02 23:42:52,468 - INFO - Progress saved to output/scraping_progress.json
2025-05-02 23:42:52,474 - INFO - Processed department: FRNCH
2025-05-02 23:42:52,476 - INFO - Progress saved to output/scraping_progress.json
2025-05-02 23:42:52,483 - INFO - Processed department: GENDER
2025-05-02 23:42:52,485 - INFO - Progress saved to output/scraping_progress.json
2025-05-02 23:42:52,492 - INFO - Processed department: GEOG
2025-05-02 23:42:52,494 - INFO - Progress saved to output/scraping_progress.json
2025-05-02 23:42:52,502 - INFO - Processed department: GERMAN
2025-05-02 23:42:52,504 - INFO - Progress saved to output/scraping_progress.json
2025-05-02 23:42:52,510 - INFO - Processed department: GJSTDS
2025-05-02 23:42:52,512 - INFO - Progress saved to output/scraping_progress.json
2025-05-02 23:42:52,519 - INFO - Processed department: GLBHLT
2025-05-02 23:42:52,521 - INFO - Progress saved to output/scraping_progress.json
2025-05-02 23:42:52,527 - INFO - Processed department: GLBLST
2025-05-02 23:42:52,530 - INFO - Progress saved to output/scraping_progress.json
2025-05-02 23:42:52,537 - INFO - Processed department: GRADPD
2025-05-02 23:42:52,538 - INFO - Progress saved to output/scraping_progress.json
2025-05-02 23:42:52,545 - INFO - Processed department: GREEK
2025-05-02 23:42:52,547 - INFO - Progress saved to output/scraping_progress.json
2025-05-02 23:42:52,554 - INFO - Processed department: GRNTLGY
2025-05-02 23:42:52,556 - INFO - Progress saved to output/scraping_progress.json
2025-05-02 23:42:52,563 - INFO - Processed department: HEBREW
2025-05-02 23:42:52,565 - INFO - Progress saved to output/scraping_progress.json
2025-05-02 23:42:52,573 - INFO - Processed department: HINURD
2025-05-02 23:42:52,575 - INFO - Progress saved to output/scraping_progress.json
2025-05-02 23:42:52,581 - INFO - Processed department: HIST
2025-05-02 23:42:52,583 - INFO - Progress saved to output/scraping_progress.json
2025-05-02 23:42:52,590 - INFO - Processed department: HLTADM
2025-05-02 23:42:52,592 - INFO - Progress saved to output/scraping_progress.json
2025-05-02 23:42:52,599 - INFO - Processed department: HLTPOL
2025-05-02 23:42:52,601 - INFO - Progress saved to output/scraping_progress.json
2025-05-02 23:42:52,608 - INFO - Processed department: HNGAR
2025-05-02 23:42:52,611 - INFO - Progress saved to output/scraping_progress.json
2025-05-02 23:42:52,621 - INFO - Processed department: HNRS
2025-05-02 23:42:52,623 - INFO - Progress saved to output/scraping_progress.json
2025-05-02 23:42:52,630 - INFO - Processed department: HUMGEN
2025-05-02 23:42:52,632 - INFO - Progress saved to output/scraping_progress.json
2025-05-02 23:42:52,639 - INFO - Processed department: IASTD
2025-05-02 23:42:52,640 - INFO - Progress saved to output/scraping_progress.json
2025-05-02 23:42:52,648 - INFO - Processed department: IESTD
2025-05-02 23:42:52,649 - INFO - Progress saved to output/scraping_progress.json
2025-05-02 23:42:52,656 - INFO - Processed department: ILAMER
2025-05-02 23:42:52,659 - INFO - Progress saved to output/scraping_progress.json
2025-05-02 23:42:52,666 - INFO - Processed department: IMSTD
2025-05-02 23:42:52,668 - INFO - Progress saved to output/scraping_progress.json
2025-05-02 23:42:52,676 - INFO - Processed department: INDO
2025-05-02 23:42:52,678 - INFO - Progress saved to output/scraping_progress.json
2025-05-02 23:42:52,685 - INFO - Processed department: INFSTD
2025-05-02 23:42:52,687 - INFO - Progress saved to output/scraping_progress.json
2025-05-02 23:42:52,694 - INFO - Processed department: INTLDV
2025-05-02 23:42:52,696 - INFO - Progress saved to output/scraping_progress.json
2025-05-02 23:42:52,702 - INFO - Processed department: IRANIAN
2025-05-02 23:42:52,705 - INFO - Progress saved to output/scraping_progress.json
2025-05-02 23:42:52,712 - INFO - Processed department: ISLMST
2025-05-02 23:42:52,713 - INFO - Progress saved to output/scraping_progress.json
2025-05-02 23:42:52,720 - INFO - Processed department: ITALIAN
2025-05-02 23:42:52,722 - INFO - Progress saved to output/scraping_progress.json
2025-05-02 23:42:52,728 - INFO - Processed department: JAPAN
2025-05-02 23:42:52,730 - INFO - Progress saved to output/scraping_progress.json
2025-05-02 23:42:52,737 - INFO - Processed department: JEWISH
2025-05-02 23:42:52,738 - INFO - Progress saved to output/scraping_progress.json
2025-05-02 23:42:52,745 - INFO - Processed department: KOREA
2025-05-02 23:42:52,748 - INFO - Progress saved to output/scraping_progress.json
2025-05-02 23:42:52,756 - INFO - Processed department: LATIN
2025-05-02 23:42:52,757 - INFO - Progress saved to output/scraping_progress.json
2025-05-02 23:42:52,765 - INFO - Processed department: LATNAM
2025-05-02 23:42:52,766 - INFO - Progress saved to output/scraping_progress.json
2025-05-02 23:42:52,773 - INFO - Processed department: LAW
2025-05-02 23:42:52,775 - INFO - Progress saved to output/scraping_progress.json
2025-05-02 23:42:52,781 - INFO - Processed department: LBRSTD
2025-05-02 23:42:52,783 - INFO - Progress saved to output/scraping_progress.json
2025-05-02 23:42:52,790 - INFO - Processed department: LBRWS
2025-05-02 23:42:52,792 - INFO - Progress saved to output/scraping_progress.json
2025-05-02 23:42:52,799 - INFO - Processed department: LGBTQS
2025-05-02 23:42:52,801 - INFO - Progress saved to output/scraping_progress.json
2025-05-02 23:42:52,808 - INFO - Processed department: LIFESCI
2025-05-02 23:42:52,810 - INFO - Progress saved to output/scraping_progress.json
2025-05-02 23:42:52,817 - INFO - Processed department: LING
2025-05-02 23:42:52,819 - INFO - Progress saved to output/scraping_progress.json
2025-05-02 23:42:52,826 - INFO - Processed department: MATH
2025-05-02 23:42:52,828 - INFO - Progress saved to output/scraping_progress.json
2025-05-02 23:42:52,834 - INFO - Processed department: MATSCI
2025-05-02 23:42:52,836 - INFO - Progress saved to output/scraping_progress.json
2025-05-02 23:42:52,842 - INFO - Processed department: MCDBIO
2025-05-02 23:42:52,845 - INFO - Progress saved to output/scraping_progress.json
2025-05-02 23:42:52,852 - INFO - Processed department: MCIP
2025-05-02 23:42:52,854 - INFO - Progress saved to output/scraping_progress.json
2025-05-02 23:42:52,860 - INFO - Processed department: MECHAE
2025-05-02 23:42:52,862 - INFO - Progress saved to output/scraping_progress.json
2025-05-02 23:42:52,869 - INFO - Processed department: MED
2025-05-02 23:42:52,871 - INFO - Progress saved to output/scraping_progress.json
2025-05-02 23:42:52,878 - INFO - Processed department: MEDHIS
2025-05-02 23:42:52,880 - INFO - Progress saved to output/scraping_progress.json
2025-05-02 23:42:52,887 - INFO - Processed department: MESTD
2025-05-02 23:42:52,889 - INFO - Progress saved to output/scraping_progress.json
2025-05-02 23:42:52,895 - INFO - Processed department: MGMT
2025-05-02 23:42:52,897 - INFO - Progress saved to output/scraping_progress.json
2025-05-02 23:42:52,904 - INFO - Processed department: MGMTEX
2025-05-02 23:42:52,906 - INFO - Progress saved to output/scraping_progress.json
2025-05-02 23:42:52,913 - INFO - Processed department: MGMTFE
2025-05-02 23:42:52,914 - INFO - Progress saved to output/scraping_progress.json
2025-05-02 23:42:52,921 - INFO - Processed department: MGMTFT
2025-05-02 23:42:52,923 - INFO - Progress saved to output/scraping_progress.json
2025-05-02 23:42:52,930 - INFO - Processed department: MGMTGEX
2025-05-02 23:42:52,932 - INFO - Progress saved to output/scraping_progress.json
2025-05-02 23:42:52,938 - INFO - Processed department: MGMTMFE
2025-05-02 23:42:52,940 - INFO - Progress saved to output/scraping_progress.json
2025-05-02 23:42:52,949 - INFO - Processed department: MGMTMSA
2025-05-02 23:42:52,951 - INFO - Progress saved to output/scraping_progress.json
2025-05-02 23:42:52,959 - INFO - Processed department: MGMTPHD
2025-05-02 23:42:52,961 - INFO - Progress saved to output/scraping_progress.json
2025-05-02 23:42:52,969 - INFO - Processed department: MILSCI
2025-05-02 23:42:52,971 - INFO - Progress saved to output/scraping_progress.json
2025-05-02 23:42:52,979 - INFO - Processed department: MIMG
2025-05-02 23:42:52,981 - INFO - Progress saved to output/scraping_progress.json
2025-05-02 23:42:52,988 - INFO - Processed department: MOLBIO
2025-05-02 23:42:52,991 - INFO - Progress saved to output/scraping_progress.json
2025-05-02 23:42:52,998 - INFO - Processed department: MOLTOX
2025-05-02 23:42:53,000 - INFO - Progress saved to output/scraping_progress.json
2025-05-02 23:42:53,008 - INFO - Processed department: MPHARM
2025-05-02 23:42:53,011 - INFO - Progress saved to output/scraping_progress.json
2025-05-02 23:42:53,019 - INFO - Processed department: MSCIND
2025-05-02 23:42:53,021 - INFO - Progress saved to output/scraping_progress.json
2025-05-02 23:42:53,028 - INFO - Processed department: MUSC
2025-05-02 23:42:53,030 - INFO - Progress saved to output/scraping_progress.json
2025-05-02 23:42:53,038 - INFO - Processed department: MUSCLG
2025-05-02 23:42:53,040 - INFO - Progress saved to output/scraping_progress.json
2025-05-02 23:42:53,049 - INFO - Processed department: NAVSCI
2025-05-02 23:42:53,051 - INFO - Progress saved to output/scraping_progress.json
2025-05-02 23:42:53,059 - INFO - Processed department: NEURBIO
2025-05-02 23:42:53,061 - INFO - Progress saved to output/scraping_progress.json
2025-05-02 23:42:53,068 - INFO - Processed department: NEURLGY
2025-05-02 23:42:53,070 - INFO - Progress saved to output/scraping_progress.json
2025-05-02 23:42:53,077 - INFO - Processed department: NEURO
2025-05-02 23:42:53,081 - INFO - Progress saved to output/scraping_progress.json
2025-05-02 23:42:53,089 - INFO - Processed department: NEUROSC
2025-05-02 23:42:53,092 - INFO - Progress saved to output/scraping_progress.json
2025-05-02 23:42:53,099 - INFO - Processed department: NEURSGY
2025-05-02 23:42:53,101 - INFO - Progress saved to output/scraping_progress.json
2025-05-02 23:42:53,108 - INFO - Processed department: NREAST
2025-05-02 23:42:53,110 - INFO - Progress saved to output/scraping_progress.json
2025-05-02 23:42:53,118 - INFO - Processed department: NURSING
2025-05-02 23:42:53,120 - INFO - Progress saved to output/scraping_progress.json
2025-05-02 23:42:53,127 - INFO - Processed department: OBGYN
2025-05-02 23:42:53,129 - INFO - Progress saved to output/scraping_progress.json
2025-05-02 23:42:53,137 - INFO - Processed department: OPTH
2025-05-02 23:42:53,139 - INFO - Progress saved to output/scraping_progress.json
2025-05-02 23:42:53,147 - INFO - Processed department: ORLBIO
2025-05-02 23:42:53,149 - INFO - Progress saved to output/scraping_progress.json
2025-05-02 23:42:53,157 - INFO - Processed department: ORTHPDC
2025-05-02 23:42:53,159 - INFO - Progress saved to output/scraping_progress.json
2025-05-02 23:42:53,166 - INFO - Processed department: PATH
2025-05-02 23:42:53,168 - INFO - Progress saved to output/scraping_progress.json
2025-05-02 23:42:53,176 - INFO - Processed department: PBMED
2025-05-02 23:42:53,178 - INFO - Progress saved to output/scraping_progress.json
2025-05-02 23:42:53,185 - INFO - Processed department: PEDS
2025-05-02 23:42:53,188 - INFO - Progress saved to output/scraping_progress.json
2025-05-02 23:42:53,195 - INFO - Processed department: PHILOS
2025-05-02 23:42:53,197 - INFO - Progress saved to output/scraping_progress.json
2025-05-02 23:42:53,205 - INFO - Processed department: PHYSCI
2025-05-02 23:42:53,207 - INFO - Progress saved to output/scraping_progress.json
2025-05-02 23:42:53,214 - INFO - Processed department: PHYSICS
2025-05-02 23:42:53,216 - INFO - Progress saved to output/scraping_progress.json
2025-05-02 23:42:53,223 - INFO - Processed department: PHYSIOL
2025-05-02 23:42:53,226 - INFO - Progress saved to output/scraping_progress.json
2025-05-02 23:42:53,233 - INFO - Processed department: POLSCI
2025-05-02 23:42:53,237 - INFO - Progress saved to output/scraping_progress.json
2025-05-02 23:42:53,245 - INFO - Processed department: POLSH
2025-05-02 23:42:53,247 - INFO - Progress saved to output/scraping_progress.json
2025-05-02 23:42:53,256 - INFO - Processed department: PORTGSE
2025-05-02 23:42:53,258 - INFO - Progress saved to output/scraping_progress.json
2025-05-02 23:42:53,266 - INFO - Processed department: PSYCH
2025-05-02 23:42:53,268 - INFO - Progress saved to output/scraping_progress.json
2025-05-02 23:42:53,275 - INFO - Processed department: PSYCTRY
2025-05-02 23:42:53,278 - INFO - Progress saved to output/scraping_progress.json
2025-05-02 23:42:53,285 - INFO - Processed department: PUBAFF
2025-05-02 23:42:53,287 - INFO - Progress saved to output/scraping_progress.json
2025-05-02 23:42:53,295 - INFO - Processed department: PUBHLT
2025-05-02 23:42:53,297 - INFO - Progress saved to output/scraping_progress.json
2025-05-02 23:42:53,305 - INFO - Processed department: PUBPLC
2025-05-02 23:42:53,310 - INFO - Progress saved to output/scraping_progress.json
2025-05-02 23:42:53,319 - INFO - Processed department: QNTSCI
2025-05-02 23:42:53,324 - INFO - Progress saved to output/scraping_progress.json
2025-05-02 23:42:53,334 - INFO - Processed department: RADONC
2025-05-02 23:42:53,336 - INFO - Progress saved to output/scraping_progress.json
2025-05-02 23:42:53,344 - INFO - Processed department: RELIGN
2025-05-02 23:42:53,346 - INFO - Progress saved to output/scraping_progress.json
2025-05-02 23:42:53,353 - INFO - Processed department: RESPRC
2025-05-02 23:42:53,355 - INFO - Progress saved to output/scraping_progress.json
2025-05-02 23:42:53,362 - INFO - Processed department: ROMANIA
2025-05-02 23:42:53,364 - INFO - Progress saved to output/scraping_progress.json
2025-05-02 23:42:53,372 - INFO - Processed department: RUSSN
2025-05-02 23:42:53,375 - INFO - Progress saved to output/scraping_progress.json
2025-05-02 23:42:53,382 - INFO - Processed department: SASIAN
2025-05-02 23:42:53,385 - INFO - Progress saved to output/scraping_progress.json
2025-05-02 23:42:53,392 - INFO - Processed department: SCAND
2025-05-02 23:42:53,394 - INFO - Progress saved to output/scraping_progress.json
2025-05-02 23:42:53,401 - INFO - Processed department: SCIEDU
2025-05-02 23:42:53,403 - INFO - Progress saved to output/scraping_progress.json
2025-05-02 23:42:53,410 - INFO - Processed department: SEASIAN
2025-05-02 23:42:53,412 - INFO - Progress saved to output/scraping_progress.json
2025-05-02 23:42:53,419 - INFO - Processed department: SEMITIC
2025-05-02 23:42:53,421 - INFO - Progress saved to output/scraping_progress.json
2025-05-02 23:42:53,428 - INFO - Processed department: SLAVC
2025-05-02 23:42:53,432 - INFO - Progress saved to output/scraping_progress.json
2025-05-02 23:42:53,438 - INFO - Processed department: SOCGEN
2025-05-02 23:42:53,440 - INFO - Progress saved to output/scraping_progress.json
2025-05-02 23:42:53,447 - INFO - Processed department: SOCIOL
2025-05-02 23:42:53,449 - INFO - Progress saved to output/scraping_progress.json
2025-05-02 23:42:53,456 - INFO - Processed department: SOCSC
2025-05-02 23:42:53,458 - INFO - Progress saved to output/scraping_progress.json
2025-05-02 23:42:53,466 - INFO - Processed department: SOCTHT
2025-05-02 23:42:53,468 - INFO - Progress saved to output/scraping_progress.json
2025-05-02 23:42:53,474 - INFO - Processed department: SOCWLF
2025-05-02 23:42:53,477 - INFO - Progress saved to output/scraping_progress.json
2025-05-02 23:42:53,484 - INFO - Processed department: SPAN
2025-05-02 23:42:53,486 - INFO - Progress saved to output/scraping_progress.json
2025-05-02 23:42:53,493 - INFO - Processed department: SRBCRO
2025-05-02 23:42:53,495 - INFO - Progress saved to output/scraping_progress.json
2025-05-02 23:42:53,502 - INFO - Processed department: STATS
2025-05-02 23:42:53,504 - INFO - Progress saved to output/scraping_progress.json
2025-05-02 23:42:53,511 - INFO - Processed department: SURGERY
2025-05-02 23:42:53,513 - INFO - Progress saved to output/scraping_progress.json
2025-05-02 23:42:53,520 - INFO - Processed department: SWAHILI
2025-05-02 23:42:53,523 - INFO - Progress saved to output/scraping_progress.json
2025-05-02 23:42:53,530 - INFO - Processed department: THAI
2025-05-02 23:42:53,532 - INFO - Progress saved to output/scraping_progress.json
2025-05-02 23:42:53,539 - INFO - Processed department: THEATER
2025-05-02 23:42:53,541 - INFO - Progress saved to output/scraping_progress.json
2025-05-02 23:42:53,547 - INFO - Processed department: TURKIC
2025-05-02 23:42:53,549 - INFO - Progress saved to output/scraping_progress.json
2025-05-02 23:42:53,556 - INFO - Processed department: UGLAW
2025-05-02 23:42:53,558 - INFO - Progress saved to output/scraping_progress.json
2025-05-02 23:42:53,567 - INFO - Processed department: UKRN
2025-05-02 23:42:53,569 - INFO - Progress saved to output/scraping_progress.json
2025-05-02 23:42:53,576 - INFO - Processed department: UNIVST
2025-05-02 23:42:53,578 - INFO - Progress saved to output/scraping_progress.json
2025-05-02 23:42:53,585 - INFO - Processed department: URBNPL
2025-05-02 23:42:53,588 - INFO - Progress saved to output/scraping_progress.json
2025-05-02 23:42:53,595 - INFO - Processed department: UROLOGY
2025-05-02 23:42:53,597 - INFO - Progress saved to output/scraping_progress.json
2025-05-02 23:42:53,605 - INFO - Processed department: VIETMSE
2025-05-02 23:42:53,607 - INFO - Progress saved to output/scraping_progress.json
2025-05-02 23:42:53,614 - INFO - Processed department: WLARTS
2025-05-02 23:42:53,618 - INFO - Progress saved to output/scraping_progress.json
2025-05-02 23:42:53,625 - INFO - Processed department: YIDDSH
2025-05-02 23:42:53,627 - INFO - Progress saved to output/scraping_progress.json
2025-05-02 23:42:53,628 - INFO - Successfully extracted data for 198 departments
2025-05-02 23:42:53,629 - INFO - Saved department data to output/departments/ucla_departments.csv
2025-05-02 23:42:53,631 - INFO - Progress saved to output/scraping_progress.json
2025-05-02 23:42:53,779 - INFO - Browser closed
2025-05-02 23:42:53,780 - INFO - Successfully scraped 198 departments for ucla
2025-05-02 23:42:53,780 - INFO - Waiting 7.28 seconds before next university
2025-05-02 23:43:01,063 - INFO - Processing university 34/144: uh
2025-05-02 23:43:01,097 - INFO - Progress saved to output/scraping_progress.json
2025-05-02 23:43:01,097 - INFO - Starting department scraper for URL: https://www.coursicle.com/uh/courses/
2025-05-02 23:43:03,195 - INFO - WebDriver set up successfully
2025-05-02 23:43:05,029 - INFO - Visited homepage first: https://www.coursicle.com/uh/
2025-05-02 23:43:38,256 - ERROR - Error during department scraping: Message: timeout: Timed out receiving message from renderer: 12.416
  (Session info: chrome=135.0.7049.116)
Stacktrace:
0   chromedriver                        0x000000010135aa54 cxxbridge1$str$ptr + 2803960
1   chromedriver                        0x0000000101352cf0 cxxbridge1$str$ptr + 2771860
2   chromedriver                        0x0000000100e9e864 cxxbridge1$string$len + 93028
3   chromedriver                        0x0000000100e88d28 cxxbridge1$string$len + 4136
4   chromedriver                        0x0000000100e88aa0 cxxbridge1$string$len + 3488
5   chromedriver                        0x0000000100e86884 chromedriver + 190596
6   chromedriver                        0x0000000100e87414 chromedriver + 193556
7   chromedriver                        0x0000000100e95018 cxxbridge1$string$len + 54040
8   chromedriver                        0x0000000100eaadc4 cxxbridge1$string$len + 143556
9   chromedriver                        0x0000000100e87a48 chromedriver + 195144
10  chromedriver                        0x0000000100eaab9c cxxbridge1$string$len + 143004
11  chromedriver                        0x0000000100f26764 cxxbridge1$string$len + 649828
12  chromedriver                        0x0000000100ed97ec cxxbridge1$string$len + 334572
13  chromedriver                        0x000000010131fccc cxxbridge1$str$ptr + 2562928
14  chromedriver                        0x0000000101322f98 cxxbridge1$str$ptr + 2575932
15  chromedriver                        0x00000001013002c4 cxxbridge1$str$ptr + 2433384
16  chromedriver                        0x0000000101323810 cxxbridge1$str$ptr + 2578100
17  chromedriver                        0x00000001012f12f0 cxxbridge1$str$ptr + 2371988
18  chromedriver                        0x000000010134357c cxxbridge1$str$ptr + 2708512
19  chromedriver                        0x0000000101343708 cxxbridge1$str$ptr + 2708908
20  chromedriver                        0x000000010135293c cxxbridge1$str$ptr + 2770912
21  libsystem_pthread.dylib             0x0000000199b602e4 _pthread_start + 136
22  libsystem_pthread.dylib             0x0000000199b5b0fc thread_start + 8

2025-05-02 23:43:38,679 - INFO - Browser closed
2025-05-02 23:43:38,679 - ERROR - Error processing university uh: cannot access local variable 'os' where it is not associated with a value
2025-05-02 23:43:38,679 - INFO - Processing university 35/144: concordiaca
2025-05-02 23:43:38,698 - INFO - Progress saved to output/scraping_progress.json
2025-05-02 23:43:38,701 - INFO - Starting department scraper for URL: https://www.coursicle.com/concordiaca/courses/
2025-05-02 23:43:40,818 - INFO - WebDriver set up successfully
2025-05-02 23:43:43,259 - INFO - Visited homepage first: https://www.coursicle.com/concordiaca/
2025-05-02 23:43:50,612 - INFO - Navigated to https://www.coursicle.com/concordiaca/courses/
2025-05-02 23:43:59,568 - WARNING - Error during human behavior simulation: empty range in randrange(773, -453)
2025-05-02 23:43:59,588 - INFO - Tile container loaded
2025-05-02 23:44:04,720 - INFO - No 'More' button found or it's not needed
2025-05-02 23:44:04,733 - INFO - Found 0 department tiles
2025-05-02 23:44:11,900 - WARNING - Error during human behavior simulation: empty range in randrange(773, -453)
2025-05-02 23:44:11,901 - WARNING - No departments found, saving debug information
2025-05-02 23:44:11,901 - ERROR - Error during department scraping: cannot access local variable 'os' where it is not associated with a value
2025-05-02 23:44:11,991 - INFO - Browser closed
2025-05-02 23:44:11,991 - ERROR - Error processing university concordiaca: cannot access local variable 'os' where it is not associated with a value
2025-05-02 23:44:11,991 - INFO - Processing university 36/144: berkeley
2025-05-02 23:44:11,995 - INFO - Progress saved to output/scraping_progress.json
2025-05-02 23:44:11,995 - INFO - Departments for berkeley already exist in output/departments/berkeley_departments.csv, skipping
2025-05-02 23:44:11,997 - INFO - Loaded 233 existing departments for berkeley
2025-05-02 23:44:12,000 - INFO - Progress saved to output/scraping_progress.json
2025-05-02 23:44:12,000 - INFO - Waiting 7.14 seconds before next university
2025-05-02 23:44:19,143 - INFO - Processing university 37/144: kennesaw
2025-05-02 23:44:19,152 - INFO - Progress saved to output/scraping_progress.json
2025-05-02 23:44:19,152 - INFO - Starting department scraper for URL: https://www.coursicle.com/kennesaw/courses/
2025-05-02 23:44:20,231 - INFO - WebDriver set up successfully
2025-05-02 23:44:21,657 - INFO - Visited homepage first: https://www.coursicle.com/kennesaw/
2025-05-02 23:44:29,401 - INFO - Navigated to https://www.coursicle.com/kennesaw/courses/
2025-05-02 23:44:39,882 - INFO - Tile container loaded
2025-05-02 23:44:39,890 - INFO - Found 'More' button, will click to show all departments
2025-05-02 23:44:41,919 - INFO - Clicked 'More' button
2025-05-02 23:44:46,279 - INFO - Clicked 'More' button
2025-05-02 23:44:50,892 - INFO - Clicked 'More' button
2025-05-02 23:44:54,372 - INFO - Clicked 'More' button
2025-05-02 23:44:57,661 - INFO - Clicked 'More' button
2025-05-02 23:45:00,636 - INFO - Clicked 'More' button
2025-05-02 23:45:03,570 - INFO - Clicked 'More' button
2025-05-02 23:45:06,493 - INFO - Clicked 'More' button
2025-05-02 23:45:10,045 - INFO - Clicked 'More' button
2025-05-02 23:45:13,441 - INFO - Found 200 department tiles
2025-05-02 23:45:22,915 - INFO - Processed department: AADS
2025-05-02 23:45:22,926 - INFO - Progress saved to output/scraping_progress.json
2025-05-02 23:45:22,936 - INFO - Processed department: ACCT
2025-05-02 23:45:22,939 - INFO - Progress saved to output/scraping_progress.json
2025-05-02 23:45:22,947 - INFO - Processed department: ACS
2025-05-02 23:45:22,949 - INFO - Progress saved to output/scraping_progress.json
2025-05-02 23:45:22,960 - INFO - Processed department: ACST
2025-05-02 23:45:22,963 - INFO - Progress saved to output/scraping_progress.json
2025-05-02 23:45:22,970 - INFO - Processed department: AI
2025-05-02 23:45:22,972 - INFO - Progress saved to output/scraping_progress.json
2025-05-02 23:45:22,980 - INFO - Processed department: AIAE
2025-05-02 23:45:22,983 - INFO - Progress saved to output/scraping_progress.json
2025-05-02 23:45:22,990 - INFO - Processed department: AMST
2025-05-02 23:45:22,992 - INFO - Progress saved to output/scraping_progress.json
2025-05-02 23:45:22,999 - INFO - Processed department: ANIM
2025-05-02 23:45:23,002 - INFO - Progress saved to output/scraping_progress.json
2025-05-02 23:45:23,009 - INFO - Processed department: ANTH
2025-05-02 23:45:23,011 - INFO - Progress saved to output/scraping_progress.json
2025-05-02 23:45:23,018 - INFO - Processed department: ARCH
2025-05-02 23:45:23,021 - INFO - Progress saved to output/scraping_progress.json
2025-05-02 23:45:23,028 - INFO - Processed department: ARED
2025-05-02 23:45:23,030 - INFO - Progress saved to output/scraping_progress.json
2025-05-02 23:45:23,040 - INFO - Processed department: ARH
2025-05-02 23:45:23,043 - INFO - Progress saved to output/scraping_progress.json
2025-05-02 23:45:23,050 - INFO - Processed department: ART
2025-05-02 23:45:23,053 - INFO - Progress saved to output/scraping_progress.json
2025-05-02 23:45:23,059 - INFO - Processed department: ARTS
2025-05-02 23:45:23,062 - INFO - Progress saved to output/scraping_progress.json
2025-05-02 23:45:23,069 - INFO - Processed department: ASIA
2025-05-02 23:45:23,071 - INFO - Progress saved to output/scraping_progress.json
2025-05-02 23:45:23,079 - INFO - Processed department: ASTR
2025-05-02 23:45:23,081 - INFO - Progress saved to output/scraping_progress.json
2025-05-02 23:45:23,088 - INFO - Processed department: ATT
2025-05-02 23:45:23,091 - INFO - Progress saved to output/scraping_progress.json
2025-05-02 23:45:23,097 - INFO - Processed department: BED
2025-05-02 23:45:23,100 - INFO - Progress saved to output/scraping_progress.json
2025-05-02 23:45:23,107 - INFO - Processed department: BIOL
2025-05-02 23:45:23,109 - INFO - Progress saved to output/scraping_progress.json
2025-05-02 23:45:23,116 - INFO - Processed department: BLAW
2025-05-02 23:45:23,118 - INFO - Progress saved to output/scraping_progress.json
2025-05-02 23:45:23,125 - INFO - Processed department: BLCK
2025-05-02 23:45:23,127 - INFO - Progress saved to output/scraping_progress.json
2025-05-02 23:45:23,135 - INFO - Processed department: BRM
2025-05-02 23:45:23,137 - INFO - Progress saved to output/scraping_progress.json
2025-05-02 23:45:23,144 - INFO - Processed department: BUSA
2025-05-02 23:45:23,146 - INFO - Progress saved to output/scraping_progress.json
2025-05-02 23:45:23,153 - INFO - Processed department: CE
2025-05-02 23:45:23,155 - INFO - Progress saved to output/scraping_progress.json
2025-05-02 23:45:23,166 - INFO - Processed department: CGDD
2025-05-02 23:45:23,168 - INFO - Progress saved to output/scraping_progress.json
2025-05-02 23:45:23,175 - INFO - Processed department: CHED
2025-05-02 23:45:23,177 - INFO - Progress saved to output/scraping_progress.json
2025-05-02 23:45:23,184 - INFO - Processed department: CHEM
2025-05-02 23:45:23,186 - INFO - Progress saved to output/scraping_progress.json
2025-05-02 23:45:23,193 - INFO - Processed department: CHIN
2025-05-02 23:45:23,195 - INFO - Progress saved to output/scraping_progress.json
2025-05-02 23:45:23,202 - INFO - Processed department: CHNS
2025-05-02 23:45:23,204 - INFO - Progress saved to output/scraping_progress.json
2025-05-02 23:45:23,211 - INFO - Processed department: CM
2025-05-02 23:45:23,213 - INFO - Progress saved to output/scraping_progress.json
2025-05-02 23:45:23,223 - INFO - Processed department: COM
2025-05-02 23:45:23,225 - INFO - Progress saved to output/scraping_progress.json
2025-05-02 23:45:23,232 - INFO - Processed department: COMM
2025-05-02 23:45:23,234 - INFO - Progress saved to output/scraping_progress.json
2025-05-02 23:45:23,241 - INFO - Processed department: COOP
2025-05-02 23:45:23,243 - INFO - Progress saved to output/scraping_progress.json
2025-05-02 23:45:23,249 - INFO - Processed department: CPE
2025-05-02 23:45:23,251 - INFO - Progress saved to output/scraping_progress.json
2025-05-02 23:45:23,258 - INFO - Processed department: CRJU
2025-05-02 23:45:23,260 - INFO - Progress saved to output/scraping_progress.json
2025-05-02 23:45:23,267 - INFO - Processed department: CS
2025-05-02 23:45:23,269 - INFO - Progress saved to output/scraping_progress.json
2025-05-02 23:45:23,276 - INFO - Processed department: CSCH
2025-05-02 23:45:23,278 - INFO - Progress saved to output/scraping_progress.json
2025-05-02 23:45:23,285 - INFO - Processed department: CSCI
2025-05-02 23:45:23,287 - INFO - Progress saved to output/scraping_progress.json
2025-05-02 23:45:23,294 - INFO - Processed department: CSE
2025-05-02 23:45:23,296 - INFO - Progress saved to output/scraping_progress.json
2025-05-02 23:45:23,303 - INFO - Processed department: CSED
2025-05-02 23:45:23,305 - INFO - Progress saved to output/scraping_progress.json
2025-05-02 23:45:23,312 - INFO - Processed department: CSH
2025-05-02 23:45:23,314 - INFO - Progress saved to output/scraping_progress.json
2025-05-02 23:45:23,321 - INFO - Processed department: CTS
2025-05-02 23:45:23,323 - INFO - Progress saved to output/scraping_progress.json
2025-05-02 23:45:23,330 - INFO - Processed department: CYBR
2025-05-02 23:45:23,332 - INFO - Progress saved to output/scraping_progress.json
2025-05-02 23:45:23,339 - INFO - Processed department: DANC
2025-05-02 23:45:23,341 - INFO - Progress saved to output/scraping_progress.json
2025-05-02 23:45:23,348 - INFO - Processed department: DATA
2025-05-02 23:45:23,350 - INFO - Progress saved to output/scraping_progress.json
2025-05-02 23:45:23,357 - INFO - Processed department: DS
2025-05-02 23:45:23,359 - INFO - Progress saved to output/scraping_progress.json
2025-05-02 23:45:23,365 - INFO - Processed department: DWMA
2025-05-02 23:45:23,367 - INFO - Progress saved to output/scraping_progress.json
2025-05-02 23:45:23,374 - INFO - Processed department: ECE
2025-05-02 23:45:23,377 - INFO - Progress saved to output/scraping_progress.json
2025-05-02 23:45:23,384 - INFO - Processed department: ECET
2025-05-02 23:45:23,386 - INFO - Progress saved to output/scraping_progress.json
2025-05-02 23:45:23,393 - INFO - Processed department: ECON
2025-05-02 23:45:23,395 - INFO - Progress saved to output/scraping_progress.json
2025-05-02 23:45:23,402 - INFO - Processed department: EDAD
2025-05-02 23:45:23,404 - INFO - Progress saved to output/scraping_progress.json
2025-05-02 23:45:23,411 - INFO - Processed department: EDCI
2025-05-02 23:45:23,414 - INFO - Progress saved to output/scraping_progress.json
2025-05-02 23:45:23,421 - INFO - Processed department: EDCO
2025-05-02 23:45:23,423 - INFO - Progress saved to output/scraping_progress.json
2025-05-02 23:45:23,430 - INFO - Processed department: EDG
2025-05-02 23:45:23,432 - INFO - Progress saved to output/scraping_progress.json
2025-05-02 23:45:23,439 - INFO - Processed department: EDL
2025-05-02 23:45:23,441 - INFO - Progress saved to output/scraping_progress.json
2025-05-02 23:45:23,448 - INFO - Processed department: EDMA
2025-05-02 23:45:23,451 - INFO - Progress saved to output/scraping_progress.json
2025-05-02 23:45:23,458 - INFO - Processed department: EDMG
2025-05-02 23:45:23,460 - INFO - Progress saved to output/scraping_progress.json
2025-05-02 23:45:23,467 - INFO - Processed department: EDRD
2025-05-02 23:45:23,470 - INFO - Progress saved to output/scraping_progress.json
2025-05-02 23:45:23,477 - INFO - Processed department: EDRS
2025-05-02 23:45:23,479 - INFO - Progress saved to output/scraping_progress.json
2025-05-02 23:45:23,486 - INFO - Processed department: EDSM
2025-05-02 23:45:23,488 - INFO - Progress saved to output/scraping_progress.json
2025-05-02 23:45:23,496 - INFO - Processed department: EDUC
2025-05-02 23:45:23,498 - INFO - Progress saved to output/scraping_progress.json
2025-05-02 23:45:23,506 - INFO - Processed department: EE
2025-05-02 23:45:23,508 - INFO - Progress saved to output/scraping_progress.json
2025-05-02 23:45:23,514 - INFO - Processed department: EHS
2025-05-02 23:45:23,517 - INFO - Progress saved to output/scraping_progress.json
2025-05-02 23:45:23,525 - INFO - Processed department: EM
2025-05-02 23:45:23,527 - INFO - Progress saved to output/scraping_progress.json
2025-05-02 23:45:23,534 - INFO - Processed department: ENED
2025-05-02 23:45:23,536 - INFO - Progress saved to output/scraping_progress.json
2025-05-02 23:45:23,542 - INFO - Processed department: ENGL
2025-05-02 23:45:23,544 - INFO - Progress saved to output/scraping_progress.json
2025-05-02 23:45:23,552 - INFO - Processed department: ENGR
2025-05-02 23:45:23,554 - INFO - Progress saved to output/scraping_progress.json
2025-05-02 23:45:23,563 - INFO - Processed department: ENGT
2025-05-02 23:45:23,565 - INFO - Progress saved to output/scraping_progress.json
2025-05-02 23:45:23,572 - INFO - Processed department: ENTR
2025-05-02 23:45:23,574 - INFO - Progress saved to output/scraping_progress.json
2025-05-02 23:45:23,581 - INFO - Processed department: ENVS
2025-05-02 23:45:23,583 - INFO - Progress saved to output/scraping_progress.json
2025-05-02 23:45:23,591 - INFO - Processed department: ES
2025-05-02 23:45:23,593 - INFO - Progress saved to output/scraping_progress.json
2025-05-02 23:45:23,600 - INFO - Processed department: ESL
2025-05-02 23:45:23,602 - INFO - Progress saved to output/scraping_progress.json
2025-05-02 23:45:23,609 - INFO - Processed department: EURO
2025-05-02 23:45:23,611 - INFO - Progress saved to output/scraping_progress.json
2025-05-02 23:45:23,618 - INFO - Processed department: EUST
2025-05-02 23:45:23,620 - INFO - Progress saved to output/scraping_progress.json
2025-05-02 23:45:23,627 - INFO - Processed department: FILM
2025-05-02 23:45:23,629 - INFO - Progress saved to output/scraping_progress.json
2025-05-02 23:45:23,638 - INFO - Processed department: FIN
2025-05-02 23:45:23,640 - INFO - Progress saved to output/scraping_progress.json
2025-05-02 23:45:23,647 - INFO - Processed department: FIS
2025-05-02 23:45:23,650 - INFO - Progress saved to output/scraping_progress.json
2025-05-02 23:45:23,657 - INFO - Processed department: FL
2025-05-02 23:45:23,659 - INFO - Progress saved to output/scraping_progress.json
2025-05-02 23:45:23,666 - INFO - Processed department: FLED
2025-05-02 23:45:23,668 - INFO - Progress saved to output/scraping_progress.json
2025-05-02 23:45:23,675 - INFO - Processed department: FREN
2025-05-02 23:45:23,677 - INFO - Progress saved to output/scraping_progress.json
2025-05-02 23:45:23,684 - INFO - Processed department: FTA
2025-05-02 23:45:23,686 - INFO - Progress saved to output/scraping_progress.json
2025-05-02 23:45:23,693 - INFO - Processed department: FYS
2025-05-02 23:45:23,695 - INFO - Progress saved to output/scraping_progress.json
2025-05-02 23:45:23,702 - INFO - Processed department: GBA
2025-05-02 23:45:23,704 - INFO - Progress saved to output/scraping_progress.json
2025-05-02 23:45:23,711 - INFO - Processed department: GEOG
2025-05-02 23:45:23,713 - INFO - Progress saved to output/scraping_progress.json
2025-05-02 23:45:23,720 - INFO - Processed department: GEOL
2025-05-02 23:45:23,722 - INFO - Progress saved to output/scraping_progress.json
2025-05-02 23:45:23,729 - INFO - Processed department: GFA
2025-05-02 23:45:23,731 - INFO - Progress saved to output/scraping_progress.json
2025-05-02 23:45:23,738 - INFO - Processed department: GIS
2025-05-02 23:45:23,740 - INFO - Progress saved to output/scraping_progress.json
2025-05-02 23:45:23,747 - INFO - Processed department: GRAD
2025-05-02 23:45:23,749 - INFO - Progress saved to output/scraping_progress.json
2025-05-02 23:45:23,756 - INFO - Processed department: GRMN
2025-05-02 23:45:23,758 - INFO - Progress saved to output/scraping_progress.json
2025-05-02 23:45:23,765 - INFO - Processed department: GWST
2025-05-02 23:45:23,767 - INFO - Progress saved to output/scraping_progress.json
2025-05-02 23:45:23,774 - INFO - Processed department: HEA
2025-05-02 23:45:23,776 - INFO - Progress saved to output/scraping_progress.json
2025-05-02 23:45:23,783 - INFO - Processed department: HEBR
2025-05-02 23:45:23,785 - INFO - Progress saved to output/scraping_progress.json
2025-05-02 23:45:23,792 - INFO - Processed department: HESA
2025-05-02 23:45:23,795 - INFO - Progress saved to output/scraping_progress.json
2025-05-02 23:45:23,802 - INFO - Processed department: HHS
2025-05-02 23:45:23,804 - INFO - Progress saved to output/scraping_progress.json
2025-05-02 23:45:23,810 - INFO - Processed department: HIED
2025-05-02 23:45:23,813 - INFO - Progress saved to output/scraping_progress.json
2025-05-02 23:45:23,819 - INFO - Processed department: HIST
2025-05-02 23:45:23,822 - INFO - Progress saved to output/scraping_progress.json
2025-05-02 23:45:23,829 - INFO - Processed department: HMGT
2025-05-02 23:45:23,831 - INFO - Progress saved to output/scraping_progress.json
2025-05-02 23:45:23,838 - INFO - Processed department: HMI
2025-05-02 23:45:23,840 - INFO - Progress saved to output/scraping_progress.json
2025-05-02 23:45:23,847 - INFO - Processed department: HON
2025-05-02 23:45:23,850 - INFO - Progress saved to output/scraping_progress.json
2025-05-02 23:45:23,857 - INFO - Processed department: HPAL
2025-05-02 23:45:23,859 - INFO - Progress saved to output/scraping_progress.json
2025-05-02 23:45:23,866 - INFO - Processed department: HPE
2025-05-02 23:45:23,868 - INFO - Progress saved to output/scraping_progress.json
2025-05-02 23:45:23,875 - INFO - Processed department: HS
2025-05-02 23:45:23,878 - INFO - Progress saved to output/scraping_progress.json
2025-05-02 23:45:23,885 - INFO - Processed department: IAD
2025-05-02 23:45:23,887 - INFO - Progress saved to output/scraping_progress.json
2025-05-02 23:45:23,894 - INFO - Processed department: ICT
2025-05-02 23:45:23,896 - INFO - Progress saved to output/scraping_progress.json
2025-05-02 23:45:23,903 - INFO - Processed department: IEP
2025-05-02 23:45:23,906 - INFO - Progress saved to output/scraping_progress.json
2025-05-02 23:45:23,913 - INFO - Processed department: IET
2025-05-02 23:45:23,915 - INFO - Progress saved to output/scraping_progress.json
2025-05-02 23:45:23,922 - INFO - Processed department: IHS
2025-05-02 23:45:23,925 - INFO - Progress saved to output/scraping_progress.json
2025-05-02 23:45:23,932 - INFO - Processed department: ILEC
2025-05-02 23:45:23,934 - INFO - Progress saved to output/scraping_progress.json
2025-05-02 23:45:23,941 - INFO - Processed department: INCM
2025-05-02 23:45:23,948 - INFO - Progress saved to output/scraping_progress.json
2025-05-02 23:45:23,955 - INFO - Processed department: INDS
2025-05-02 23:45:23,958 - INFO - Progress saved to output/scraping_progress.json
2025-05-02 23:45:23,965 - INFO - Processed department: INED
2025-05-02 23:45:23,967 - INFO - Progress saved to output/scraping_progress.json
2025-05-02 23:45:23,974 - INFO - Processed department: INS
2025-05-02 23:45:23,976 - INFO - Progress saved to output/scraping_progress.json
2025-05-02 23:45:23,983 - INFO - Processed department: INTS
2025-05-02 23:45:23,985 - INFO - Progress saved to output/scraping_progress.json
2025-05-02 23:45:23,992 - INFO - Processed department: IPE
2025-05-02 23:45:23,994 - INFO - Progress saved to output/scraping_progress.json
2025-05-02 23:45:24,001 - INFO - Processed department: IPM
2025-05-02 23:45:24,004 - INFO - Progress saved to output/scraping_progress.json
2025-05-02 23:45:24,011 - INFO - Processed department: IS
2025-05-02 23:45:24,013 - INFO - Progress saved to output/scraping_progress.json
2025-05-02 23:45:24,019 - INFO - Processed department: ISA
2025-05-02 23:45:24,022 - INFO - Progress saved to output/scraping_progress.json
2025-05-02 23:45:24,028 - INFO - Processed department: ISCI
2025-05-02 23:45:24,030 - INFO - Progress saved to output/scraping_progress.json
2025-05-02 23:45:24,037 - INFO - Processed department: ISD
2025-05-02 23:45:24,039 - INFO - Progress saved to output/scraping_progress.json
2025-05-02 23:45:24,047 - INFO - Processed department: ISYE
2025-05-02 23:45:24,049 - INFO - Progress saved to output/scraping_progress.json
2025-05-02 23:45:24,056 - INFO - Processed department: IT
2025-05-02 23:45:24,058 - INFO - Progress saved to output/scraping_progress.json
2025-05-02 23:45:24,065 - INFO - Processed department: ITAL
2025-05-02 23:45:24,068 - INFO - Progress saved to output/scraping_progress.json
2025-05-02 23:45:24,074 - INFO - Processed department: ITEC
2025-05-02 23:45:24,077 - INFO - Progress saved to output/scraping_progress.json
2025-05-02 23:45:24,084 - INFO - Processed department: JAPN
2025-05-02 23:45:24,086 - INFO - Progress saved to output/scraping_progress.json
2025-05-02 23:45:24,093 - INFO - Processed department: JOUR
2025-05-02 23:45:24,095 - INFO - Progress saved to output/scraping_progress.json
2025-05-02 23:45:24,102 - INFO - Processed department: JPN
2025-05-02 23:45:24,104 - INFO - Progress saved to output/scraping_progress.json
2025-05-02 23:45:24,111 - INFO - Processed department: KOR
2025-05-02 23:45:24,113 - INFO - Progress saved to output/scraping_progress.json
2025-05-02 23:45:24,120 - INFO - Processed department: KSU
2025-05-02 23:45:24,122 - INFO - Progress saved to output/scraping_progress.json
2025-05-02 23:45:24,129 - INFO - Processed department: LALS
2025-05-02 23:45:24,132 - INFO - Progress saved to output/scraping_progress.json
2025-05-02 23:45:24,138 - INFO - Processed department: LATN
2025-05-02 23:45:24,141 - INFO - Progress saved to output/scraping_progress.json
2025-05-02 23:45:24,147 - INFO - Processed department: LDRS
2025-05-02 23:45:24,150 - INFO - Progress saved to output/scraping_progress.json
2025-05-02 23:45:24,157 - INFO - Processed department: LDT
2025-05-02 23:45:24,159 - INFO - Progress saved to output/scraping_progress.json
2025-05-02 23:45:24,166 - INFO - Processed department: LING
2025-05-02 23:45:24,168 - INFO - Progress saved to output/scraping_progress.json
2025-05-02 23:45:24,174 - INFO - Processed department: MAED
2025-05-02 23:45:24,177 - INFO - Progress saved to output/scraping_progress.json
2025-05-02 23:45:24,183 - INFO - Processed department: MATH
2025-05-02 23:45:24,186 - INFO - Progress saved to output/scraping_progress.json
2025-05-02 23:45:24,193 - INFO - Processed department: ME
2025-05-02 23:45:24,195 - INFO - Progress saved to output/scraping_progress.json
2025-05-02 23:45:24,202 - INFO - Processed department: MEBU
2025-05-02 23:45:24,204 - INFO - Progress saved to output/scraping_progress.json
2025-05-02 23:45:24,211 - INFO - Processed department: MENT
2025-05-02 23:45:24,213 - INFO - Progress saved to output/scraping_progress.json
2025-05-02 23:45:24,220 - INFO - Processed department: MET
2025-05-02 23:45:24,223 - INFO - Progress saved to output/scraping_progress.json
2025-05-02 23:45:24,229 - INFO - Processed department: MGT
2025-05-02 23:45:24,231 - INFO - Progress saved to output/scraping_progress.json
2025-05-02 23:45:24,238 - INFO - Processed department: MILS
2025-05-02 23:45:24,241 - INFO - Progress saved to output/scraping_progress.json
2025-05-02 23:45:24,248 - INFO - Processed department: MKTG
2025-05-02 23:45:24,250 - INFO - Progress saved to output/scraping_progress.json
2025-05-02 23:45:24,257 - INFO - Processed department: MSCM
2025-05-02 23:45:24,260 - INFO - Progress saved to output/scraping_progress.json
2025-05-02 23:45:24,267 - INFO - Processed department: MTRE
2025-05-02 23:45:24,269 - INFO - Progress saved to output/scraping_progress.json
2025-05-02 23:45:24,276 - INFO - Processed department: MUAP
2025-05-02 23:45:24,278 - INFO - Progress saved to output/scraping_progress.json
2025-05-02 23:45:24,285 - INFO - Processed department: MUED
2025-05-02 23:45:24,288 - INFO - Progress saved to output/scraping_progress.json
2025-05-02 23:45:24,294 - INFO - Processed department: MUSC
2025-05-02 23:45:24,297 - INFO - Progress saved to output/scraping_progress.json
2025-05-02 23:45:24,304 - INFO - Processed department: MUSE
2025-05-02 23:45:24,306 - INFO - Progress saved to output/scraping_progress.json
2025-05-02 23:45:24,313 - INFO - Processed department: MUSI
2025-05-02 23:45:24,316 - INFO - Progress saved to output/scraping_progress.json
2025-05-02 23:45:24,323 - INFO - Processed department: NS
2025-05-02 23:45:24,325 - INFO - Progress saved to output/scraping_progress.json
2025-05-02 23:45:24,332 - INFO - Processed department: NURS
2025-05-02 23:45:24,334 - INFO - Progress saved to output/scraping_progress.json
2025-05-02 23:45:24,341 - INFO - Processed department: OP
2025-05-02 23:45:24,344 - INFO - Progress saved to output/scraping_progress.json
2025-05-02 23:45:24,350 - INFO - Processed department: ORGC
2025-05-02 23:45:24,353 - INFO - Progress saved to output/scraping_progress.json
2025-05-02 23:45:24,359 - INFO - Processed department: ORNT
2025-05-02 23:45:24,362 - INFO - Progress saved to output/scraping_progress.json
2025-05-02 23:45:24,369 - INFO - Processed department: PAD
2025-05-02 23:45:24,371 - INFO - Progress saved to output/scraping_progress.json
2025-05-02 23:45:24,393 - INFO - Processed department: PAX
2025-05-02 23:45:24,403 - INFO - Progress saved to output/scraping_progress.json
2025-05-02 23:45:24,414 - INFO - Processed department: PERS
2025-05-02 23:45:24,417 - INFO - Progress saved to output/scraping_progress.json
2025-05-02 23:45:24,424 - INFO - Processed department: PH
2025-05-02 23:45:24,426 - INFO - Progress saved to output/scraping_progress.json
2025-05-02 23:45:24,433 - INFO - Processed department: PHE
2025-05-02 23:45:24,436 - INFO - Progress saved to output/scraping_progress.json
2025-05-02 23:45:24,443 - INFO - Processed department: PHED
2025-05-02 23:45:24,445 - INFO - Progress saved to output/scraping_progress.json
2025-05-02 23:45:24,452 - INFO - Processed department: PHIL
2025-05-02 23:45:24,455 - INFO - Progress saved to output/scraping_progress.json
2025-05-02 23:45:24,461 - INFO - Processed department: PHYS
2025-05-02 23:45:24,469 - INFO - Progress saved to output/scraping_progress.json
2025-05-02 23:45:24,476 - INFO - Processed department: POLS
2025-05-02 23:45:24,480 - INFO - Progress saved to output/scraping_progress.json
2025-05-02 23:45:24,487 - INFO - Processed department: PORT
2025-05-02 23:45:24,490 - INFO - Progress saved to output/scraping_progress.json
2025-05-02 23:45:24,499 - INFO - Processed department: PR
2025-05-02 23:45:24,501 - INFO - Progress saved to output/scraping_progress.json
2025-05-02 23:45:24,508 - INFO - Processed department: PRWR
2025-05-02 23:45:24,510 - INFO - Progress saved to output/scraping_progress.json
2025-05-02 23:45:24,517 - INFO - Processed department: PSYC
2025-05-02 23:45:24,519 - INFO - Progress saved to output/scraping_progress.json
2025-05-02 23:45:24,526 - INFO - Processed department: QA
2025-05-02 23:45:24,528 - INFO - Progress saved to output/scraping_progress.json
2025-05-02 23:45:24,535 - INFO - Processed department: RE
2025-05-02 23:45:24,537 - INFO - Progress saved to output/scraping_progress.json
2025-05-02 23:45:24,543 - INFO - Processed department: REET
2025-05-02 23:45:24,546 - INFO - Progress saved to output/scraping_progress.json
2025-05-02 23:45:24,552 - INFO - Processed department: RELS
2025-05-02 23:45:24,555 - INFO - Progress saved to output/scraping_progress.json
2025-05-02 23:45:24,562 - INFO - Processed department: RES
2025-05-02 23:45:24,564 - INFO - Progress saved to output/scraping_progress.json
2025-05-02 23:45:24,571 - INFO - Processed department: RUSS
2025-05-02 23:45:24,574 - INFO - Progress saved to output/scraping_progress.json
2025-05-02 23:45:24,581 - INFO - Processed department: SA
2025-05-02 23:45:24,583 - INFO - Progress saved to output/scraping_progress.json
2025-05-02 23:45:24,590 - INFO - Processed department: SCED
2025-05-02 23:45:24,592 - INFO - Progress saved to output/scraping_progress.json
2025-05-02 23:45:24,599 - INFO - Processed department: SCI
2025-05-02 23:45:24,601 - INFO - Progress saved to output/scraping_progress.json
2025-05-02 23:45:24,607 - INFO - Processed department: SCM
2025-05-02 23:45:24,610 - INFO - Progress saved to output/scraping_progress.json
2025-05-02 23:45:24,616 - INFO - Processed department: SETS
2025-05-02 23:45:24,619 - INFO - Progress saved to output/scraping_progress.json
2025-05-02 23:45:24,625 - INFO - Processed department: SM
2025-05-02 23:45:24,628 - INFO - Progress saved to output/scraping_progress.json
2025-05-02 23:45:24,635 - INFO - Processed department: SOCI
2025-05-02 23:45:24,638 - INFO - Progress saved to output/scraping_progress.json
2025-05-02 23:45:24,645 - INFO - Processed department: SPAN
2025-05-02 23:45:24,647 - INFO - Progress saved to output/scraping_progress.json
2025-05-02 23:45:24,654 - INFO - Processed department: STAT
2025-05-02 23:45:24,657 - INFO - Progress saved to output/scraping_progress.json
2025-05-02 23:45:24,664 - INFO - Processed department: STS
2025-05-02 23:45:24,666 - INFO - Progress saved to output/scraping_progress.json
2025-05-02 23:45:24,673 - INFO - Processed department: STVW
2025-05-02 23:45:24,676 - INFO - Progress saved to output/scraping_progress.json
2025-05-02 23:45:24,686 - INFO - Processed department: SURV
2025-05-02 23:45:24,688 - INFO - Progress saved to output/scraping_progress.json
2025-05-02 23:45:24,695 - INFO - Processed department: SW
2025-05-02 23:45:24,698 - INFO - Progress saved to output/scraping_progress.json
2025-05-02 23:45:24,707 - INFO - Processed department: SWE
2025-05-02 23:45:24,710 - INFO - Progress saved to output/scraping_progress.json
2025-05-02 23:45:24,717 - INFO - Processed department: SYE
2025-05-02 23:45:24,720 - INFO - Progress saved to output/scraping_progress.json
2025-05-02 23:45:24,727 - INFO - Processed department: TCID
2025-05-02 23:45:24,729 - INFO - Progress saved to output/scraping_progress.json
2025-05-02 23:45:24,736 - INFO - Processed department: TCOM
2025-05-02 23:45:24,738 - INFO - Progress saved to output/scraping_progress.json
2025-05-02 23:45:24,745 - INFO - Processed department: THEA
2025-05-02 23:45:24,748 - INFO - Progress saved to output/scraping_progress.json
2025-05-02 23:45:24,755 - INFO - Processed department: TLED
2025-05-02 23:45:24,757 - INFO - Progress saved to output/scraping_progress.json
2025-05-02 23:45:24,765 - INFO - Processed department: TPS
2025-05-02 23:45:24,767 - INFO - Progress saved to output/scraping_progress.json
2025-05-02 23:45:24,774 - INFO - Processed department: TS
2025-05-02 23:45:24,777 - INFO - Progress saved to output/scraping_progress.json
2025-05-02 23:45:24,783 - INFO - Processed department: WELL
2025-05-02 23:45:24,786 - INFO - Progress saved to output/scraping_progress.json
2025-05-02 23:45:24,793 - INFO - Processed department: WLC
2025-05-02 23:45:24,795 - INFO - Progress saved to output/scraping_progress.json
2025-05-02 23:45:24,802 - INFO - Processed department: WLED
2025-05-02 23:45:24,805 - INFO - Progress saved to output/scraping_progress.json
2025-05-02 23:45:24,812 - INFO - Processed department: WMBA
2025-05-02 23:45:24,814 - INFO - Progress saved to output/scraping_progress.json
2025-05-02 23:45:24,821 - INFO - Processed department: WRIT
2025-05-02 23:45:24,824 - INFO - Progress saved to output/scraping_progress.json
2025-05-02 23:45:24,831 - INFO - Processed department: XREG
2025-05-02 23:45:24,833 - INFO - Progress saved to output/scraping_progress.json
2025-05-02 23:45:24,833 - INFO - Successfully extracted data for 200 departments
2025-05-02 23:45:24,836 - INFO - Saved department data to output/departments/kennesaw_departments.csv
2025-05-02 23:45:24,838 - INFO - Progress saved to output/scraping_progress.json
2025-05-02 23:45:24,946 - INFO - Browser closed
2025-05-02 23:45:24,946 - INFO - Successfully scraped 200 departments for kennesaw
2025-05-02 23:45:24,946 - INFO - Waiting 3.83 seconds before next university
2025-05-02 23:45:28,785 - INFO - Processing university 38/144: uvu
2025-05-02 23:45:28,797 - INFO - Progress saved to output/scraping_progress.json
2025-05-02 23:45:28,797 - INFO - Departments for uvu already exist in output/departments/uvu_departments.csv, skipping
2025-05-02 23:45:28,798 - INFO - Loaded 149 existing departments for uvu
2025-05-02 23:45:28,806 - INFO - Progress saved to output/scraping_progress.json
2025-05-02 23:45:28,806 - INFO - Waiting 4.46 seconds before next university
2025-05-02 23:45:33,277 - INFO - Processing university 39/144: uta
2025-05-02 23:45:33,287 - INFO - Progress saved to output/scraping_progress.json
2025-05-02 23:45:33,287 - INFO - Departments for uta already exist in output/departments/uta_departments.csv, skipping
2025-05-02 23:45:33,288 - INFO - Loaded 165 existing departments for uta
2025-05-02 23:45:33,295 - INFO - Progress saved to output/scraping_progress.json
2025-05-02 23:45:33,295 - INFO - Waiting 7.13 seconds before next university
2025-05-02 23:45:40,434 - INFO - Processing university 40/144: uc
2025-05-02 23:45:40,443 - INFO - Progress saved to output/scraping_progress.json
2025-05-02 23:45:40,443 - INFO - Starting department scraper for URL: https://www.coursicle.com/uc/courses/
2025-05-02 23:45:42,765 - INFO - WebDriver set up successfully
2025-05-02 23:45:58,530 - INFO - Visited homepage first: https://www.coursicle.com/uc/
2025-05-02 23:46:03,856 - INFO - Navigated to https://www.coursicle.com/uc/courses/
2025-05-02 23:46:11,215 - WARNING - Error during human behavior simulation: empty range in randrange(773, -175)
2025-05-02 23:46:26,578 - WARNING - Timeout waiting for tile container, checking for bot detection
2025-05-02 23:46:31,749 - INFO - No 'More' button found or it's not needed
2025-05-02 23:46:31,761 - INFO - Found 0 department tiles
2025-05-02 23:46:41,078 - WARNING - Error during human behavior simulation: empty range in randrange(773, -175)
2025-05-02 23:46:41,080 - WARNING - No departments found, saving debug information
2025-05-02 23:46:41,081 - ERROR - Error during department scraping: cannot access local variable 'os' where it is not associated with a value
2025-05-02 23:46:41,196 - INFO - Browser closed
2025-05-02 23:46:41,196 - ERROR - Error processing university uc: cannot access local variable 'os' where it is not associated with a value
2025-05-02 23:46:41,196 - INFO - Processing university 41/144: valenciacollegewp
2025-05-02 23:46:41,201 - INFO - Progress saved to output/scraping_progress.json
2025-05-02 23:46:41,201 - INFO - Departments for valenciacollegewp already exist in output/departments/valenciacollegewp_departments.csv, skipping
2025-05-02 23:46:41,203 - INFO - Loaded 168 existing departments for valenciacollegewp
2025-05-02 23:46:41,206 - INFO - Progress saved to output/scraping_progress.json
2025-05-02 23:46:41,208 - INFO - Waiting 5.36 seconds before next university
2025-05-02 23:46:46,570 - INFO - Processing university 42/144: uottawaca
2025-05-02 23:46:46,580 - INFO - Progress saved to output/scraping_progress.json
2025-05-02 23:46:46,581 - INFO - Departments for uottawaca already exist in output/departments/uottawaca_departments.csv, skipping
2025-05-02 23:46:46,582 - INFO - Loaded 146 existing departments for uottawaca
2025-05-02 23:46:46,589 - INFO - Progress saved to output/scraping_progress.json
2025-05-02 23:46:46,590 - INFO - Waiting 3.70 seconds before next university
2025-05-02 23:46:50,292 - INFO - Processing university 43/144: ucsd
2025-05-02 23:46:50,305 - INFO - Progress saved to output/scraping_progress.json
2025-05-02 23:46:50,305 - INFO - Starting department scraper for URL: https://www.coursicle.com/ucsd/courses/
2025-05-02 23:46:52,031 - INFO - WebDriver set up successfully
2025-05-02 23:47:06,729 - INFO - Visited homepage first: https://www.coursicle.com/ucsd/
2025-05-02 23:47:14,391 - INFO - Navigated to https://www.coursicle.com/ucsd/courses/
2025-05-02 23:47:20,844 - WARNING - Error during human behavior simulation: empty range in randrange(730, -132)
2025-05-02 23:47:36,259 - WARNING - Timeout waiting for tile container, checking for bot detection
2025-05-02 23:47:41,394 - INFO - No 'More' button found or it's not needed
2025-05-02 23:47:41,407 - INFO - Found 0 department tiles
2025-05-02 23:47:50,385 - WARNING - Error during human behavior simulation: empty range in randrange(730, -132)
2025-05-02 23:47:50,386 - WARNING - No departments found, saving debug information
2025-05-02 23:47:50,387 - ERROR - Error during department scraping: cannot access local variable 'os' where it is not associated with a value
2025-05-02 23:47:50,518 - INFO - Browser closed
2025-05-02 23:47:50,518 - ERROR - Error processing university ucsd: cannot access local variable 'os' where it is not associated with a value
2025-05-02 23:47:50,518 - INFO - Processing university 44/144: uwaterloo
2025-05-02 23:47:50,523 - INFO - Progress saved to output/scraping_progress.json
2025-05-02 23:47:50,523 - INFO - Starting department scraper for URL: https://www.coursicle.com/uwaterloo/courses/
2025-05-02 23:47:51,770 - INFO - WebDriver set up successfully
2025-05-02 23:48:01,795 - INFO - Visited homepage first: https://www.coursicle.com/uwaterloo/
2025-05-02 23:48:06,738 - INFO - Navigated to https://www.coursicle.com/uwaterloo/courses/
2025-05-02 23:48:15,285 - INFO - Tile container loaded
2025-05-02 23:48:15,292 - INFO - Found 'More' button, will click to show all departments
2025-05-02 23:48:16,599 - INFO - Clicked 'More' button
2025-05-02 23:48:21,028 - INFO - Clicked 'More' button
2025-05-02 23:48:25,162 - INFO - Clicked 'More' button
2025-05-02 23:48:29,959 - INFO - Clicked 'More' button
2025-05-02 23:48:33,042 - INFO - Clicked 'More' button
2025-05-02 23:48:37,116 - INFO - Clicked 'More' button
2025-05-02 23:48:40,586 - INFO - Clicked 'More' button
2025-05-02 23:48:44,640 - INFO - Clicked 'More' button
2025-05-02 23:48:48,011 - INFO - Found 168 department tiles
2025-05-02 23:48:52,719 - INFO - Processed department: ACTSC
2025-05-02 23:48:52,729 - INFO - Progress saved to output/scraping_progress.json
2025-05-02 23:48:52,742 - INFO - Processed department: AE
2025-05-02 23:48:52,745 - INFO - Progress saved to output/scraping_progress.json
2025-05-02 23:48:52,753 - INFO - Processed department: AFM
2025-05-02 23:48:52,755 - INFO - Progress saved to output/scraping_progress.json
2025-05-02 23:48:52,763 - INFO - Processed department: AHS
2025-05-02 23:48:52,765 - INFO - Progress saved to output/scraping_progress.json
2025-05-02 23:48:52,773 - INFO - Processed department: AMATH
2025-05-02 23:48:52,775 - INFO - Progress saved to output/scraping_progress.json
2025-05-02 23:48:52,782 - INFO - Processed department: ANTH
2025-05-02 23:48:52,785 - INFO - Progress saved to output/scraping_progress.json
2025-05-02 23:48:52,792 - INFO - Processed department: APPLS
2025-05-02 23:48:52,794 - INFO - Progress saved to output/scraping_progress.json
2025-05-02 23:48:52,801 - INFO - Processed department: ARABIC
2025-05-02 23:48:52,804 - INFO - Progress saved to output/scraping_progress.json
2025-05-02 23:48:52,811 - INFO - Processed department: ARBUS
2025-05-02 23:48:52,814 - INFO - Progress saved to output/scraping_progress.json
2025-05-02 23:48:52,820 - INFO - Processed department: ARCH
2025-05-02 23:48:52,823 - INFO - Progress saved to output/scraping_progress.json
2025-05-02 23:48:52,830 - INFO - Processed department: ARCHL
2025-05-02 23:48:52,833 - INFO - Progress saved to output/scraping_progress.json
2025-05-02 23:48:52,840 - INFO - Processed department: ARTS
2025-05-02 23:48:52,843 - INFO - Progress saved to output/scraping_progress.json
2025-05-02 23:48:52,850 - INFO - Processed department: ASL
2025-05-02 23:48:52,853 - INFO - Progress saved to output/scraping_progress.json
2025-05-02 23:48:52,860 - INFO - Processed department: ASTRN
2025-05-02 23:48:52,863 - INFO - Progress saved to output/scraping_progress.json
2025-05-02 23:48:52,869 - INFO - Processed department: AVIA
2025-05-02 23:48:52,872 - INFO - Progress saved to output/scraping_progress.json
2025-05-02 23:48:52,879 - INFO - Processed department: BASE
2025-05-02 23:48:52,882 - INFO - Progress saved to output/scraping_progress.json
2025-05-02 23:48:52,889 - INFO - Processed department: BET
2025-05-02 23:48:52,891 - INFO - Progress saved to output/scraping_progress.json
2025-05-02 23:48:52,898 - INFO - Processed department: BIOL
2025-05-02 23:48:52,901 - INFO - Progress saved to output/scraping_progress.json
2025-05-02 23:48:52,908 - INFO - Processed department: BLKST
2025-05-02 23:48:52,911 - INFO - Progress saved to output/scraping_progress.json
2025-05-02 23:48:52,917 - INFO - Processed department: BME
2025-05-02 23:48:52,920 - INFO - Progress saved to output/scraping_progress.json
2025-05-02 23:48:52,927 - INFO - Processed department: BUS
2025-05-02 23:48:52,929 - INFO - Progress saved to output/scraping_progress.json
2025-05-02 23:48:52,936 - INFO - Processed department: CC
2025-05-02 23:48:52,939 - INFO - Progress saved to output/scraping_progress.json
2025-05-02 23:48:52,945 - INFO - Processed department: CDNST
2025-05-02 23:48:52,948 - INFO - Progress saved to output/scraping_progress.json
2025-05-02 23:48:52,955 - INFO - Processed department: CFM
2025-05-02 23:48:52,957 - INFO - Progress saved to output/scraping_progress.json
2025-05-02 23:48:52,964 - INFO - Processed department: CHE
2025-05-02 23:48:52,966 - INFO - Progress saved to output/scraping_progress.json
2025-05-02 23:48:52,973 - INFO - Processed department: CHEM
2025-05-02 23:48:52,976 - INFO - Progress saved to output/scraping_progress.json
2025-05-02 23:48:52,983 - INFO - Processed department: CHINA
2025-05-02 23:48:52,985 - INFO - Progress saved to output/scraping_progress.json
2025-05-02 23:48:52,992 - INFO - Processed department: CI
2025-05-02 23:48:52,995 - INFO - Progress saved to output/scraping_progress.json
2025-05-02 23:48:53,001 - INFO - Processed department: CIVE
2025-05-02 23:48:53,004 - INFO - Progress saved to output/scraping_progress.json
2025-05-02 23:48:53,010 - INFO - Processed department: CLAS
2025-05-02 23:48:53,013 - INFO - Progress saved to output/scraping_progress.json
2025-05-02 23:48:53,019 - INFO - Processed department: CMW
2025-05-02 23:48:53,022 - INFO - Progress saved to output/scraping_progress.json
2025-05-02 23:48:53,028 - INFO - Processed department: CO
2025-05-02 23:48:53,031 - INFO - Progress saved to output/scraping_progress.json
2025-05-02 23:48:53,037 - INFO - Processed department: COGSCI
2025-05-02 23:48:53,040 - INFO - Progress saved to output/scraping_progress.json
2025-05-02 23:48:53,046 - INFO - Processed department: COMM
2025-05-02 23:48:53,049 - INFO - Progress saved to output/scraping_progress.json
2025-05-02 23:48:53,055 - INFO - Processed department: COMMST
2025-05-02 23:48:53,058 - INFO - Progress saved to output/scraping_progress.json
2025-05-02 23:48:53,064 - INFO - Processed department: COMST
2025-05-02 23:48:53,067 - INFO - Progress saved to output/scraping_progress.json
2025-05-02 23:48:53,073 - INFO - Processed department: COOP
2025-05-02 23:48:53,076 - INFO - Progress saved to output/scraping_progress.json
2025-05-02 23:48:53,083 - INFO - Processed department: CRGC
2025-05-02 23:48:53,085 - INFO - Progress saved to output/scraping_progress.json
2025-05-02 23:48:53,092 - INFO - Processed department: CROAT
2025-05-02 23:48:53,095 - INFO - Progress saved to output/scraping_progress.json
2025-05-02 23:48:53,102 - INFO - Processed department: CS
2025-05-02 23:48:53,104 - INFO - Progress saved to output/scraping_progress.json
2025-05-02 23:48:53,111 - INFO - Processed department: CULT
2025-05-02 23:48:53,113 - INFO - Progress saved to output/scraping_progress.json
2025-05-02 23:48:53,120 - INFO - Processed department: DAC
2025-05-02 23:48:53,122 - INFO - Progress saved to output/scraping_progress.json
2025-05-02 23:48:53,128 - INFO - Processed department: DHUM
2025-05-02 23:48:53,131 - INFO - Progress saved to output/scraping_progress.json
2025-05-02 23:48:53,137 - INFO - Processed department: DUTCH
2025-05-02 23:48:53,140 - INFO - Progress saved to output/scraping_progress.json
2025-05-02 23:48:53,146 - INFO - Processed department: EARTH
2025-05-02 23:48:53,149 - INFO - Progress saved to output/scraping_progress.json
2025-05-02 23:48:53,155 - INFO - Processed department: EASIA
2025-05-02 23:48:53,158 - INFO - Progress saved to output/scraping_progress.json
2025-05-02 23:48:53,164 - INFO - Processed department: ECE
2025-05-02 23:48:53,167 - INFO - Progress saved to output/scraping_progress.json
2025-05-02 23:48:53,173 - INFO - Processed department: ECON
2025-05-02 23:48:53,175 - INFO - Progress saved to output/scraping_progress.json
2025-05-02 23:48:53,182 - INFO - Processed department: EDMI
2025-05-02 23:48:53,185 - INFO - Progress saved to output/scraping_progress.json
2025-05-02 23:48:53,196 - INFO - Processed department: EFAS
2025-05-02 23:48:53,199 - INFO - Progress saved to output/scraping_progress.json
2025-05-02 23:48:53,206 - INFO - Processed department: ELPE
2025-05-02 23:48:53,209 - INFO - Progress saved to output/scraping_progress.json
2025-05-02 23:48:53,215 - INFO - Processed department: EMLS
2025-05-02 23:48:53,218 - INFO - Progress saved to output/scraping_progress.json
2025-05-02 23:48:53,227 - INFO - Processed department: ENBUS
2025-05-02 23:48:53,229 - INFO - Progress saved to output/scraping_progress.json
2025-05-02 23:48:53,236 - INFO - Processed department: ENGL
2025-05-02 23:48:53,239 - INFO - Progress saved to output/scraping_progress.json
2025-05-02 23:48:53,245 - INFO - Processed department: ENTR
2025-05-02 23:48:53,248 - INFO - Progress saved to output/scraping_progress.json
2025-05-02 23:48:53,254 - INFO - Processed department: ENVE
2025-05-02 23:48:53,257 - INFO - Progress saved to output/scraping_progress.json
2025-05-02 23:48:53,264 - INFO - Processed department: ENVS
2025-05-02 23:48:53,266 - INFO - Progress saved to output/scraping_progress.json
2025-05-02 23:48:53,273 - INFO - Processed department: ERS
2025-05-02 23:48:53,275 - INFO - Progress saved to output/scraping_progress.json
2025-05-02 23:48:53,282 - INFO - Processed department: EVST
2025-05-02 23:48:53,284 - INFO - Progress saved to output/scraping_progress.json
2025-05-02 23:48:53,291 - INFO - Processed department: FILM
2025-05-02 23:48:53,293 - INFO - Progress saved to output/scraping_progress.json
2025-05-02 23:48:53,300 - INFO - Processed department: FINE
2025-05-02 23:48:53,302 - INFO - Progress saved to output/scraping_progress.json
2025-05-02 23:48:53,309 - INFO - Processed department: FR
2025-05-02 23:48:53,311 - INFO - Progress saved to output/scraping_progress.json
2025-05-02 23:48:53,318 - INFO - Processed department: GBDA
2025-05-02 23:48:53,321 - INFO - Progress saved to output/scraping_progress.json
2025-05-02 23:48:53,327 - INFO - Processed department: GC
2025-05-02 23:48:53,329 - INFO - Progress saved to output/scraping_progress.json
2025-05-02 23:48:53,336 - INFO - Processed department: GENE
2025-05-02 23:48:53,338 - INFO - Progress saved to output/scraping_progress.json
2025-05-02 23:48:53,345 - INFO - Processed department: GEOE
2025-05-02 23:48:53,347 - INFO - Progress saved to output/scraping_progress.json
2025-05-02 23:48:53,354 - INFO - Processed department: GEOG
2025-05-02 23:48:53,356 - INFO - Progress saved to output/scraping_progress.json
2025-05-02 23:48:53,363 - INFO - Processed department: GER
2025-05-02 23:48:53,365 - INFO - Progress saved to output/scraping_progress.json
2025-05-02 23:48:53,371 - INFO - Processed department: GERON
2025-05-02 23:48:53,374 - INFO - Progress saved to output/scraping_progress.json
2025-05-02 23:48:53,380 - INFO - Processed department: GESC
2025-05-02 23:48:53,383 - INFO - Progress saved to output/scraping_progress.json
2025-05-02 23:48:53,389 - INFO - Processed department: GLOBAL
2025-05-02 23:48:53,392 - INFO - Progress saved to output/scraping_progress.json
2025-05-02 23:48:53,398 - INFO - Processed department: GLST
2025-05-02 23:48:53,401 - INFO - Progress saved to output/scraping_progress.json
2025-05-02 23:48:53,407 - INFO - Processed department: GRK
2025-05-02 23:48:53,410 - INFO - Progress saved to output/scraping_progress.json
2025-05-02 23:48:53,416 - INFO - Processed department: GSJ
2025-05-02 23:48:53,419 - INFO - Progress saved to output/scraping_progress.json
2025-05-02 23:48:53,425 - INFO - Processed department: HBIO
2025-05-02 23:48:53,428 - INFO - Progress saved to output/scraping_progress.json
2025-05-02 23:48:53,434 - INFO - Processed department: HEALTH
2025-05-02 23:48:53,436 - INFO - Progress saved to output/scraping_progress.json
2025-05-02 23:48:53,443 - INFO - Processed department: HESC
2025-05-02 23:48:53,445 - INFO - Progress saved to output/scraping_progress.json
2025-05-02 23:48:53,452 - INFO - Processed department: HHUM
2025-05-02 23:48:53,454 - INFO - Progress saved to output/scraping_progress.json
2025-05-02 23:48:53,461 - INFO - Processed department: HIST
2025-05-02 23:48:53,463 - INFO - Progress saved to output/scraping_progress.json
2025-05-02 23:48:53,469 - INFO - Processed department: HLTH
2025-05-02 23:48:53,472 - INFO - Progress saved to output/scraping_progress.json
2025-05-02 23:48:53,478 - INFO - Processed department: HRM
2025-05-02 23:48:53,481 - INFO - Progress saved to output/scraping_progress.json
2025-05-02 23:48:53,487 - INFO - Processed department: HRTS
2025-05-02 23:48:53,489 - INFO - Progress saved to output/scraping_progress.json
2025-05-02 23:48:53,496 - INFO - Processed department: HUMN
2025-05-02 23:48:53,499 - INFO - Progress saved to output/scraping_progress.json
2025-05-02 23:48:53,505 - INFO - Processed department: HUMSC
2025-05-02 23:48:53,508 - INFO - Progress saved to output/scraping_progress.json
2025-05-02 23:48:53,514 - INFO - Processed department: INDENT
2025-05-02 23:48:53,517 - INFO - Progress saved to output/scraping_progress.json
2025-05-02 23:48:53,523 - INFO - Processed department: INDEV
2025-05-02 23:48:53,526 - INFO - Progress saved to output/scraping_progress.json
2025-05-02 23:48:53,532 - INFO - Processed department: INDG
2025-05-02 23:48:53,535 - INFO - Progress saved to output/scraping_progress.json
2025-05-02 23:48:53,541 - INFO - Processed department: INNOV
2025-05-02 23:48:53,544 - INFO - Progress saved to output/scraping_progress.json
2025-05-02 23:48:53,551 - INFO - Processed department: INTEG
2025-05-02 23:48:53,553 - INFO - Progress saved to output/scraping_progress.json
2025-05-02 23:48:53,560 - INFO - Processed department: INTST
2025-05-02 23:48:53,562 - INFO - Progress saved to output/scraping_progress.json
2025-05-02 23:48:53,569 - INFO - Processed department: ITAL
2025-05-02 23:48:53,571 - INFO - Progress saved to output/scraping_progress.json
2025-05-02 23:48:53,577 - INFO - Processed department: ITALST
2025-05-02 23:48:53,580 - INFO - Progress saved to output/scraping_progress.json
2025-05-02 23:48:53,586 - INFO - Processed department: JAPAN
2025-05-02 23:48:53,589 - INFO - Progress saved to output/scraping_progress.json
2025-05-02 23:48:53,595 - INFO - Processed department: JS
2025-05-02 23:48:53,598 - INFO - Progress saved to output/scraping_progress.json
2025-05-02 23:48:53,604 - INFO - Processed department: KIN
2025-05-02 23:48:53,607 - INFO - Progress saved to output/scraping_progress.json
2025-05-02 23:48:53,613 - INFO - Processed department: KOREA
2025-05-02 23:48:53,616 - INFO - Progress saved to output/scraping_progress.json
2025-05-02 23:48:53,622 - INFO - Processed department: KPE
2025-05-02 23:48:53,625 - INFO - Progress saved to output/scraping_progress.json
2025-05-02 23:48:53,631 - INFO - Processed department: LANG
2025-05-02 23:48:53,634 - INFO - Progress saved to output/scraping_progress.json
2025-05-02 23:48:53,640 - INFO - Processed department: LAT
2025-05-02 23:48:53,642 - INFO - Progress saved to output/scraping_progress.json
2025-05-02 23:48:53,649 - INFO - Processed department: LS
2025-05-02 23:48:53,651 - INFO - Progress saved to output/scraping_progress.json
2025-05-02 23:48:53,658 - INFO - Processed department: MATBUS
2025-05-02 23:48:53,660 - INFO - Progress saved to output/scraping_progress.json
2025-05-02 23:48:53,667 - INFO - Processed department: MATH
2025-05-02 23:48:53,669 - INFO - Progress saved to output/scraping_progress.json
2025-05-02 23:48:53,676 - INFO - Processed department: ME
2025-05-02 23:48:53,678 - INFO - Progress saved to output/scraping_progress.json
2025-05-02 23:48:53,685 - INFO - Processed department: MEDVL
2025-05-02 23:48:53,688 - INFO - Progress saved to output/scraping_progress.json
2025-05-02 23:48:53,694 - INFO - Processed department: MENN
2025-05-02 23:48:53,697 - INFO - Progress saved to output/scraping_progress.json
2025-05-02 23:48:53,703 - INFO - Processed department: MGMT
2025-05-02 23:48:53,705 - INFO - Progress saved to output/scraping_progress.json
2025-05-02 23:48:53,712 - INFO - Processed department: MISC
2025-05-02 23:48:53,715 - INFO - Progress saved to output/scraping_progress.json
2025-05-02 23:48:53,721 - INFO - Processed department: MNS
2025-05-02 23:48:53,724 - INFO - Progress saved to output/scraping_progress.json
2025-05-02 23:48:53,730 - INFO - Processed department: MOHAWK
2025-05-02 23:48:53,733 - INFO - Progress saved to output/scraping_progress.json
2025-05-02 23:48:53,739 - INFO - Processed department: MSCI
2025-05-02 23:48:53,742 - INFO - Progress saved to output/scraping_progress.json
2025-05-02 23:48:53,748 - INFO - Processed department: MSE
2025-05-02 23:48:53,751 - INFO - Progress saved to output/scraping_progress.json
2025-05-02 23:48:53,757 - INFO - Processed department: MTE
2025-05-02 23:48:53,759 - INFO - Progress saved to output/scraping_progress.json
2025-05-02 23:48:53,766 - INFO - Processed department: MTHEL
2025-05-02 23:48:53,768 - INFO - Progress saved to output/scraping_progress.json
2025-05-02 23:48:53,775 - INFO - Processed department: MUSIC
2025-05-02 23:48:53,777 - INFO - Progress saved to output/scraping_progress.json
2025-05-02 23:48:53,783 - INFO - Processed department: NAST
2025-05-02 23:48:53,786 - INFO - Progress saved to output/scraping_progress.json
2025-05-02 23:48:53,792 - INFO - Processed department: NE
2025-05-02 23:48:53,795 - INFO - Progress saved to output/scraping_progress.json
2025-05-02 23:48:53,805 - INFO - Processed department: OPTOM
2025-05-02 23:48:53,808 - INFO - Progress saved to output/scraping_progress.json
2025-05-02 23:48:53,815 - INFO - Processed department: PACS
2025-05-02 23:48:53,818 - INFO - Progress saved to output/scraping_progress.json
2025-05-02 23:48:53,824 - INFO - Processed department: PD
2025-05-02 23:48:53,827 - INFO - Progress saved to output/scraping_progress.json
2025-05-02 23:48:53,833 - INFO - Processed department: PDARCH
2025-05-02 23:48:53,836 - INFO - Progress saved to output/scraping_progress.json
2025-05-02 23:48:53,843 - INFO - Processed department: PDPHRM
2025-05-02 23:48:53,846 - INFO - Progress saved to output/scraping_progress.json
2025-05-02 23:48:53,852 - INFO - Processed department: PHARM
2025-05-02 23:48:53,855 - INFO - Progress saved to output/scraping_progress.json
2025-05-02 23:48:53,861 - INFO - Processed department: PHIL
2025-05-02 23:48:53,864 - INFO - Progress saved to output/scraping_progress.json
2025-05-02 23:48:53,871 - INFO - Processed department: PHYS
2025-05-02 23:48:53,874 - INFO - Progress saved to output/scraping_progress.json
2025-05-02 23:48:53,881 - INFO - Processed department: PLAN
2025-05-02 23:48:53,884 - INFO - Progress saved to output/scraping_progress.json
2025-05-02 23:48:53,891 - INFO - Processed department: PLCG
2025-05-02 23:48:53,894 - INFO - Progress saved to output/scraping_progress.json
2025-05-02 23:48:53,900 - INFO - Processed department: PMATH
2025-05-02 23:48:53,903 - INFO - Progress saved to output/scraping_progress.json
2025-05-02 23:48:53,909 - INFO - Processed department: PORT
2025-05-02 23:48:53,912 - INFO - Progress saved to output/scraping_progress.json
2025-05-02 23:48:53,918 - INFO - Processed department: PSCI
2025-05-02 23:48:53,921 - INFO - Progress saved to output/scraping_progress.json
2025-05-02 23:48:53,927 - INFO - Processed department: PSYCH
2025-05-02 23:48:53,930 - INFO - Progress saved to output/scraping_progress.json
2025-05-02 23:48:53,936 - INFO - Processed department: RCS
2025-05-02 23:48:53,939 - INFO - Progress saved to output/scraping_progress.json
2025-05-02 23:48:53,945 - INFO - Processed department: REC
2025-05-02 23:48:53,948 - INFO - Progress saved to output/scraping_progress.json
2025-05-02 23:48:53,955 - INFO - Processed department: REES
2025-05-02 23:48:53,957 - INFO - Progress saved to output/scraping_progress.json
2025-05-02 23:48:53,964 - INFO - Processed department: RELC
2025-05-02 23:48:53,966 - INFO - Progress saved to output/scraping_progress.json
2025-05-02 23:48:53,975 - INFO - Processed department: RS
2025-05-02 23:48:53,977 - INFO - Progress saved to output/scraping_progress.json
2025-05-02 23:48:53,984 - INFO - Processed department: RSCH
2025-05-02 23:48:53,986 - INFO - Progress saved to output/scraping_progress.json
2025-05-02 23:48:53,992 - INFO - Processed department: RUSS
2025-05-02 23:48:53,995 - INFO - Progress saved to output/scraping_progress.json
2025-05-02 23:48:54,002 - INFO - Processed department: SCBUS
2025-05-02 23:48:54,004 - INFO - Progress saved to output/scraping_progress.json
2025-05-02 23:48:54,011 - INFO - Processed department: SCI
2025-05-02 23:48:54,014 - INFO - Progress saved to output/scraping_progress.json
2025-05-02 23:48:54,020 - INFO - Processed department: SDS
2025-05-02 23:48:54,022 - INFO - Progress saved to output/scraping_progress.json
2025-05-02 23:48:54,029 - INFO - Processed department: SE
2025-05-02 23:48:54,031 - INFO - Progress saved to output/scraping_progress.json
2025-05-02 23:48:54,038 - INFO - Processed department: SEQ
2025-05-02 23:48:54,040 - INFO - Progress saved to output/scraping_progress.json
2025-05-02 23:48:54,047 - INFO - Processed department: SFM
2025-05-02 23:48:54,050 - INFO - Progress saved to output/scraping_progress.json
2025-05-02 23:48:54,056 - INFO - Processed department: SI
2025-05-02 23:48:54,059 - INFO - Progress saved to output/scraping_progress.json
2025-05-02 23:48:54,065 - INFO - Processed department: SMF
2025-05-02 23:48:54,068 - INFO - Progress saved to output/scraping_progress.json
2025-05-02 23:48:54,076 - INFO - Processed department: SOC
2025-05-02 23:48:54,079 - INFO - Progress saved to output/scraping_progress.json
2025-05-02 23:48:54,088 - INFO - Processed department: SOCE
2025-05-02 23:48:54,091 - INFO - Progress saved to output/scraping_progress.json
2025-05-02 23:48:54,098 - INFO - Processed department: SOCWK
2025-05-02 23:48:54,100 - INFO - Progress saved to output/scraping_progress.json
2025-05-02 23:48:54,107 - INFO - Processed department: SPAN
2025-05-02 23:48:54,110 - INFO - Progress saved to output/scraping_progress.json
2025-05-02 23:48:54,116 - INFO - Processed department: SPCOM
2025-05-02 23:48:54,119 - INFO - Progress saved to output/scraping_progress.json
2025-05-02 23:48:54,125 - INFO - Processed department: SRF
2025-05-02 23:48:54,128 - INFO - Progress saved to output/scraping_progress.json
2025-05-02 23:48:54,134 - INFO - Processed department: STAT
2025-05-02 23:48:54,137 - INFO - Progress saved to output/scraping_progress.json
2025-05-02 23:48:54,143 - INFO - Processed department: STV
2025-05-02 23:48:54,146 - INFO - Progress saved to output/scraping_progress.json
2025-05-02 23:48:54,152 - INFO - Processed department: SVENT
2025-05-02 23:48:54,155 - INFO - Progress saved to output/scraping_progress.json
2025-05-02 23:48:54,161 - INFO - Processed department: SWREN
2025-05-02 23:48:54,164 - INFO - Progress saved to output/scraping_progress.json
2025-05-02 23:48:54,170 - INFO - Processed department: SYDE
2025-05-02 23:48:54,173 - INFO - Progress saved to output/scraping_progress.json
2025-05-02 23:48:54,179 - INFO - Processed department: THPERF
2025-05-02 23:48:54,182 - INFO - Progress saved to output/scraping_progress.json
2025-05-02 23:48:54,188 - INFO - Processed department: TPM
2025-05-02 23:48:54,191 - INFO - Progress saved to output/scraping_progress.json
2025-05-02 23:48:54,197 - INFO - Processed department: UCR
2025-05-02 23:48:54,200 - INFO - Progress saved to output/scraping_progress.json
2025-05-02 23:48:54,206 - INFO - Processed department: UNDC
2025-05-02 23:48:54,209 - INFO - Progress saved to output/scraping_progress.json
2025-05-02 23:48:54,215 - INFO - Processed department: UNIV
2025-05-02 23:48:54,218 - INFO - Progress saved to output/scraping_progress.json
2025-05-02 23:48:54,224 - INFO - Processed department: UU
2025-05-02 23:48:54,227 - INFO - Progress saved to output/scraping_progress.json
2025-05-02 23:48:54,234 - INFO - Processed department: UX
2025-05-02 23:48:54,236 - INFO - Progress saved to output/scraping_progress.json
2025-05-02 23:48:54,243 - INFO - Processed department: VCULT
2025-05-02 23:48:54,246 - INFO - Progress saved to output/scraping_progress.json
2025-05-02 23:48:54,252 - INFO - Processed department: WHMIS
2025-05-02 23:48:54,255 - INFO - Progress saved to output/scraping_progress.json
2025-05-02 23:48:54,261 - INFO - Processed department: WKRPT
2025-05-02 23:48:54,264 - INFO - Progress saved to output/scraping_progress.json
2025-05-02 23:48:54,270 - INFO - Processed department: WS
2025-05-02 23:48:54,273 - INFO - Progress saved to output/scraping_progress.json
2025-05-02 23:48:54,279 - INFO - Processed department: YC
2025-05-02 23:48:54,282 - INFO - Progress saved to output/scraping_progress.json
2025-05-02 23:48:54,282 - INFO - Successfully extracted data for 168 departments
2025-05-02 23:48:54,284 - INFO - Saved department data to output/departments/uwaterloo_departments.csv
2025-05-02 23:48:54,287 - INFO - Progress saved to output/scraping_progress.json
2025-05-02 23:48:54,472 - INFO - Browser closed
2025-05-02 23:48:54,472 - INFO - Successfully scraped 168 departments for uwaterloo
2025-05-02 23:48:54,473 - INFO - Waiting 4.15 seconds before next university
2025-05-02 23:48:58,630 - INFO - Processing university 45/144: fullerton
2025-05-02 23:48:58,640 - INFO - Progress saved to output/scraping_progress.json
2025-05-02 23:48:58,640 - INFO - Starting department scraper for URL: https://www.coursicle.com/fullerton/courses/
2025-05-02 23:49:00,572 - INFO - WebDriver set up successfully
2025-05-02 23:49:04,104 - INFO - Visited homepage first: https://www.coursicle.com/fullerton/
2025-05-02 23:49:13,131 - INFO - Navigated to https://www.coursicle.com/fullerton/courses/
2025-05-02 23:49:21,170 - INFO - Tile container loaded
2025-05-02 23:49:21,180 - INFO - Found 'More' button, will click to show all departments
2025-05-02 23:49:22,954 - INFO - Clicked 'More' button
2025-05-02 23:49:27,444 - INFO - Clicked 'More' button
2025-05-02 23:49:31,337 - INFO - Clicked 'More' button
2025-05-02 23:49:35,363 - INFO - Clicked 'More' button
2025-05-02 23:49:37,147 - INFO - Found 97 department tiles
2025-05-02 23:49:45,760 - INFO - Processed department: ACCT
2025-05-02 23:49:45,773 - INFO - Progress saved to output/scraping_progress.json
2025-05-02 23:49:45,782 - INFO - Processed department: AFAM
2025-05-02 23:49:45,786 - INFO - Progress saved to output/scraping_progress.json
2025-05-02 23:49:45,794 - INFO - Processed department: AGNG
2025-05-02 23:49:45,797 - INFO - Progress saved to output/scraping_progress.json
2025-05-02 23:49:45,804 - INFO - Processed department: AMST
2025-05-02 23:49:45,807 - INFO - Progress saved to output/scraping_progress.json
2025-05-02 23:49:45,814 - INFO - Processed department: ANTH
2025-05-02 23:49:45,817 - INFO - Progress saved to output/scraping_progress.json
2025-05-02 23:49:45,823 - INFO - Processed department: ARAB
2025-05-02 23:49:45,826 - INFO - Progress saved to output/scraping_progress.json
2025-05-02 23:49:45,832 - INFO - Processed department: ART
2025-05-02 23:49:45,835 - INFO - Progress saved to output/scraping_progress.json
2025-05-02 23:49:45,841 - INFO - Processed department: ARTE
2025-05-02 23:49:45,844 - INFO - Progress saved to output/scraping_progress.json
2025-05-02 23:49:45,851 - INFO - Processed department: ASAM
2025-05-02 23:49:45,853 - INFO - Progress saved to output/scraping_progress.json
2025-05-02 23:49:45,860 - INFO - Processed department: ASTR
2025-05-02 23:49:45,863 - INFO - Progress saved to output/scraping_progress.json
2025-05-02 23:49:45,869 - INFO - Processed department: BIOL
2025-05-02 23:49:45,872 - INFO - Progress saved to output/scraping_progress.json
2025-05-02 23:49:45,878 - INFO - Processed department: BUAD
2025-05-02 23:49:45,881 - INFO - Progress saved to output/scraping_progress.json
2025-05-02 23:49:45,888 - INFO - Processed department: CAS
2025-05-02 23:49:45,891 - INFO - Progress saved to output/scraping_progress.json
2025-05-02 23:49:45,897 - INFO - Processed department: CHEM
2025-05-02 23:49:45,900 - INFO - Progress saved to output/scraping_progress.json
2025-05-02 23:49:45,906 - INFO - Processed department: CHIC
2025-05-02 23:49:45,909 - INFO - Progress saved to output/scraping_progress.json
2025-05-02 23:49:45,915 - INFO - Processed department: CHIN
2025-05-02 23:49:45,918 - INFO - Progress saved to output/scraping_progress.json
2025-05-02 23:49:45,924 - INFO - Processed department: CNSM
2025-05-02 23:49:45,927 - INFO - Progress saved to output/scraping_progress.json
2025-05-02 23:49:45,934 - INFO - Processed department: COMD
2025-05-02 23:49:45,936 - INFO - Progress saved to output/scraping_progress.json
2025-05-02 23:49:45,943 - INFO - Processed department: COMM
2025-05-02 23:49:45,946 - INFO - Progress saved to output/scraping_progress.json
2025-05-02 23:49:45,952 - INFO - Processed department: COUN
2025-05-02 23:49:45,955 - INFO - Progress saved to output/scraping_progress.json
2025-05-02 23:49:45,961 - INFO - Processed department: CPLT
2025-05-02 23:49:45,964 - INFO - Progress saved to output/scraping_progress.json
2025-05-02 23:49:45,970 - INFO - Processed department: CPSC
2025-05-02 23:49:45,973 - INFO - Progress saved to output/scraping_progress.json
2025-05-02 23:49:45,980 - INFO - Processed department: CRED
2025-05-02 23:49:45,982 - INFO - Progress saved to output/scraping_progress.json
2025-05-02 23:49:45,989 - INFO - Processed department: CRJU
2025-05-02 23:49:45,992 - INFO - Progress saved to output/scraping_progress.json
2025-05-02 23:49:45,998 - INFO - Processed department: CTVA
2025-05-02 23:49:46,001 - INFO - Progress saved to output/scraping_progress.json
2025-05-02 23:49:46,007 - INFO - Processed department: DANC
2025-05-02 23:49:46,010 - INFO - Progress saved to output/scraping_progress.json
2025-05-02 23:49:46,016 - INFO - Processed department: ECON
2025-05-02 23:49:46,019 - INFO - Progress saved to output/scraping_progress.json
2025-05-02 23:49:46,025 - INFO - Processed department: EDAD
2025-05-02 23:49:46,028 - INFO - Progress saved to output/scraping_progress.json
2025-05-02 23:49:46,034 - INFO - Processed department: EDD
2025-05-02 23:49:46,037 - INFO - Progress saved to output/scraping_progress.json
2025-05-02 23:49:46,043 - INFO - Processed department: EDEL
2025-05-02 23:49:46,046 - INFO - Progress saved to output/scraping_progress.json
2025-05-02 23:49:46,053 - INFO - Processed department: EDSC
2025-05-02 23:49:46,055 - INFO - Progress saved to output/scraping_progress.json
2025-05-02 23:49:46,062 - INFO - Processed department: EGCE
2025-05-02 23:49:46,065 - INFO - Progress saved to output/scraping_progress.json
2025-05-02 23:49:46,071 - INFO - Processed department: EGCP
2025-05-02 23:49:46,074 - INFO - Progress saved to output/scraping_progress.json
2025-05-02 23:49:46,080 - INFO - Processed department: EGEC
2025-05-02 23:49:46,083 - INFO - Progress saved to output/scraping_progress.json
2025-05-02 23:49:46,089 - INFO - Processed department: EGEE
2025-05-02 23:49:46,092 - INFO - Progress saved to output/scraping_progress.json
2025-05-02 23:49:46,098 - INFO - Processed department: EGGN
2025-05-02 23:49:46,101 - INFO - Progress saved to output/scraping_progress.json
2025-05-02 23:49:46,109 - INFO - Processed department: EGME
2025-05-02 23:49:46,111 - INFO - Progress saved to output/scraping_progress.json
2025-05-02 23:49:46,118 - INFO - Processed department: ENED
2025-05-02 23:49:46,121 - INFO - Progress saved to output/scraping_progress.json
2025-05-02 23:49:46,128 - INFO - Processed department: ENGL
2025-05-02 23:49:46,131 - INFO - Progress saved to output/scraping_progress.json
2025-05-02 23:49:46,138 - INFO - Processed department: ENST
2025-05-02 23:49:46,141 - INFO - Progress saved to output/scraping_progress.json
2025-05-02 23:49:46,148 - INFO - Processed department: ETHN
2025-05-02 23:49:46,151 - INFO - Progress saved to output/scraping_progress.json
2025-05-02 23:49:46,158 - INFO - Processed department: EUST
2025-05-02 23:49:46,161 - INFO - Progress saved to output/scraping_progress.json
2025-05-02 23:49:46,168 - INFO - Processed department: FIN
2025-05-02 23:49:46,171 - INFO - Progress saved to output/scraping_progress.json
2025-05-02 23:49:46,178 - INFO - Processed department: FREN
2025-05-02 23:49:46,181 - INFO - Progress saved to output/scraping_progress.json
2025-05-02 23:49:46,188 - INFO - Processed department: GEOG
2025-05-02 23:49:46,191 - INFO - Progress saved to output/scraping_progress.json
2025-05-02 23:49:46,197 - INFO - Processed department: GEOL
2025-05-02 23:49:46,200 - INFO - Progress saved to output/scraping_progress.json
2025-05-02 23:49:46,207 - INFO - Processed department: GERO
2025-05-02 23:49:46,209 - INFO - Progress saved to output/scraping_progress.json
2025-05-02 23:49:46,216 - INFO - Processed department: GRAD
2025-05-02 23:49:46,219 - INFO - Progress saved to output/scraping_progress.json
2025-05-02 23:49:46,225 - INFO - Processed department: GRMN
2025-05-02 23:49:46,228 - INFO - Progress saved to output/scraping_progress.json
2025-05-02 23:49:46,234 - INFO - Processed department: GROUPBOXNO
2025-05-02 23:49:46,237 - INFO - Progress saved to output/scraping_progress.json
2025-05-02 23:49:46,243 - INFO - Processed department: GSS
2025-05-02 23:49:46,246 - INFO - Progress saved to output/scraping_progress.json
2025-05-02 23:49:46,252 - INFO - Processed department: HCOM
2025-05-02 23:49:46,255 - INFO - Progress saved to output/scraping_progress.json
2025-05-02 23:49:46,261 - INFO - Processed department: HESC
2025-05-02 23:49:46,264 - INFO - Progress saved to output/scraping_progress.json
2025-05-02 23:49:46,271 - INFO - Processed department: HIST
2025-05-02 23:49:46,273 - INFO - Progress saved to output/scraping_progress.json
2025-05-02 23:49:46,280 - INFO - Processed department: HONR
2025-05-02 23:49:46,283 - INFO - Progress saved to output/scraping_progress.json
2025-05-02 23:49:46,289 - INFO - Processed department: HSS
2025-05-02 23:49:46,292 - INFO - Progress saved to output/scraping_progress.json
2025-05-02 23:49:46,298 - INFO - Processed department: HUM
2025-05-02 23:49:46,301 - INFO - Progress saved to output/scraping_progress.json
2025-05-02 23:49:46,308 - INFO - Processed department: HUSR
2025-05-02 23:49:46,311 - INFO - Progress saved to output/scraping_progress.json
2025-05-02 23:49:46,319 - INFO - Processed department: IDT
2025-05-02 23:49:46,322 - INFO - Progress saved to output/scraping_progress.json
2025-05-02 23:49:46,329 - INFO - Processed department: INST
2025-05-02 23:49:46,332 - INFO - Progress saved to output/scraping_progress.json
2025-05-02 23:49:46,340 - INFO - Processed department: IS
2025-05-02 23:49:46,343 - INFO - Progress saved to output/scraping_progress.json
2025-05-02 23:49:46,349 - INFO - Processed department: ISDS
2025-05-02 23:49:46,352 - INFO - Progress saved to output/scraping_progress.json
2025-05-02 23:49:46,359 - INFO - Processed department: ITAL
2025-05-02 23:49:46,361 - INFO - Progress saved to output/scraping_progress.json
2025-05-02 23:49:46,368 - INFO - Processed department: JAPN
2025-05-02 23:49:46,371 - INFO - Progress saved to output/scraping_progress.json
2025-05-02 23:49:46,377 - INFO - Processed department: KNES
2025-05-02 23:49:46,380 - INFO - Progress saved to output/scraping_progress.json
2025-05-02 23:49:46,386 - INFO - Processed department: KORE
2025-05-02 23:49:46,389 - INFO - Progress saved to output/scraping_progress.json
2025-05-02 23:49:46,395 - INFO - Processed department: LBST
2025-05-02 23:49:46,398 - INFO - Progress saved to output/scraping_progress.json
2025-05-02 23:49:46,404 - INFO - Processed department: LING
2025-05-02 23:49:46,407 - INFO - Progress saved to output/scraping_progress.json
2025-05-02 23:49:46,413 - INFO - Processed department: LTAM
2025-05-02 23:49:46,416 - INFO - Progress saved to output/scraping_progress.json
2025-05-02 23:49:46,422 - INFO - Processed department: MAED
2025-05-02 23:49:46,425 - INFO - Progress saved to output/scraping_progress.json
2025-05-02 23:49:46,431 - INFO - Processed department: MATH
2025-05-02 23:49:46,434 - INFO - Progress saved to output/scraping_progress.json
2025-05-02 23:49:46,440 - INFO - Processed department: MGMT
2025-05-02 23:49:46,443 - INFO - Progress saved to output/scraping_progress.json
2025-05-02 23:49:46,449 - INFO - Processed department: MKTG
2025-05-02 23:49:46,452 - INFO - Progress saved to output/scraping_progress.json
2025-05-02 23:49:46,458 - INFO - Processed department: MLNG
2025-05-02 23:49:46,461 - INFO - Progress saved to output/scraping_progress.json
2025-05-02 23:49:46,467 - INFO - Processed department: MLSC
2025-05-02 23:49:46,470 - INFO - Progress saved to output/scraping_progress.json
2025-05-02 23:49:46,476 - INFO - Processed department: MSW
2025-05-02 23:49:46,479 - INFO - Progress saved to output/scraping_progress.json
2025-05-02 23:49:46,485 - INFO - Processed department: MUS
2025-05-02 23:49:46,488 - INFO - Progress saved to output/scraping_progress.json
2025-05-02 23:49:46,495 - INFO - Processed department: MUSE
2025-05-02 23:49:46,497 - INFO - Progress saved to output/scraping_progress.json
2025-05-02 23:49:46,504 - INFO - Processed department: NURS
2025-05-02 23:49:46,507 - INFO - Progress saved to output/scraping_progress.json
2025-05-02 23:49:46,513 - INFO - Processed department: PERS
2025-05-02 23:49:46,516 - INFO - Progress saved to output/scraping_progress.json
2025-05-02 23:49:46,522 - INFO - Processed department: PHIL
2025-05-02 23:49:46,525 - INFO - Progress saved to output/scraping_progress.json
2025-05-02 23:49:46,531 - INFO - Processed department: PHYS
2025-05-02 23:49:46,534 - INFO - Progress saved to output/scraping_progress.json
2025-05-02 23:49:46,540 - INFO - Processed department: PORT
2025-05-02 23:49:46,543 - INFO - Progress saved to output/scraping_progress.json
2025-05-02 23:49:46,549 - INFO - Processed department: POSC
2025-05-02 23:49:46,552 - INFO - Progress saved to output/scraping_progress.json
2025-05-02 23:49:46,558 - INFO - Processed department: PSYC
2025-05-02 23:49:46,561 - INFO - Progress saved to output/scraping_progress.json
2025-05-02 23:49:46,568 - INFO - Processed department: PUBH
2025-05-02 23:49:46,571 - INFO - Progress saved to output/scraping_progress.json
2025-05-02 23:49:46,577 - INFO - Processed department: READ
2025-05-02 23:49:46,580 - INFO - Progress saved to output/scraping_progress.json
2025-05-02 23:49:46,586 - INFO - Processed department: RLST
2025-05-02 23:49:46,589 - INFO - Progress saved to output/scraping_progress.json
2025-05-02 23:49:46,595 - INFO - Processed department: SCED
2025-05-02 23:49:46,598 - INFO - Progress saved to output/scraping_progress.json
2025-05-02 23:49:46,604 - INFO - Processed department: SOCI
2025-05-02 23:49:46,608 - INFO - Progress saved to output/scraping_progress.json
2025-05-02 23:49:46,614 - INFO - Processed department: SPAN
2025-05-02 23:49:46,617 - INFO - Progress saved to output/scraping_progress.json
2025-05-02 23:49:46,623 - INFO - Processed department: SPED
2025-05-02 23:49:46,626 - INFO - Progress saved to output/scraping_progress.json
2025-05-02 23:49:46,634 - INFO - Processed department: TESL
2025-05-02 23:49:46,636 - INFO - Progress saved to output/scraping_progress.json
2025-05-02 23:49:46,643 - INFO - Processed department: THTR
2025-05-02 23:49:46,646 - INFO - Progress saved to output/scraping_progress.json
2025-05-02 23:49:46,652 - INFO - Processed department: UNIV
2025-05-02 23:49:46,655 - INFO - Progress saved to output/scraping_progress.json
2025-05-02 23:49:46,661 - INFO - Processed department: VIET
2025-05-02 23:49:46,664 - INFO - Progress saved to output/scraping_progress.json
2025-05-02 23:49:46,670 - INFO - Processed department: WGST
2025-05-02 23:49:46,673 - INFO - Progress saved to output/scraping_progress.json
2025-05-02 23:49:46,673 - INFO - Successfully extracted data for 97 departments
2025-05-02 23:49:46,674 - INFO - Saved department data to output/departments/fullerton_departments.csv
2025-05-02 23:49:46,677 - INFO - Progress saved to output/scraping_progress.json
2025-05-02 23:49:46,832 - INFO - Browser closed
2025-05-02 23:49:46,832 - INFO - Successfully scraped 97 departments for fullerton
2025-05-02 23:49:46,833 - INFO - Waiting 7.31 seconds before next university
2025-05-02 23:49:54,149 - INFO - Processing university 46/144: uga
2025-05-02 23:49:54,165 - INFO - Progress saved to output/scraping_progress.json
2025-05-02 23:49:54,165 - INFO - Starting department scraper for URL: https://www.coursicle.com/uga/courses/
2025-05-02 23:49:56,092 - INFO - WebDriver set up successfully
2025-05-02 23:49:59,842 - INFO - Visited homepage first: https://www.coursicle.com/uga/
2025-05-02 23:50:11,362 - INFO - Navigated to https://www.coursicle.com/uga/courses/
2025-05-02 23:50:17,433 - WARNING - Error during human behavior simulation: empty range in randrange(719, -121)
2025-05-02 23:50:32,869 - WARNING - Timeout waiting for tile container, checking for bot detection
2025-05-02 23:50:38,001 - INFO - No 'More' button found or it's not needed
2025-05-02 23:50:38,011 - INFO - Found 0 department tiles
2025-05-02 23:50:42,722 - WARNING - Error during human behavior simulation: empty range in randrange(719, -121)
2025-05-02 23:50:42,723 - WARNING - No departments found, saving debug information
2025-05-02 23:50:42,726 - ERROR - Error during department scraping: cannot access local variable 'os' where it is not associated with a value
2025-05-02 23:50:42,878 - INFO - Browser closed
2025-05-02 23:50:42,878 - ERROR - Error processing university uga: cannot access local variable 'os' where it is not associated with a value
2025-05-02 23:50:42,878 - INFO - Processing university 47/144: colorado
2025-05-02 23:50:42,884 - INFO - Progress saved to output/scraping_progress.json
2025-05-02 23:50:42,884 - INFO - Starting department scraper for URL: https://www.coursicle.com/colorado/courses/
2025-05-02 23:50:44,485 - INFO - WebDriver set up successfully
2025-05-02 23:50:48,929 - INFO - Visited homepage first: https://www.coursicle.com/colorado/
2025-05-02 23:51:00,940 - INFO - Navigated to https://www.coursicle.com/colorado/courses/
2025-05-02 23:51:07,175 - WARNING - Error during human behavior simulation: empty range in randrange(722, -124)
2025-05-02 23:51:22,649 - WARNING - Timeout waiting for tile container, checking for bot detection
2025-05-02 23:51:27,809 - INFO - No 'More' button found or it's not needed
2025-05-02 23:51:27,823 - INFO - Found 0 department tiles
2025-05-02 23:51:33,768 - WARNING - Error during human behavior simulation: empty range in randrange(722, -124)
2025-05-02 23:51:33,768 - WARNING - No departments found, saving debug information
2025-05-02 23:51:33,770 - ERROR - Error during department scraping: cannot access local variable 'os' where it is not associated with a value
2025-05-02 23:51:33,927 - INFO - Browser closed
2025-05-02 23:51:33,927 - ERROR - Error processing university colorado: cannot access local variable 'os' where it is not associated with a value
2025-05-02 23:51:33,927 - INFO - Processing university 48/144: umd
2025-05-02 23:51:33,932 - INFO - Progress saved to output/scraping_progress.json
2025-05-02 23:51:33,932 - INFO - Departments for umd already exist in output/departments/umd_departments.csv, skipping
2025-05-02 23:51:33,937 - INFO - Loaded 220 existing departments for umd
2025-05-02 23:51:33,941 - INFO - Progress saved to output/scraping_progress.json
2025-05-02 23:51:33,941 - INFO - Waiting 3.98 seconds before next university
2025-05-02 23:51:37,926 - INFO - Processing university 49/144: ttu
2025-05-02 23:51:37,932 - INFO - Progress saved to output/scraping_progress.json
2025-05-02 23:51:37,932 - INFO - Starting department scraper for URL: https://www.coursicle.com/ttu/courses/
2025-05-02 23:51:40,501 - INFO - WebDriver set up successfully
2025-05-02 23:51:42,395 - INFO - Visited homepage first: https://www.coursicle.com/ttu/
2025-05-02 23:51:54,664 - INFO - Navigated to https://www.coursicle.com/ttu/courses/
2025-05-02 23:52:02,532 - WARNING - Error during human behavior simulation: empty range in randrange(773, -175)
2025-05-02 23:52:17,976 - WARNING - Timeout waiting for tile container, checking for bot detection
2025-05-02 23:52:23,124 - INFO - No 'More' button found or it's not needed
2025-05-02 23:52:23,136 - INFO - Found 0 department tiles
2025-05-02 23:52:30,405 - WARNING - Error during human behavior simulation: empty range in randrange(773, -175)
2025-05-02 23:52:30,408 - WARNING - No departments found, saving debug information
2025-05-02 23:52:30,414 - ERROR - Error during department scraping: cannot access local variable 'os' where it is not associated with a value
2025-05-02 23:52:30,751 - INFO - Browser closed
2025-05-02 23:52:30,751 - ERROR - Error processing university ttu: cannot access local variable 'os' where it is not associated with a value
2025-05-02 23:52:30,751 - INFO - Processing university 50/144: mcgillca
2025-05-02 23:52:30,769 - INFO - Progress saved to output/scraping_progress.json
2025-05-02 23:52:30,771 - INFO - Starting department scraper for URL: https://www.coursicle.com/mcgillca/courses/
2025-05-02 23:52:32,241 - INFO - WebDriver set up successfully
2025-05-02 23:52:35,465 - INFO - Visited homepage first: https://www.coursicle.com/mcgillca/
2025-05-02 23:52:48,803 - INFO - Navigated to https://www.coursicle.com/mcgillca/courses/
2025-05-02 23:52:53,740 - WARNING - Error during human behavior simulation: empty range in randrange(773, -175)
2025-05-02 23:53:09,140 - WARNING - Timeout waiting for tile container, checking for bot detection
2025-05-02 23:53:14,292 - INFO - No 'More' button found or it's not needed
2025-05-02 23:53:14,304 - INFO - Found 0 department tiles
2025-05-02 23:53:21,335 - WARNING - Error during human behavior simulation: empty range in randrange(773, -175)
2025-05-02 23:53:21,336 - WARNING - No departments found, saving debug information
2025-05-02 23:53:21,336 - ERROR - Error during department scraping: cannot access local variable 'os' where it is not associated with a value
2025-05-02 23:53:21,451 - INFO - Browser closed
2025-05-02 23:53:21,451 - ERROR - Error processing university mcgillca: cannot access local variable 'os' where it is not associated with a value
2025-05-02 23:53:21,451 - INFO - Processing university 51/144: ucdavis
2025-05-02 23:53:21,456 - INFO - Progress saved to output/scraping_progress.json
2025-05-02 23:53:21,456 - INFO - Departments for ucdavis already exist in output/departments/ucdavis_departments.csv, skipping
2025-05-02 23:53:21,458 - INFO - Loaded 211 existing departments for ucdavis
2025-05-02 23:53:21,461 - INFO - Progress saved to output/scraping_progress.json
2025-05-02 23:53:21,461 - INFO - Waiting 5.87 seconds before next university
2025-05-02 23:53:27,333 - INFO - Processing university 52/144: ua
2025-05-02 23:53:27,347 - INFO - Progress saved to output/scraping_progress.json
2025-05-02 23:53:27,348 - INFO - Starting department scraper for URL: https://www.coursicle.com/ua/courses/
2025-05-02 23:53:28,625 - INFO - WebDriver set up successfully
2025-05-02 23:53:31,767 - INFO - Visited homepage first: https://www.coursicle.com/ua/
2025-05-02 23:53:38,497 - INFO - Navigated to https://www.coursicle.com/ua/courses/
2025-05-02 23:53:46,817 - INFO - Tile container loaded
2025-05-02 23:53:46,825 - INFO - Found 'More' button, will click to show all departments
2025-05-02 23:53:48,742 - INFO - Clicked 'More' button
2025-05-02 23:53:53,902 - INFO - Clicked 'More' button
2025-05-02 23:53:57,275 - INFO - Clicked 'More' button
2025-05-02 23:54:01,109 - INFO - Clicked 'More' button
2025-05-02 23:54:04,286 - INFO - Clicked 'More' button
2025-05-02 23:54:07,422 - INFO - Clicked 'More' button
2025-05-02 23:54:10,680 - INFO - Clicked 'More' button
2025-05-02 23:54:15,270 - INFO - Clicked 'More' button
2025-05-02 23:54:18,441 - INFO - Found 174 department tiles
2025-05-02 23:54:25,261 - INFO - Processed department: AAST
2025-05-02 23:54:25,270 - INFO - Progress saved to output/scraping_progress.json
2025-05-02 23:54:25,278 - INFO - Processed department: AC
2025-05-02 23:54:25,281 - INFO - Progress saved to output/scraping_progress.json
2025-05-02 23:54:25,288 - INFO - Processed department: AEL
2025-05-02 23:54:25,292 - INFO - Progress saved to output/scraping_progress.json
2025-05-02 23:54:25,299 - INFO - Processed department: AEM
2025-05-02 23:54:25,302 - INFO - Progress saved to output/scraping_progress.json
2025-05-02 23:54:25,309 - INFO - Processed department: AFS
2025-05-02 23:54:25,312 - INFO - Progress saved to output/scraping_progress.json
2025-05-02 23:54:25,319 - INFO - Processed department: AHE
2025-05-02 23:54:25,324 - INFO - Progress saved to output/scraping_progress.json
2025-05-02 23:54:25,331 - INFO - Processed department: AIL
2025-05-02 23:54:25,336 - INFO - Progress saved to output/scraping_progress.json
2025-05-02 23:54:25,344 - INFO - Processed department: ALA
2025-05-02 23:54:25,347 - INFO - Progress saved to output/scraping_progress.json
2025-05-02 23:54:25,355 - INFO - Processed department: AMS
2025-05-02 23:54:25,358 - INFO - Progress saved to output/scraping_progress.json
2025-05-02 23:54:25,365 - INFO - Processed department: ANT
2025-05-02 23:54:25,368 - INFO - Progress saved to output/scraping_progress.json
2025-05-02 23:54:25,375 - INFO - Processed department: APR
2025-05-02 23:54:25,379 - INFO - Progress saved to output/scraping_progress.json
2025-05-02 23:54:25,386 - INFO - Processed department: ARB
2025-05-02 23:54:25,389 - INFO - Progress saved to output/scraping_progress.json
2025-05-02 23:54:25,396 - INFO - Processed department: ARH
2025-05-02 23:54:25,399 - INFO - Progress saved to output/scraping_progress.json
2025-05-02 23:54:25,406 - INFO - Processed department: ART
2025-05-02 23:54:25,410 - INFO - Progress saved to output/scraping_progress.json
2025-05-02 23:54:25,417 - INFO - Processed department: AS
2025-05-02 23:54:25,420 - INFO - Progress saved to output/scraping_progress.json
2025-05-02 23:54:25,428 - INFO - Processed department: ASL
2025-05-02 23:54:25,431 - INFO - Progress saved to output/scraping_progress.json
2025-05-02 23:54:25,438 - INFO - Processed department: ATR
2025-05-02 23:54:25,442 - INFO - Progress saved to output/scraping_progress.json
2025-05-02 23:54:25,449 - INFO - Processed department: AY
2025-05-02 23:54:25,452 - INFO - Progress saved to output/scraping_progress.json
2025-05-02 23:54:25,459 - INFO - Processed department: BA
2025-05-02 23:54:25,463 - INFO - Progress saved to output/scraping_progress.json
2025-05-02 23:54:25,470 - INFO - Processed department: BAN
2025-05-02 23:54:25,473 - INFO - Progress saved to output/scraping_progress.json
2025-05-02 23:54:25,480 - INFO - Processed department: BCE
2025-05-02 23:54:25,483 - INFO - Progress saved to output/scraping_progress.json
2025-05-02 23:54:25,490 - INFO - Processed department: BEF
2025-05-02 23:54:25,494 - INFO - Progress saved to output/scraping_progress.json
2025-05-02 23:54:25,501 - INFO - Processed department: BEP
2025-05-02 23:54:25,504 - INFO - Progress saved to output/scraping_progress.json
2025-05-02 23:54:25,512 - INFO - Processed department: BER
2025-05-02 23:54:25,515 - INFO - Progress saved to output/scraping_progress.json
2025-05-02 23:54:25,522 - INFO - Processed department: BSC
2025-05-02 23:54:25,525 - INFO - Progress saved to output/scraping_progress.json
2025-05-02 23:54:25,532 - INFO - Processed department: BSP
2025-05-02 23:54:25,536 - INFO - Progress saved to output/scraping_progress.json
2025-05-02 23:54:25,542 - INFO - Processed department: BUI
2025-05-02 23:54:25,546 - INFO - Progress saved to output/scraping_progress.json
2025-05-02 23:54:25,552 - INFO - Processed department: CAS
2025-05-02 23:54:25,557 - INFO - Progress saved to output/scraping_progress.json
2025-05-02 23:54:25,564 - INFO - Processed department: CAT
2025-05-02 23:54:25,567 - INFO - Progress saved to output/scraping_progress.json
2025-05-02 23:54:25,575 - INFO - Processed department: CBH
2025-05-02 23:54:25,579 - INFO - Progress saved to output/scraping_progress.json
2025-05-02 23:54:25,586 - INFO - Processed department: CC
2025-05-02 23:54:25,590 - INFO - Progress saved to output/scraping_progress.json
2025-05-02 23:54:25,597 - INFO - Processed department: CCB
2025-05-02 23:54:25,600 - INFO - Progress saved to output/scraping_progress.json
2025-05-02 23:54:25,607 - INFO - Processed department: CCO
2025-05-02 23:54:25,610 - INFO - Progress saved to output/scraping_progress.json
2025-05-02 23:54:25,617 - INFO - Processed department: CD
2025-05-02 23:54:25,620 - INFO - Progress saved to output/scraping_progress.json
2025-05-02 23:54:25,632 - INFO - Processed department: CE
2025-05-02 23:54:25,636 - INFO - Progress saved to output/scraping_progress.json
2025-05-02 23:54:25,643 - INFO - Processed department: CED
2025-05-02 23:54:25,646 - INFO - Progress saved to output/scraping_progress.json
2025-05-02 23:54:25,653 - INFO - Processed department: CEE
2025-05-02 23:54:25,656 - INFO - Progress saved to output/scraping_progress.json
2025-05-02 23:54:25,663 - INFO - Processed department: CEG
2025-05-02 23:54:25,666 - INFO - Progress saved to output/scraping_progress.json
2025-05-02 23:54:25,673 - INFO - Processed department: CH
2025-05-02 23:54:25,677 - INFO - Progress saved to output/scraping_progress.json
2025-05-02 23:54:25,683 - INFO - Processed department: CHE
2025-05-02 23:54:25,687 - INFO - Progress saved to output/scraping_progress.json
2025-05-02 23:54:25,693 - INFO - Processed department: CHI
2025-05-02 23:54:25,698 - INFO - Progress saved to output/scraping_progress.json
2025-05-02 23:54:25,705 - INFO - Processed department: CHO
2025-05-02 23:54:25,708 - INFO - Progress saved to output/scraping_progress.json
2025-05-02 23:54:25,716 - INFO - Processed department: CHS
2025-05-02 23:54:25,720 - INFO - Progress saved to output/scraping_progress.json
2025-05-02 23:54:25,728 - INFO - Processed department: CIE
2025-05-02 23:54:25,731 - INFO - Progress saved to output/scraping_progress.json
2025-05-02 23:54:25,738 - INFO - Processed department: CIP
2025-05-02 23:54:25,741 - INFO - Progress saved to output/scraping_progress.json
2025-05-02 23:54:25,748 - INFO - Processed department: CIS
2025-05-02 23:54:25,752 - INFO - Progress saved to output/scraping_progress.json
2025-05-02 23:54:25,759 - INFO - Processed department: CJ
2025-05-02 23:54:25,762 - INFO - Progress saved to output/scraping_progress.json
2025-05-02 23:54:25,769 - INFO - Processed department: CL
2025-05-02 23:54:25,772 - INFO - Progress saved to output/scraping_progress.json
2025-05-02 23:54:25,780 - INFO - Processed department: CLS
2025-05-02 23:54:25,783 - INFO - Progress saved to output/scraping_progress.json
2025-05-02 23:54:25,790 - INFO - Processed department: CNU
2025-05-02 23:54:25,793 - INFO - Progress saved to output/scraping_progress.json
2025-05-02 23:54:25,800 - INFO - Processed department: COM
2025-05-02 23:54:25,803 - INFO - Progress saved to output/scraping_progress.json
2025-05-02 23:54:25,810 - INFO - Processed department: CRD
2025-05-02 23:54:25,813 - INFO - Progress saved to output/scraping_progress.json
2025-05-02 23:54:25,820 - INFO - Processed department: CRL
2025-05-02 23:54:25,823 - INFO - Progress saved to output/scraping_progress.json
2025-05-02 23:54:25,830 - INFO - Processed department: CS
2025-05-02 23:54:25,833 - INFO - Progress saved to output/scraping_progress.json
2025-05-02 23:54:25,840 - INFO - Processed department: CSE
2025-05-02 23:54:25,843 - INFO - Progress saved to output/scraping_progress.json
2025-05-02 23:54:25,850 - INFO - Processed department: CSM
2025-05-02 23:54:25,853 - INFO - Progress saved to output/scraping_progress.json
2025-05-02 23:54:25,860 - INFO - Processed department: CSW
2025-05-02 23:54:25,864 - INFO - Progress saved to output/scraping_progress.json
2025-05-02 23:54:25,871 - INFO - Processed department: CTD
2025-05-02 23:54:25,874 - INFO - Progress saved to output/scraping_progress.json
2025-05-02 23:54:25,881 - INFO - Processed department: DN
2025-05-02 23:54:25,884 - INFO - Progress saved to output/scraping_progress.json
2025-05-02 23:54:25,891 - INFO - Processed department: DNCA
2025-05-02 23:54:25,894 - INFO - Progress saved to output/scraping_progress.json
2025-05-02 23:54:25,902 - INFO - Processed department: DR
2025-05-02 23:54:25,905 - INFO - Progress saved to output/scraping_progress.json
2025-05-02 23:54:25,913 - INFO - Processed department: EC
2025-05-02 23:54:25,916 - INFO - Progress saved to output/scraping_progress.json
2025-05-02 23:54:25,923 - INFO - Processed department: ECE
2025-05-02 23:54:25,926 - INFO - Progress saved to output/scraping_progress.json
2025-05-02 23:54:25,934 - INFO - Processed department: EDU
2025-05-02 23:54:25,937 - INFO - Progress saved to output/scraping_progress.json
2025-05-02 23:54:25,944 - INFO - Processed department: ELC
2025-05-02 23:54:25,948 - INFO - Progress saved to output/scraping_progress.json
2025-05-02 23:54:25,955 - INFO - Processed department: ELI
2025-05-02 23:54:25,958 - INFO - Progress saved to output/scraping_progress.json
2025-05-02 23:54:25,964 - INFO - Processed department: EN
2025-05-02 23:54:25,968 - INFO - Progress saved to output/scraping_progress.json
2025-05-02 23:54:25,976 - INFO - Processed department: ENGR
2025-05-02 23:54:25,979 - INFO - Progress saved to output/scraping_progress.json
2025-05-02 23:54:25,986 - INFO - Processed department: EPIC
2025-05-02 23:54:25,990 - INFO - Progress saved to output/scraping_progress.json
2025-05-02 23:54:25,997 - INFO - Processed department: EXD
2025-05-02 23:54:26,000 - INFO - Progress saved to output/scraping_progress.json
2025-05-02 23:54:26,007 - INFO - Processed department: FA
2025-05-02 23:54:26,010 - INFO - Progress saved to output/scraping_progress.json
2025-05-02 23:54:26,017 - INFO - Processed department: FI
2025-05-02 23:54:26,020 - INFO - Progress saved to output/scraping_progress.json
2025-05-02 23:54:26,027 - INFO - Processed department: FLC
2025-05-02 23:54:26,030 - INFO - Progress saved to output/scraping_progress.json
2025-05-02 23:54:26,037 - INFO - Processed department: FR
2025-05-02 23:54:26,040 - INFO - Progress saved to output/scraping_progress.json
2025-05-02 23:54:26,048 - INFO - Processed department: FRS
2025-05-02 23:54:26,051 - INFO - Progress saved to output/scraping_progress.json
2025-05-02 23:54:26,058 - INFO - Processed department: GBA
2025-05-02 23:54:26,062 - INFO - Progress saved to output/scraping_progress.json
2025-05-02 23:54:26,069 - INFO - Processed department: GDS
2025-05-02 23:54:26,072 - INFO - Progress saved to output/scraping_progress.json
2025-05-02 23:54:26,080 - INFO - Processed department: GEO
2025-05-02 23:54:26,083 - INFO - Progress saved to output/scraping_progress.json
2025-05-02 23:54:26,090 - INFO - Processed department: GES
2025-05-02 23:54:26,093 - INFO - Progress saved to output/scraping_progress.json
2025-05-02 23:54:26,100 - INFO - Processed department: GN
2025-05-02 23:54:26,103 - INFO - Progress saved to output/scraping_progress.json
2025-05-02 23:54:26,110 - INFO - Processed department: GR
2025-05-02 23:54:26,113 - INFO - Progress saved to output/scraping_progress.json
2025-05-02 23:54:26,120 - INFO - Processed department: GS
2025-05-02 23:54:26,123 - INFO - Progress saved to output/scraping_progress.json
2025-05-02 23:54:26,130 - INFO - Processed department: GY
2025-05-02 23:54:26,133 - INFO - Progress saved to output/scraping_progress.json
2025-05-02 23:54:26,140 - INFO - Processed department: HCAN
2025-05-02 23:54:26,143 - INFO - Progress saved to output/scraping_progress.json
2025-05-02 23:54:26,150 - INFO - Processed department: HCM
2025-05-02 23:54:26,157 - INFO - Progress saved to output/scraping_progress.json
2025-05-02 23:54:26,165 - INFO - Processed department: HD
2025-05-02 23:54:26,168 - INFO - Progress saved to output/scraping_progress.json
2025-05-02 23:54:26,175 - INFO - Processed department: HEB
2025-05-02 23:54:26,178 - INFO - Progress saved to output/scraping_progress.json
2025-05-02 23:54:26,186 - INFO - Processed department: HES
2025-05-02 23:54:26,192 - INFO - Progress saved to output/scraping_progress.json
2025-05-02 23:54:26,198 - INFO - Processed department: HHE
2025-05-02 23:54:26,202 - INFO - Progress saved to output/scraping_progress.json
2025-05-02 23:54:26,212 - INFO - Processed department: HIN
2025-05-02 23:54:26,215 - INFO - Progress saved to output/scraping_progress.json
2025-05-02 23:54:26,222 - INFO - Processed department: HSM
2025-05-02 23:54:26,235 - INFO - Progress saved to output/scraping_progress.json
2025-05-02 23:54:26,242 - INFO - Processed department: HY
2025-05-02 23:54:26,245 - INFO - Progress saved to output/scraping_progress.json
2025-05-02 23:54:26,253 - INFO - Processed department: IBA
2025-05-02 23:54:26,256 - INFO - Progress saved to output/scraping_progress.json
2025-05-02 23:54:26,263 - INFO - Processed department: IDGR
2025-05-02 23:54:26,266 - INFO - Progress saved to output/scraping_progress.json
2025-05-02 23:54:26,273 - INFO - Processed department: IDMD
2025-05-02 23:54:26,277 - INFO - Progress saved to output/scraping_progress.json
2025-05-02 23:54:26,283 - INFO - Processed department: IHP
2025-05-02 23:54:26,287 - INFO - Progress saved to output/scraping_progress.json
2025-05-02 23:54:26,295 - INFO - Processed department: INTE
2025-05-02 23:54:26,298 - INFO - Progress saved to output/scraping_progress.json
2025-05-02 23:54:26,305 - INFO - Processed department: IS
2025-05-02 23:54:26,308 - INFO - Progress saved to output/scraping_progress.json
2025-05-02 23:54:26,316 - INFO - Processed department: IT
2025-05-02 23:54:26,319 - INFO - Progress saved to output/scraping_progress.json
2025-05-02 23:54:26,326 - INFO - Processed department: JA
2025-05-02 23:54:26,329 - INFO - Progress saved to output/scraping_progress.json
2025-05-02 23:54:26,336 - INFO - Processed department: JCM
2025-05-02 23:54:26,340 - INFO - Progress saved to output/scraping_progress.json
2025-05-02 23:54:26,347 - INFO - Processed department: JN
2025-05-02 23:54:26,351 - INFO - Progress saved to output/scraping_progress.json
2025-05-02 23:54:26,358 - INFO - Processed department: KIN
2025-05-02 23:54:26,361 - INFO - Progress saved to output/scraping_progress.json
2025-05-02 23:54:26,368 - INFO - Processed department: KOR
2025-05-02 23:54:26,371 - INFO - Progress saved to output/scraping_progress.json
2025-05-02 23:54:26,379 - INFO - Processed department: LA
2025-05-02 23:54:26,382 - INFO - Progress saved to output/scraping_progress.json
2025-05-02 23:54:26,389 - INFO - Processed department: LAS
2025-05-02 23:54:26,393 - INFO - Progress saved to output/scraping_progress.json
2025-05-02 23:54:26,399 - INFO - Processed department: LAW
2025-05-02 23:54:26,402 - INFO - Progress saved to output/scraping_progress.json
2025-05-02 23:54:26,409 - INFO - Processed department: LGS
2025-05-02 23:54:26,413 - INFO - Progress saved to output/scraping_progress.json
2025-05-02 23:54:26,421 - INFO - Processed department: LS
2025-05-02 23:54:26,425 - INFO - Progress saved to output/scraping_progress.json
2025-05-02 23:54:26,433 - INFO - Processed department: MAP
2025-05-02 23:54:26,436 - INFO - Progress saved to output/scraping_progress.json
2025-05-02 23:54:26,444 - INFO - Processed department: MATH
2025-05-02 23:54:26,448 - INFO - Progress saved to output/scraping_progress.json
2025-05-02 23:54:26,455 - INFO - Processed department: MC
2025-05-02 23:54:26,458 - INFO - Progress saved to output/scraping_progress.json
2025-05-02 23:54:26,466 - INFO - Processed department: MDGR
2025-05-02 23:54:26,469 - INFO - Progress saved to output/scraping_progress.json
2025-05-02 23:54:26,476 - INFO - Processed department: ME
2025-05-02 23:54:26,479 - INFO - Progress saved to output/scraping_progress.json
2025-05-02 23:54:26,486 - INFO - Processed department: MFE
2025-05-02 23:54:26,489 - INFO - Progress saved to output/scraping_progress.json
2025-05-02 23:54:26,497 - INFO - Processed department: MGT
2025-05-02 23:54:26,501 - INFO - Progress saved to output/scraping_progress.json
2025-05-02 23:54:26,507 - INFO - Processed department: MIL
2025-05-02 23:54:26,511 - INFO - Progress saved to output/scraping_progress.json
2025-05-02 23:54:26,518 - INFO - Processed department: MIS
2025-05-02 23:54:26,521 - INFO - Progress saved to output/scraping_progress.json
2025-05-02 23:54:26,528 - INFO - Processed department: MKT
2025-05-02 23:54:26,531 - INFO - Progress saved to output/scraping_progress.json
2025-05-02 23:54:26,539 - INFO - Processed department: MLC
2025-05-02 23:54:26,542 - INFO - Progress saved to output/scraping_progress.json
2025-05-02 23:54:26,549 - INFO - Processed department: MS
2025-05-02 23:54:26,552 - INFO - Progress saved to output/scraping_progress.json
2025-05-02 23:54:26,559 - INFO - Processed department: MSC
2025-05-02 23:54:26,563 - INFO - Progress saved to output/scraping_progress.json
2025-05-02 23:54:26,569 - INFO - Processed department: MTE
2025-05-02 23:54:26,573 - INFO - Progress saved to output/scraping_progress.json
2025-05-02 23:54:26,580 - INFO - Processed department: MUA
2025-05-02 23:54:26,584 - INFO - Progress saved to output/scraping_progress.json
2025-05-02 23:54:26,590 - INFO - Processed department: MUE
2025-05-02 23:54:26,594 - INFO - Progress saved to output/scraping_progress.json
2025-05-02 23:54:26,601 - INFO - Processed department: MUS
2025-05-02 23:54:26,604 - INFO - Progress saved to output/scraping_progress.json
2025-05-02 23:54:26,611 - INFO - Processed department: MUSM
2025-05-02 23:54:26,615 - INFO - Progress saved to output/scraping_progress.json
2025-05-02 23:54:26,622 - INFO - Processed department: NCLT
2025-05-02 23:54:26,625 - INFO - Progress saved to output/scraping_progress.json
2025-05-02 23:54:26,632 - INFO - Processed department: NEW
2025-05-02 23:54:26,636 - INFO - Progress saved to output/scraping_progress.json
2025-05-02 23:54:26,643 - INFO - Processed department: NHM
2025-05-02 23:54:26,647 - INFO - Progress saved to output/scraping_progress.json
2025-05-02 23:54:26,654 - INFO - Processed department: NSE
2025-05-02 23:54:26,657 - INFO - Progress saved to output/scraping_progress.json
2025-05-02 23:54:26,664 - INFO - Processed department: NUR
2025-05-02 23:54:26,668 - INFO - Progress saved to output/scraping_progress.json
2025-05-02 23:54:26,675 - INFO - Processed department: NUS
2025-05-02 23:54:26,678 - INFO - Progress saved to output/scraping_progress.json
2025-05-02 23:54:26,685 - INFO - Processed department: OM
2025-05-02 23:54:26,688 - INFO - Progress saved to output/scraping_progress.json
2025-05-02 23:54:26,695 - INFO - Processed department: PAS
2025-05-02 23:54:26,698 - INFO - Progress saved to output/scraping_progress.json
2025-05-02 23:54:26,705 - INFO - Processed department: PCB
2025-05-02 23:54:26,708 - INFO - Progress saved to output/scraping_progress.json
2025-05-02 23:54:26,716 - INFO - Processed department: PCM
2025-05-02 23:54:26,719 - INFO - Progress saved to output/scraping_progress.json
2025-05-02 23:54:26,726 - INFO - Processed department: PED
2025-05-02 23:54:26,729 - INFO - Progress saved to output/scraping_progress.json
2025-05-02 23:54:26,736 - INFO - Processed department: PEG
2025-05-02 23:54:26,742 - INFO - Progress saved to output/scraping_progress.json
2025-05-02 23:54:26,750 - INFO - Processed department: PH
2025-05-02 23:54:26,756 - INFO - Progress saved to output/scraping_progress.json
2025-05-02 23:54:26,763 - INFO - Processed department: PHL
2025-05-02 23:54:26,767 - INFO - Progress saved to output/scraping_progress.json
2025-05-02 23:54:26,774 - INFO - Processed department: PHS
2025-05-02 23:54:26,777 - INFO - Progress saved to output/scraping_progress.json
2025-05-02 23:54:26,784 - INFO - Processed department: PNU
2025-05-02 23:54:26,788 - INFO - Progress saved to output/scraping_progress.json
2025-05-02 23:54:26,794 - INFO - Processed department: POPH
2025-05-02 23:54:26,798 - INFO - Progress saved to output/scraping_progress.json
2025-05-02 23:54:26,805 - INFO - Processed department: POR
2025-05-02 23:54:26,809 - INFO - Progress saved to output/scraping_progress.json
2025-05-02 23:54:26,816 - INFO - Processed department: PSC
2025-05-02 23:54:26,819 - INFO - Progress saved to output/scraping_progress.json
2025-05-02 23:54:26,826 - INFO - Processed department: PSW
2025-05-02 23:54:26,829 - INFO - Progress saved to output/scraping_progress.json
2025-05-02 23:54:26,837 - INFO - Processed department: PY
2025-05-02 23:54:26,840 - INFO - Progress saved to output/scraping_progress.json
2025-05-02 23:54:26,847 - INFO - Processed department: RCH
2025-05-02 23:54:26,851 - INFO - Progress saved to output/scraping_progress.json
2025-05-02 23:54:26,858 - INFO - Processed department: REL
2025-05-02 23:54:26,862 - INFO - Progress saved to output/scraping_progress.json
2025-05-02 23:54:26,869 - INFO - Processed department: RHM
2025-05-02 23:54:26,872 - INFO - Progress saved to output/scraping_progress.json
2025-05-02 23:54:26,879 - INFO - Processed department: RL
2025-05-02 23:54:26,883 - INFO - Progress saved to output/scraping_progress.json
2025-05-02 23:54:26,889 - INFO - Processed department: RRS
2025-05-02 23:54:26,893 - INFO - Progress saved to output/scraping_progress.json
2025-05-02 23:54:26,900 - INFO - Processed department: RUS
2025-05-02 23:54:26,903 - INFO - Progress saved to output/scraping_progress.json
2025-05-02 23:54:26,910 - INFO - Processed department: SOC
2025-05-02 23:54:26,913 - INFO - Progress saved to output/scraping_progress.json
2025-05-02 23:54:26,920 - INFO - Processed department: SP
2025-05-02 23:54:26,924 - INFO - Progress saved to output/scraping_progress.json
2025-05-02 23:54:26,931 - INFO - Processed department: SPE
2025-05-02 23:54:26,934 - INFO - Progress saved to output/scraping_progress.json
2025-05-02 23:54:26,942 - INFO - Processed department: SS
2025-05-02 23:54:26,945 - INFO - Progress saved to output/scraping_progress.json
2025-05-02 23:54:26,952 - INFO - Processed department: ST
2025-05-02 23:54:26,956 - INFO - Progress saved to output/scraping_progress.json
2025-05-02 23:54:26,963 - INFO - Processed department: SW
2025-05-02 23:54:26,967 - INFO - Progress saved to output/scraping_progress.json
2025-05-02 23:54:26,973 - INFO - Processed department: SWA
2025-05-02 23:54:26,977 - INFO - Progress saved to output/scraping_progress.json
2025-05-02 23:54:26,984 - INFO - Processed department: TCF
2025-05-02 23:54:26,987 - INFO - Progress saved to output/scraping_progress.json
2025-05-02 23:54:26,995 - INFO - Processed department: TH
2025-05-02 23:54:26,998 - INFO - Progress saved to output/scraping_progress.json
2025-05-02 23:54:27,005 - INFO - Processed department: THAI
2025-05-02 23:54:27,008 - INFO - Progress saved to output/scraping_progress.json
2025-05-02 23:54:27,015 - INFO - Processed department: THMT
2025-05-02 23:54:27,019 - INFO - Progress saved to output/scraping_progress.json
2025-05-02 23:54:27,026 - INFO - Processed department: TSM
2025-05-02 23:54:27,029 - INFO - Progress saved to output/scraping_progress.json
2025-05-02 23:54:27,036 - INFO - Processed department: TURK
2025-05-02 23:54:27,040 - INFO - Progress saved to output/scraping_progress.json
2025-05-02 23:54:27,047 - INFO - Processed department: UA
2025-05-02 23:54:27,050 - INFO - Progress saved to output/scraping_progress.json
2025-05-02 23:54:27,058 - INFO - Processed department: UAEC
2025-05-02 23:54:27,061 - INFO - Progress saved to output/scraping_progress.json
2025-05-02 23:54:27,068 - INFO - Processed department: UFE
2025-05-02 23:54:27,071 - INFO - Progress saved to output/scraping_progress.json
2025-05-02 23:54:27,079 - INFO - Processed department: UH
2025-05-02 23:54:27,082 - INFO - Progress saved to output/scraping_progress.json
2025-05-02 23:54:27,090 - INFO - Processed department: UKR
2025-05-02 23:54:27,094 - INFO - Progress saved to output/scraping_progress.json
2025-05-02 23:54:27,101 - INFO - Processed department: VIET
2025-05-02 23:54:27,104 - INFO - Progress saved to output/scraping_progress.json
2025-05-02 23:54:27,111 - INFO - Processed department: WS
2025-05-02 23:54:27,115 - INFO - Progress saved to output/scraping_progress.json
2025-05-02 23:54:27,115 - INFO - Successfully extracted data for 174 departments
2025-05-02 23:54:27,116 - INFO - Saved department data to output/departments/ua_departments.csv
2025-05-02 23:54:27,137 - INFO - Progress saved to output/scraping_progress.json
2025-05-02 23:54:27,303 - INFO - Browser closed
2025-05-02 23:54:27,303 - INFO - Successfully scraped 174 departments for ua
2025-05-02 23:54:27,303 - INFO - Waiting 4.33 seconds before next university
2025-05-02 23:54:31,641 - INFO - Processing university 53/144: gmu
2025-05-02 23:54:31,650 - INFO - Progress saved to output/scraping_progress.json
2025-05-02 23:54:31,650 - INFO - Starting department scraper for URL: https://www.coursicle.com/gmu/courses/
2025-05-02 23:54:32,869 - INFO - WebDriver set up successfully
2025-05-02 23:54:36,480 - INFO - Visited homepage first: https://www.coursicle.com/gmu/
2025-05-02 23:54:49,077 - INFO - Navigated to https://www.coursicle.com/gmu/courses/
2025-05-02 23:54:55,728 - WARNING - Error during human behavior simulation: empty range in randrange(773, -175)
2025-05-02 23:55:11,125 - WARNING - Timeout waiting for tile container, checking for bot detection
2025-05-02 23:55:16,273 - INFO - No 'More' button found or it's not needed
2025-05-02 23:55:16,284 - INFO - Found 0 department tiles
2025-05-02 23:55:24,385 - WARNING - Error during human behavior simulation: empty range in randrange(773, -175)
2025-05-02 23:55:24,385 - WARNING - No departments found, saving debug information
2025-05-02 23:55:24,385 - ERROR - Error during department scraping: cannot access local variable 'os' where it is not associated with a value
2025-05-02 23:55:24,585 - INFO - Browser closed
2025-05-02 23:55:24,585 - ERROR - Error processing university gmu: cannot access local variable 'os' where it is not associated with a value
2025-05-02 23:55:24,586 - INFO - Processing university 54/144: lsu
2025-05-02 23:55:24,592 - INFO - Progress saved to output/scraping_progress.json
2025-05-02 23:55:24,592 - INFO - Starting department scraper for URL: https://www.coursicle.com/lsu/courses/
2025-05-02 23:55:25,459 - INFO - WebDriver set up successfully
2025-05-02 23:55:29,972 - INFO - Visited homepage first: https://www.coursicle.com/lsu/
2025-05-02 23:55:39,608 - INFO - Navigated to https://www.coursicle.com/lsu/courses/
2025-05-02 23:55:46,463 - WARNING - Error during human behavior simulation: empty range in randrange(765, -167)
2025-05-02 23:56:01,873 - WARNING - Timeout waiting for tile container, checking for bot detection
2025-05-02 23:56:07,028 - INFO - No 'More' button found or it's not needed
2025-05-02 23:56:07,042 - INFO - Found 0 department tiles
2025-05-02 23:56:18,252 - WARNING - Error during human behavior simulation: empty range in randrange(765, -167)
2025-05-02 23:56:18,253 - WARNING - No departments found, saving debug information
2025-05-02 23:56:18,254 - ERROR - Error during department scraping: cannot access local variable 'os' where it is not associated with a value
2025-05-02 23:56:18,426 - INFO - Browser closed
2025-05-02 23:56:18,426 - ERROR - Error processing university lsu: cannot access local variable 'os' where it is not associated with a value
2025-05-02 23:56:18,426 - INFO - Processing university 55/144: sdsu
2025-05-02 23:56:18,432 - INFO - Progress saved to output/scraping_progress.json
2025-05-02 23:56:18,433 - INFO - Starting department scraper for URL: https://www.coursicle.com/sdsu/courses/
2025-05-02 23:56:20,802 - INFO - WebDriver set up successfully
2025-05-02 23:56:36,663 - INFO - Visited homepage first: https://www.coursicle.com/sdsu/
2025-05-02 23:56:44,002 - INFO - Navigated to https://www.coursicle.com/sdsu/courses/
2025-05-02 23:56:50,517 - WARNING - Error during human behavior simulation: empty range in randrange(773, -175)
2025-05-02 23:57:05,938 - WARNING - Timeout waiting for tile container, checking for bot detection
2025-05-02 23:57:11,088 - INFO - No 'More' button found or it's not needed
2025-05-02 23:57:11,102 - INFO - Found 0 department tiles
2025-05-02 23:57:20,163 - WARNING - Error during human behavior simulation: empty range in randrange(773, -175)
2025-05-02 23:57:20,163 - WARNING - No departments found, saving debug information
2025-05-02 23:57:20,165 - ERROR - Error during department scraping: cannot access local variable 'os' where it is not associated with a value
2025-05-02 23:57:20,343 - INFO - Browser closed
2025-05-02 23:57:20,343 - ERROR - Error processing university sdsu: cannot access local variable 'os' where it is not associated with a value
2025-05-02 23:57:20,344 - INFO - Processing university 56/144: mdcwest
2025-05-02 23:57:20,350 - INFO - Progress saved to output/scraping_progress.json
2025-05-02 23:57:20,351 - INFO - Departments for mdcwest already exist in output/departments/mdcwest_departments.csv, skipping
2025-05-02 23:57:20,351 - INFO - Loaded 126 existing departments for mdcwest
2025-05-02 23:57:20,356 - INFO - Progress saved to output/scraping_progress.json
2025-05-02 23:57:20,356 - INFO - Waiting 7.59 seconds before next university
2025-05-02 23:57:27,954 - INFO - Processing university 57/144: txstate
2025-05-02 23:57:27,968 - INFO - Progress saved to output/scraping_progress.json
2025-05-02 23:57:27,968 - INFO - Departments for txstate already exist in output/departments/txstate_departments.csv, skipping
2025-05-02 23:57:27,969 - INFO - Loaded 145 existing departments for txstate
2025-05-02 23:57:27,979 - INFO - Progress saved to output/scraping_progress.json
2025-05-02 23:57:27,979 - INFO - Waiting 4.91 seconds before next university
2025-05-02 23:57:32,898 - INFO - Processing university 58/144: vt
2025-05-02 23:57:32,909 - INFO - Progress saved to output/scraping_progress.json
2025-05-02 23:57:32,910 - INFO - Starting department scraper for URL: https://www.coursicle.com/vt/courses/
2025-05-02 23:57:34,405 - INFO - WebDriver set up successfully
2025-05-02 23:57:43,928 - INFO - Visited homepage first: https://www.coursicle.com/vt/
2025-05-02 23:57:50,612 - INFO - Navigated to https://www.coursicle.com/vt/courses/
2025-05-02 23:57:57,824 - WARNING - Error during human behavior simulation: empty range in randrange(773, -175)
2025-05-02 23:58:13,287 - WARNING - Timeout waiting for tile container, checking for bot detection
2025-05-02 23:58:18,450 - INFO - No 'More' button found or it's not needed
2025-05-02 23:58:18,464 - INFO - Found 0 department tiles
2025-05-02 23:58:25,267 - WARNING - Error during human behavior simulation: empty range in randrange(773, -175)
2025-05-02 23:58:25,268 - WARNING - No departments found, saving debug information
2025-05-02 23:58:25,270 - ERROR - Error during department scraping: cannot access local variable 'os' where it is not associated with a value
2025-05-02 23:58:25,447 - INFO - Browser closed
2025-05-02 23:58:25,447 - ERROR - Error processing university vt: cannot access local variable 'os' where it is not associated with a value
2025-05-02 23:58:25,447 - INFO - Processing university 59/144: collin
2025-05-02 23:58:25,457 - INFO - Progress saved to output/scraping_progress.json
2025-05-02 23:58:25,458 - INFO - Starting department scraper for URL: https://www.coursicle.com/collin/courses/
2025-05-02 23:58:27,204 - INFO - WebDriver set up successfully
2025-05-02 23:58:28,682 - INFO - Visited homepage first: https://www.coursicle.com/collin/
2025-05-02 23:58:40,126 - INFO - Navigated to https://www.coursicle.com/collin/courses/
2025-05-02 23:58:47,661 - WARNING - Error during human behavior simulation: empty range in randrange(773, -175)
2025-05-02 23:59:03,087 - WARNING - Timeout waiting for tile container, checking for bot detection
2025-05-02 23:59:08,226 - INFO - No 'More' button found or it's not needed
2025-05-02 23:59:08,238 - INFO - Found 0 department tiles
2025-05-02 23:59:17,212 - WARNING - Error during human behavior simulation: empty range in randrange(773, -175)
2025-05-02 23:59:17,213 - WARNING - No departments found, saving debug information
2025-05-02 23:59:17,215 - ERROR - Error during department scraping: cannot access local variable 'os' where it is not associated with a value
2025-05-02 23:59:17,325 - INFO - Browser closed
2025-05-02 23:59:17,325 - ERROR - Error processing university collin: cannot access local variable 'os' where it is not associated with a value
2025-05-02 23:59:17,325 - INFO - Processing university 60/144: fscj
2025-05-02 23:59:17,338 - INFO - Progress saved to output/scraping_progress.json
2025-05-02 23:59:17,338 - INFO - Starting department scraper for URL: https://www.coursicle.com/fscj/courses/
2025-05-02 23:59:19,235 - INFO - WebDriver set up successfully
2025-05-02 23:59:35,861 - INFO - Visited homepage first: https://www.coursicle.com/fscj/
2025-05-02 23:59:41,692 - INFO - Navigated to https://www.coursicle.com/fscj/courses/
2025-05-02 23:59:47,402 - WARNING - Error during human behavior simulation: empty range in randrange(773, -175)
2025-05-03 00:00:02,859 - WARNING - Timeout waiting for tile container, checking for bot detection
2025-05-03 00:00:08,016 - INFO - No 'More' button found or it's not needed
2025-05-03 00:00:08,030 - INFO - Found 0 department tiles
2025-05-03 00:00:12,942 - WARNING - Error during human behavior simulation: empty range in randrange(773, -175)
2025-05-03 00:00:12,943 - WARNING - No departments found, saving debug information
2025-05-03 00:00:12,944 - ERROR - Error during department scraping: cannot access local variable 'os' where it is not associated with a value
2025-05-03 00:00:13,060 - INFO - Browser closed
2025-05-03 00:00:13,061 - ERROR - Error processing university fscj: cannot access local variable 'os' where it is not associated with a value
2025-05-03 00:00:13,061 - INFO - Processing university 61/144: ncsu
2025-05-03 00:00:13,069 - INFO - Progress saved to output/scraping_progress.json
2025-05-03 00:00:13,069 - INFO - Starting department scraper for URL: https://www.coursicle.com/ncsu/courses/
2025-05-03 00:00:17,395 - INFO - WebDriver set up successfully
2025-05-03 00:00:20,796 - INFO - Visited homepage first: https://www.coursicle.com/ncsu/
2025-05-03 00:00:32,378 - INFO - Navigated to https://www.coursicle.com/ncsu/courses/
2025-05-03 00:00:39,374 - WARNING - Error during human behavior simulation: empty range in randrange(773, -175)
2025-05-03 00:00:54,782 - WARNING - Timeout waiting for tile container, checking for bot detection
2025-05-03 00:00:59,926 - INFO - No 'More' button found or it's not needed
2025-05-03 00:00:59,940 - INFO - Found 0 department tiles
2025-05-03 00:01:06,340 - WARNING - Error during human behavior simulation: empty range in randrange(773, -175)
2025-05-03 00:01:06,341 - WARNING - No departments found, saving debug information
2025-05-03 00:01:06,342 - ERROR - Error during department scraping: cannot access local variable 'os' where it is not associated with a value
2025-05-03 00:01:06,516 - INFO - Browser closed
2025-05-03 00:01:06,516 - ERROR - Error processing university ncsu: cannot access local variable 'os' where it is not associated with a value
2025-05-03 00:01:06,516 - INFO - Processing university 62/144: bu
2025-05-03 00:01:06,522 - INFO - Progress saved to output/scraping_progress.json
2025-05-03 00:01:06,522 - INFO - Departments for bu already exist in output/departments/bu_departments.csv, skipping
2025-05-03 00:01:06,525 - INFO - Loaded 445 existing departments for bu
2025-05-03 00:01:06,528 - INFO - Progress saved to output/scraping_progress.json
2025-05-03 00:01:06,528 - INFO - Waiting 6.29 seconds before next university
2025-05-03 00:01:12,820 - INFO - Processing university 63/144: uci
2025-05-03 00:01:12,837 - INFO - Progress saved to output/scraping_progress.json
2025-05-03 00:01:12,839 - INFO - Starting department scraper for URL: https://www.coursicle.com/uci/courses/
2025-05-03 00:01:14,417 - INFO - WebDriver set up successfully
2025-05-03 00:01:19,538 - INFO - Visited homepage first: https://www.coursicle.com/uci/
2025-05-03 00:01:23,177 - INFO - Navigated to https://www.coursicle.com/uci/courses/
2025-05-03 00:01:32,316 - INFO - Tile container loaded
2025-05-03 00:01:32,322 - INFO - Found 'More' button, will click to show all departments
2025-05-03 00:01:34,012 - INFO - Clicked 'More' button
2025-05-03 00:01:37,620 - INFO - Clicked 'More' button
2025-05-03 00:01:42,503 - INFO - Clicked 'More' button
2025-05-03 00:01:45,951 - INFO - Clicked 'More' button
2025-05-03 00:01:50,047 - INFO - Clicked 'More' button
2025-05-03 00:01:53,389 - INFO - Clicked 'More' button
2025-05-03 00:01:55,971 - INFO - Found 141 department tiles
2025-05-03 00:02:03,605 - INFO - Processed department: ACENG
2025-05-03 00:02:03,619 - INFO - Progress saved to output/scraping_progress.json
2025-05-03 00:02:03,629 - INFO - Processed department: AFAM
2025-05-03 00:02:03,633 - INFO - Progress saved to output/scraping_progress.json
2025-05-03 00:02:03,641 - INFO - Processed department: ANATOMY
2025-05-03 00:02:03,645 - INFO - Progress saved to output/scraping_progress.json
2025-05-03 00:02:03,652 - INFO - Processed department: ANESTH
2025-05-03 00:02:03,656 - INFO - Progress saved to output/scraping_progress.json
2025-05-03 00:02:03,663 - INFO - Processed department: ANTHRO
2025-05-03 00:02:03,667 - INFO - Progress saved to output/scraping_progress.json
2025-05-03 00:02:03,674 - INFO - Processed department: ARABIC
2025-05-03 00:02:03,677 - INFO - Progress saved to output/scraping_progress.json
2025-05-03 00:02:03,684 - INFO - Processed department: ARMN
2025-05-03 00:02:03,688 - INFO - Progress saved to output/scraping_progress.json
2025-05-03 00:02:03,695 - INFO - Processed department: ART
2025-05-03 00:02:03,698 - INFO - Progress saved to output/scraping_progress.json
2025-05-03 00:02:03,705 - INFO - Processed department: ARTHIS
2025-05-03 00:02:03,709 - INFO - Progress saved to output/scraping_progress.json
2025-05-03 00:02:03,716 - INFO - Processed department: ARTS
2025-05-03 00:02:03,719 - INFO - Progress saved to output/scraping_progress.json
2025-05-03 00:02:03,729 - INFO - Processed department: ASIANAM
2025-05-03 00:02:03,733 - INFO - Progress saved to output/scraping_progress.json
2025-05-03 00:02:03,740 - INFO - Processed department: BANA
2025-05-03 00:02:03,744 - INFO - Progress saved to output/scraping_progress.json
2025-05-03 00:02:03,750 - INFO - Processed department: BATS
2025-05-03 00:02:03,754 - INFO - Progress saved to output/scraping_progress.json
2025-05-03 00:02:03,761 - INFO - Processed department: BIOCHEM
2025-05-03 00:02:03,765 - INFO - Progress saved to output/scraping_progress.json
2025-05-03 00:02:03,772 - INFO - Processed department: BIOSCI
2025-05-03 00:02:03,775 - INFO - Progress saved to output/scraping_progress.json
2025-05-03 00:02:03,783 - INFO - Processed department: BME
2025-05-03 00:02:03,786 - INFO - Progress saved to output/scraping_progress.json
2025-05-03 00:02:03,793 - INFO - Processed department: BSEMD
2025-05-03 00:02:03,797 - INFO - Progress saved to output/scraping_progress.json
2025-05-03 00:02:03,804 - INFO - Processed department: CAMPREC
2025-05-03 00:02:03,807 - INFO - Progress saved to output/scraping_progress.json
2025-05-03 00:02:03,814 - INFO - Processed department: CBE
2025-05-03 00:02:03,818 - INFO - Progress saved to output/scraping_progress.json
2025-05-03 00:02:03,825 - INFO - Processed department: CBEMS
2025-05-03 00:02:03,828 - INFO - Progress saved to output/scraping_progress.json
2025-05-03 00:02:03,835 - INFO - Processed department: CHCLAT
2025-05-03 00:02:03,839 - INFO - Progress saved to output/scraping_progress.json
2025-05-03 00:02:03,846 - INFO - Processed department: CHEM
2025-05-03 00:02:03,849 - INFO - Progress saved to output/scraping_progress.json
2025-05-03 00:02:03,856 - INFO - Processed department: CHINESE
2025-05-03 00:02:03,860 - INFO - Progress saved to output/scraping_progress.json
2025-05-03 00:02:03,867 - INFO - Processed department: CLASSIC
2025-05-03 00:02:03,873 - INFO - Progress saved to output/scraping_progress.json
2025-05-03 00:02:03,881 - INFO - Processed department: CLTTHY
2025-05-03 00:02:03,885 - INFO - Progress saved to output/scraping_progress.json
2025-05-03 00:02:03,892 - INFO - Processed department: COGS
2025-05-03 00:02:03,895 - INFO - Progress saved to output/scraping_progress.json
2025-05-03 00:02:03,902 - INFO - Processed department: COMLIT
2025-05-03 00:02:03,906 - INFO - Progress saved to output/scraping_progress.json
2025-05-03 00:02:03,913 - INFO - Processed department: COMPSCI
2025-05-03 00:02:03,916 - INFO - Progress saved to output/scraping_progress.json
2025-05-03 00:02:03,923 - INFO - Processed department: CRITISM
2025-05-03 00:02:03,937 - INFO - Progress saved to output/scraping_progress.json
2025-05-03 00:02:03,945 - INFO - Processed department: CRMLAW
2025-05-03 00:02:03,948 - INFO - Progress saved to output/scraping_progress.json
2025-05-03 00:02:03,955 - INFO - Processed department: CSE
2025-05-03 00:02:03,959 - INFO - Progress saved to output/scraping_progress.json
2025-05-03 00:02:03,965 - INFO - Processed department: DANCE
2025-05-03 00:02:03,969 - INFO - Progress saved to output/scraping_progress.json
2025-05-03 00:02:03,976 - INFO - Processed department: DATA
2025-05-03 00:02:03,980 - INFO - Progress saved to output/scraping_progress.json
2025-05-03 00:02:03,986 - INFO - Processed department: DERM
2025-05-03 00:02:03,990 - INFO - Progress saved to output/scraping_progress.json
2025-05-03 00:02:03,996 - INFO - Processed department: DEVBIO
2025-05-03 00:02:04,000 - INFO - Progress saved to output/scraping_progress.json
2025-05-03 00:02:04,007 - INFO - Processed department: DRAMA
2025-05-03 00:02:04,011 - INFO - Progress saved to output/scraping_progress.json
2025-05-03 00:02:04,018 - INFO - Processed department: EARTHSS
2025-05-03 00:02:04,021 - INFO - Progress saved to output/scraping_progress.json
2025-05-03 00:02:04,028 - INFO - Processed department: EAS
2025-05-03 00:02:04,032 - INFO - Progress saved to output/scraping_progress.json
2025-05-03 00:02:04,039 - INFO - Processed department: EASIAN
2025-05-03 00:02:04,043 - INFO - Progress saved to output/scraping_progress.json
2025-05-03 00:02:04,050 - INFO - Processed department: ECOEVO
2025-05-03 00:02:04,054 - INFO - Progress saved to output/scraping_progress.json
2025-05-03 00:02:04,061 - INFO - Processed department: ECON
2025-05-03 00:02:04,064 - INFO - Progress saved to output/scraping_progress.json
2025-05-03 00:02:04,071 - INFO - Processed department: ECPS
2025-05-03 00:02:04,076 - INFO - Progress saved to output/scraping_progress.json
2025-05-03 00:02:04,083 - INFO - Processed department: EDAFF
2025-05-03 00:02:04,086 - INFO - Progress saved to output/scraping_progress.json
2025-05-03 00:02:04,093 - INFO - Processed department: EDUC
2025-05-03 00:02:04,096 - INFO - Progress saved to output/scraping_progress.json
2025-05-03 00:02:04,104 - INFO - Processed department: EECS
2025-05-03 00:02:04,108 - INFO - Progress saved to output/scraping_progress.json
2025-05-03 00:02:04,115 - INFO - Processed department: EHS
2025-05-03 00:02:04,118 - INFO - Progress saved to output/scraping_progress.json
2025-05-03 00:02:04,126 - INFO - Processed department: ENGLISH
2025-05-03 00:02:04,129 - INFO - Progress saved to output/scraping_progress.json
2025-05-03 00:02:04,139 - INFO - Processed department: ENGR
2025-05-03 00:02:04,142 - INFO - Progress saved to output/scraping_progress.json
2025-05-03 00:02:04,150 - INFO - Processed department: ENGRCEE
2025-05-03 00:02:04,153 - INFO - Progress saved to output/scraping_progress.json
2025-05-03 00:02:04,160 - INFO - Processed department: ENGRMAE
2025-05-03 00:02:04,164 - INFO - Progress saved to output/scraping_progress.json
2025-05-03 00:02:04,171 - INFO - Processed department: ENGRMSE
2025-05-03 00:02:04,174 - INFO - Progress saved to output/scraping_progress.json
2025-05-03 00:02:04,181 - INFO - Processed department: EPIDEM
2025-05-03 00:02:04,185 - INFO - Progress saved to output/scraping_progress.json
2025-05-03 00:02:04,192 - INFO - Processed department: ERMED
2025-05-03 00:02:04,195 - INFO - Progress saved to output/scraping_progress.json
2025-05-03 00:02:04,202 - INFO - Processed department: EUROST
2025-05-03 00:02:04,206 - INFO - Progress saved to output/scraping_progress.json
2025-05-03 00:02:04,212 - INFO - Processed department: FAMMED
2025-05-03 00:02:04,216 - INFO - Progress saved to output/scraping_progress.json
2025-05-03 00:02:04,222 - INFO - Processed department: FIN
2025-05-03 00:02:04,226 - INFO - Progress saved to output/scraping_progress.json
2025-05-03 00:02:04,232 - INFO - Processed department: FLMMDA
2025-05-03 00:02:04,236 - INFO - Progress saved to output/scraping_progress.json
2025-05-03 00:02:04,242 - INFO - Processed department: FRENCH
2025-05-03 00:02:04,246 - INFO - Progress saved to output/scraping_progress.json
2025-05-03 00:02:04,253 - INFO - Processed department: GDIM
2025-05-03 00:02:04,256 - INFO - Progress saved to output/scraping_progress.json
2025-05-03 00:02:04,264 - INFO - Processed department: GENSEX
2025-05-03 00:02:04,268 - INFO - Progress saved to output/scraping_progress.json
2025-05-03 00:02:04,275 - INFO - Processed department: GERMAN
2025-05-03 00:02:04,278 - INFO - Progress saved to output/scraping_progress.json
2025-05-03 00:02:04,285 - INFO - Processed department: GLBLCLT
2025-05-03 00:02:04,288 - INFO - Progress saved to output/scraping_progress.json
2025-05-03 00:02:04,296 - INFO - Processed department: GLBLME
2025-05-03 00:02:04,299 - INFO - Progress saved to output/scraping_progress.json
2025-05-03 00:02:04,306 - INFO - Processed department: GREEK
2025-05-03 00:02:04,309 - INFO - Progress saved to output/scraping_progress.json
2025-05-03 00:02:04,316 - INFO - Processed department: HEBREW
2025-05-03 00:02:04,319 - INFO - Progress saved to output/scraping_progress.json
2025-05-03 00:02:04,326 - INFO - Processed department: HISTORY
2025-05-03 00:02:04,331 - INFO - Progress saved to output/scraping_progress.json
2025-05-03 00:02:04,338 - INFO - Processed department: HUMAN
2025-05-03 00:02:04,342 - INFO - Progress saved to output/scraping_progress.json
2025-05-03 00:02:04,349 - INFO - Processed department: ICSCI
2025-05-03 00:02:04,352 - INFO - Progress saved to output/scraping_progress.json
2025-05-03 00:02:04,359 - INFO - Processed department: IN4MATX
2025-05-03 00:02:04,362 - INFO - Progress saved to output/scraping_progress.json
2025-05-03 00:02:04,369 - INFO - Processed department: INNO
2025-05-03 00:02:04,374 - INFO - Progress saved to output/scraping_progress.json
2025-05-03 00:02:04,381 - INFO - Processed department: INTLST
2025-05-03 00:02:04,385 - INFO - Progress saved to output/scraping_progress.json
2025-05-03 00:02:04,392 - INFO - Processed department: INTMED
2025-05-03 00:02:04,396 - INFO - Progress saved to output/scraping_progress.json
2025-05-03 00:02:04,403 - INFO - Processed department: IRAN
2025-05-03 00:02:04,406 - INFO - Progress saved to output/scraping_progress.json
2025-05-03 00:02:04,414 - INFO - Processed department: ITALIAN
2025-05-03 00:02:04,418 - INFO - Progress saved to output/scraping_progress.json
2025-05-03 00:02:04,424 - INFO - Processed department: JAPANSE
2025-05-03 00:02:04,427 - INFO - Progress saved to output/scraping_progress.json
2025-05-03 00:02:04,434 - INFO - Processed department: KOREAN
2025-05-03 00:02:04,438 - INFO - Progress saved to output/scraping_progress.json
2025-05-03 00:02:04,444 - INFO - Processed department: LATIN
2025-05-03 00:02:04,448 - INFO - Progress saved to output/scraping_progress.json
2025-05-03 00:02:04,454 - INFO - Processed department: LAW
2025-05-03 00:02:04,458 - INFO - Progress saved to output/scraping_progress.json
2025-05-03 00:02:04,465 - INFO - Processed department: LINGUIS
2025-05-03 00:02:04,469 - INFO - Progress saved to output/scraping_progress.json
2025-05-03 00:02:04,475 - INFO - Processed department: LITJRN
2025-05-03 00:02:04,479 - INFO - Progress saved to output/scraping_progress.json
2025-05-03 00:02:04,486 - INFO - Processed department: LPS
2025-05-03 00:02:04,489 - INFO - Progress saved to output/scraping_progress.json
2025-05-03 00:02:04,496 - INFO - Processed department: LSCI
2025-05-03 00:02:04,501 - INFO - Progress saved to output/scraping_progress.json
2025-05-03 00:02:04,507 - INFO - Processed department: MATH
2025-05-03 00:02:04,511 - INFO - Progress saved to output/scraping_progress.json
2025-05-03 00:02:04,518 - INFO - Processed department: MED
2025-05-03 00:02:04,521 - INFO - Progress saved to output/scraping_progress.json
2025-05-03 00:02:04,529 - INFO - Processed department: MEDED
2025-05-03 00:02:04,532 - INFO - Progress saved to output/scraping_progress.json
2025-05-03 00:02:04,539 - INFO - Processed department: MEDHUM
2025-05-03 00:02:04,542 - INFO - Progress saved to output/scraping_progress.json
2025-05-03 00:02:04,549 - INFO - Processed department: MGMT
2025-05-03 00:02:04,553 - INFO - Progress saved to output/scraping_progress.json
2025-05-03 00:02:04,560 - INFO - Processed department: MGMTEP
2025-05-03 00:02:04,563 - INFO - Progress saved to output/scraping_progress.json
2025-05-03 00:02:04,570 - INFO - Processed department: MGMTFE
2025-05-03 00:02:04,574 - INFO - Progress saved to output/scraping_progress.json
2025-05-03 00:02:04,580 - INFO - Processed department: MGMTHC
2025-05-03 00:02:04,584 - INFO - Progress saved to output/scraping_progress.json
2025-05-03 00:02:04,590 - INFO - Processed department: MGMTMBA
2025-05-03 00:02:04,594 - INFO - Progress saved to output/scraping_progress.json
2025-05-03 00:02:04,601 - INFO - Processed department: MGMTPHD
2025-05-03 00:02:04,604 - INFO - Progress saved to output/scraping_progress.json
2025-05-03 00:02:04,612 - INFO - Processed department: MICBIO
2025-05-03 00:02:04,615 - INFO - Progress saved to output/scraping_progress.json
2025-05-03 00:02:04,622 - INFO - Processed department: MMG
2025-05-03 00:02:04,626 - INFO - Progress saved to output/scraping_progress.json
2025-05-03 00:02:04,633 - INFO - Processed department: MOLBIO
2025-05-03 00:02:04,638 - INFO - Progress saved to output/scraping_progress.json
2025-05-03 00:02:04,645 - INFO - Processed department: MPAC
2025-05-03 00:02:04,648 - INFO - Progress saved to output/scraping_progress.json
2025-05-03 00:02:04,655 - INFO - Processed department: MSE
2025-05-03 00:02:04,659 - INFO - Progress saved to output/scraping_progress.json
2025-05-03 00:02:04,666 - INFO - Processed department: MUSIC
2025-05-03 00:02:04,669 - INFO - Progress saved to output/scraping_progress.json
2025-05-03 00:02:04,676 - INFO - Processed department: NETSYS
2025-05-03 00:02:04,680 - INFO - Progress saved to output/scraping_progress.json
2025-05-03 00:02:04,687 - INFO - Processed department: NEURBIO
2025-05-03 00:02:04,690 - INFO - Progress saved to output/scraping_progress.json
2025-05-03 00:02:04,697 - INFO - Processed department: NEUROL
2025-05-03 00:02:04,700 - INFO - Progress saved to output/scraping_progress.json
2025-05-03 00:02:04,707 - INFO - Processed department: NURSCI
2025-05-03 00:02:04,711 - INFO - Progress saved to output/scraping_progress.json
2025-05-03 00:02:04,718 - INFO - Processed department: OBGYN
2025-05-03 00:02:04,721 - INFO - Progress saved to output/scraping_progress.json
2025-05-03 00:02:04,728 - INFO - Processed department: OPHTHAL
2025-05-03 00:02:04,732 - INFO - Progress saved to output/scraping_progress.json
2025-05-03 00:02:04,739 - INFO - Processed department: PATH
2025-05-03 00:02:04,742 - INFO - Progress saved to output/scraping_progress.json
2025-05-03 00:02:04,750 - INFO - Processed department: PEDGEN
2025-05-03 00:02:04,754 - INFO - Progress saved to output/scraping_progress.json
2025-05-03 00:02:04,763 - INFO - Processed department: PEDS
2025-05-03 00:02:04,767 - INFO - Progress saved to output/scraping_progress.json
2025-05-03 00:02:04,774 - INFO - Processed department: PERSIAN
2025-05-03 00:02:04,778 - INFO - Progress saved to output/scraping_progress.json
2025-05-03 00:02:04,785 - INFO - Processed department: PHARM
2025-05-03 00:02:04,789 - INFO - Progress saved to output/scraping_progress.json
2025-05-03 00:02:04,796 - INFO - Processed department: PHILOS
2025-05-03 00:02:04,799 - INFO - Progress saved to output/scraping_progress.json
2025-05-03 00:02:04,806 - INFO - Processed department: PHMD
2025-05-03 00:02:04,810 - INFO - Progress saved to output/scraping_progress.json
2025-05-03 00:02:04,817 - INFO - Processed department: PHRMSCI
2025-05-03 00:02:04,821 - INFO - Progress saved to output/scraping_progress.json
2025-05-03 00:02:04,829 - INFO - Processed department: PHYSCI
2025-05-03 00:02:04,833 - INFO - Progress saved to output/scraping_progress.json
2025-05-03 00:02:04,839 - INFO - Processed department: PHYSICS
2025-05-03 00:02:04,843 - INFO - Progress saved to output/scraping_progress.json
2025-05-03 00:02:04,854 - INFO - Processed department: PHYSIO
2025-05-03 00:02:04,857 - INFO - Progress saved to output/scraping_progress.json
2025-05-03 00:02:04,865 - INFO - Processed department: PMR
2025-05-03 00:02:04,869 - INFO - Progress saved to output/scraping_progress.json
2025-05-03 00:02:04,876 - INFO - Processed department: POLSCI
2025-05-03 00:02:04,880 - INFO - Progress saved to output/scraping_progress.json
2025-05-03 00:02:04,886 - INFO - Processed department: PSCI
2025-05-03 00:02:04,890 - INFO - Progress saved to output/scraping_progress.json
2025-05-03 00:02:04,896 - INFO - Processed department: PSYBEH
2025-05-03 00:02:04,900 - INFO - Progress saved to output/scraping_progress.json
2025-05-03 00:02:04,907 - INFO - Processed department: PSYCH
2025-05-03 00:02:04,910 - INFO - Progress saved to output/scraping_progress.json
2025-05-03 00:02:04,917 - INFO - Processed department: PUBHLTH
2025-05-03 00:02:04,921 - INFO - Progress saved to output/scraping_progress.json
2025-05-03 00:02:04,927 - INFO - Processed department: PUBPOL
2025-05-03 00:02:04,931 - INFO - Progress saved to output/scraping_progress.json
2025-05-03 00:02:04,938 - INFO - Processed department: RADIO
2025-05-03 00:02:04,941 - INFO - Progress saved to output/scraping_progress.json
2025-05-03 00:02:04,948 - INFO - Processed department: RELSTD
2025-05-03 00:02:04,952 - INFO - Progress saved to output/scraping_progress.json
2025-05-03 00:02:04,960 - INFO - Processed department: ROTC
2025-05-03 00:02:04,964 - INFO - Progress saved to output/scraping_progress.json
2025-05-03 00:02:04,971 - INFO - Processed department: RUSSIAN
2025-05-03 00:02:04,975 - INFO - Progress saved to output/scraping_progress.json
2025-05-03 00:02:04,982 - INFO - Processed department: SOCECOL
2025-05-03 00:02:04,986 - INFO - Progress saved to output/scraping_progress.json
2025-05-03 00:02:04,993 - INFO - Processed department: SOCIOL
2025-05-03 00:02:04,996 - INFO - Progress saved to output/scraping_progress.json
2025-05-03 00:02:05,004 - INFO - Processed department: SOCSCI
2025-05-03 00:02:05,008 - INFO - Progress saved to output/scraping_progress.json
2025-05-03 00:02:05,015 - INFO - Processed department: SPANISH
2025-05-03 00:02:05,019 - INFO - Progress saved to output/scraping_progress.json
2025-05-03 00:02:05,026 - INFO - Processed department: SPPS
2025-05-03 00:02:05,029 - INFO - Progress saved to output/scraping_progress.json
2025-05-03 00:02:05,037 - INFO - Processed department: STATS
2025-05-03 00:02:05,040 - INFO - Progress saved to output/scraping_progress.json
2025-05-03 00:02:05,048 - INFO - Processed department: SURGERY
2025-05-03 00:02:05,052 - INFO - Progress saved to output/scraping_progress.json
2025-05-03 00:02:05,059 - INFO - Processed department: SWE
2025-05-03 00:02:05,063 - INFO - Progress saved to output/scraping_progress.json
2025-05-03 00:02:05,070 - INFO - Processed department: UCDC
2025-05-03 00:02:05,074 - INFO - Progress saved to output/scraping_progress.json
2025-05-03 00:02:05,081 - INFO - Processed department: UNIAFF
2025-05-03 00:02:05,086 - INFO - Progress saved to output/scraping_progress.json
2025-05-03 00:02:05,093 - INFO - Processed department: UNISTU
2025-05-03 00:02:05,097 - INFO - Progress saved to output/scraping_progress.json
2025-05-03 00:02:05,104 - INFO - Processed department: UPPP
2025-05-03 00:02:05,108 - INFO - Progress saved to output/scraping_progress.json
2025-05-03 00:02:05,115 - INFO - Processed department: VIETMSE
2025-05-03 00:02:05,118 - INFO - Progress saved to output/scraping_progress.json
2025-05-03 00:02:05,125 - INFO - Processed department: VISSTD
2025-05-03 00:02:05,129 - INFO - Progress saved to output/scraping_progress.json
2025-05-03 00:02:05,136 - INFO - Processed department: WRITING
2025-05-03 00:02:05,140 - INFO - Progress saved to output/scraping_progress.json
2025-05-03 00:02:05,140 - INFO - Successfully extracted data for 141 departments
2025-05-03 00:02:05,141 - INFO - Saved department data to output/departments/uci_departments.csv
2025-05-03 00:02:05,145 - INFO - Progress saved to output/scraping_progress.json
2025-05-03 00:02:05,269 - INFO - Browser closed
2025-05-03 00:02:05,269 - INFO - Successfully scraped 141 departments for uci
2025-05-03 00:02:05,270 - INFO - Waiting 6.20 seconds before next university
2025-05-03 00:02:11,476 - INFO - Processing university 64/144: sc
2025-05-03 00:02:11,489 - INFO - Progress saved to output/scraping_progress.json
2025-05-03 00:02:11,489 - INFO - Starting department scraper for URL: https://www.coursicle.com/sc/courses/
2025-05-03 00:02:12,408 - INFO - WebDriver set up successfully
2025-05-03 00:02:14,019 - INFO - Visited homepage first: https://www.coursicle.com/sc/
2025-05-03 00:02:22,319 - INFO - Navigated to https://www.coursicle.com/sc/courses/
2025-05-03 00:02:28,660 - INFO - Tile container loaded
2025-05-03 00:02:28,670 - INFO - Found 'More' button, will click to show all departments
2025-05-03 00:02:30,303 - INFO - Clicked 'More' button
2025-05-03 00:02:35,262 - INFO - Clicked 'More' button
2025-05-03 00:02:39,424 - INFO - Clicked 'More' button
2025-05-03 00:02:44,411 - INFO - Clicked 'More' button
2025-05-03 00:02:47,479 - INFO - Clicked 'More' button
2025-05-03 00:02:50,692 - INFO - Clicked 'More' button
2025-05-03 00:02:53,888 - INFO - Clicked 'More' button
2025-05-03 00:02:57,148 - INFO - Clicked 'More' button
2025-05-03 00:03:01,795 - INFO - Clicked 'More' button
2025-05-03 00:03:06,389 - INFO - Clicked 'More' button
2025-05-03 00:03:08,950 - INFO - Found 210 department tiles
2025-05-03 00:03:17,347 - INFO - Processed department: ACCT
2025-05-03 00:03:17,360 - INFO - Progress saved to output/scraping_progress.json
2025-05-03 00:03:17,369 - INFO - Processed department: AERO
2025-05-03 00:03:17,374 - INFO - Progress saved to output/scraping_progress.json
2025-05-03 00:03:17,382 - INFO - Processed department: AESP
2025-05-03 00:03:17,386 - INFO - Progress saved to output/scraping_progress.json
2025-05-03 00:03:17,393 - INFO - Processed department: AFAM
2025-05-03 00:03:17,397 - INFO - Progress saved to output/scraping_progress.json
2025-05-03 00:03:17,404 - INFO - Processed department: AFCI
2025-05-03 00:03:17,408 - INFO - Progress saved to output/scraping_progress.json
2025-05-03 00:03:17,416 - INFO - Processed department: AFYS
2025-05-03 00:03:17,419 - INFO - Progress saved to output/scraping_progress.json
2025-05-03 00:03:17,427 - INFO - Processed department: AMMG
2025-05-03 00:03:17,431 - INFO - Progress saved to output/scraping_progress.json
2025-05-03 00:03:17,438 - INFO - Processed department: AMST
2025-05-03 00:03:17,442 - INFO - Progress saved to output/scraping_progress.json
2025-05-03 00:03:17,449 - INFO - Processed department: ANES
2025-05-03 00:03:17,453 - INFO - Progress saved to output/scraping_progress.json
2025-05-03 00:03:17,461 - INFO - Processed department: ANTH
2025-05-03 00:03:17,466 - INFO - Progress saved to output/scraping_progress.json
2025-05-03 00:03:17,473 - INFO - Processed department: ARAB
2025-05-03 00:03:17,477 - INFO - Progress saved to output/scraping_progress.json
2025-05-03 00:03:17,484 - INFO - Processed department: ARMY
2025-05-03 00:03:17,488 - INFO - Progress saved to output/scraping_progress.json
2025-05-03 00:03:17,495 - INFO - Processed department: ARTE
2025-05-03 00:03:17,499 - INFO - Progress saved to output/scraping_progress.json
2025-05-03 00:03:17,506 - INFO - Processed department: ARTH
2025-05-03 00:03:17,510 - INFO - Progress saved to output/scraping_progress.json
2025-05-03 00:03:17,517 - INFO - Processed department: ARTS
2025-05-03 00:03:17,521 - INFO - Progress saved to output/scraping_progress.json
2025-05-03 00:03:17,529 - INFO - Processed department: ASLG
2025-05-03 00:03:17,533 - INFO - Progress saved to output/scraping_progress.json
2025-05-03 00:03:17,540 - INFO - Processed department: ASNR
2025-05-03 00:03:17,544 - INFO - Progress saved to output/scraping_progress.json
2025-05-03 00:03:17,552 - INFO - Processed department: ASTR
2025-05-03 00:03:17,555 - INFO - Progress saved to output/scraping_progress.json
2025-05-03 00:03:17,563 - INFO - Processed department: ASUP
2025-05-03 00:03:17,568 - INFO - Progress saved to output/scraping_progress.json
2025-05-03 00:03:17,574 - INFO - Processed department: ATEP
2025-05-03 00:03:17,578 - INFO - Progress saved to output/scraping_progress.json
2025-05-03 00:03:17,585 - INFO - Processed department: BADM
2025-05-03 00:03:17,589 - INFO - Progress saved to output/scraping_progress.json
2025-05-03 00:03:17,596 - INFO - Processed department: BIOL
2025-05-03 00:03:17,602 - INFO - Progress saved to output/scraping_progress.json
2025-05-03 00:03:17,610 - INFO - Processed department: BIOS
2025-05-03 00:03:17,614 - INFO - Progress saved to output/scraping_progress.json
2025-05-03 00:03:17,621 - INFO - Processed department: BMEN
2025-05-03 00:03:17,625 - INFO - Progress saved to output/scraping_progress.json
2025-05-03 00:03:17,632 - INFO - Processed department: BMSC
2025-05-03 00:03:17,635 - INFO - Progress saved to output/scraping_progress.json
2025-05-03 00:03:17,642 - INFO - Processed department: CAST
2025-05-03 00:03:17,646 - INFO - Progress saved to output/scraping_progress.json
2025-05-03 00:03:17,653 - INFO - Processed department: CHEM
2025-05-03 00:03:17,657 - INFO - Progress saved to output/scraping_progress.json
2025-05-03 00:03:17,664 - INFO - Processed department: CHIN
2025-05-03 00:03:17,671 - INFO - Progress saved to output/scraping_progress.json
2025-05-03 00:03:17,678 - INFO - Processed department: CHME
2025-05-03 00:03:17,685 - INFO - Progress saved to output/scraping_progress.json
2025-05-03 00:03:17,692 - INFO - Processed department: CLAS
2025-05-03 00:03:17,696 - INFO - Progress saved to output/scraping_progress.json
2025-05-03 00:03:17,703 - INFO - Processed department: COLA
2025-05-03 00:03:17,706 - INFO - Progress saved to output/scraping_progress.json
2025-05-03 00:03:17,714 - INFO - Processed department: COMD
2025-05-03 00:03:17,717 - INFO - Progress saved to output/scraping_progress.json
2025-05-03 00:03:17,725 - INFO - Processed department: COMM
2025-05-03 00:03:17,728 - INFO - Progress saved to output/scraping_progress.json
2025-05-03 00:03:17,735 - INFO - Processed department: COSM
2025-05-03 00:03:17,739 - INFO - Progress saved to output/scraping_progress.json
2025-05-03 00:03:17,746 - INFO - Processed department: CPLT
2025-05-03 00:03:17,750 - INFO - Progress saved to output/scraping_progress.json
2025-05-03 00:03:17,758 - INFO - Processed department: CRJU
2025-05-03 00:03:17,761 - INFO - Progress saved to output/scraping_progress.json
2025-05-03 00:03:17,769 - INFO - Processed department: CSCE
2025-05-03 00:03:17,773 - INFO - Progress saved to output/scraping_progress.json
2025-05-03 00:03:17,780 - INFO - Processed department: CSCI
2025-05-03 00:03:17,784 - INFO - Progress saved to output/scraping_progress.json
2025-05-03 00:03:17,791 - INFO - Processed department: CSXE
2025-05-03 00:03:17,796 - INFO - Progress saved to output/scraping_progress.json
2025-05-03 00:03:17,803 - INFO - Processed department: CYBR
2025-05-03 00:03:17,807 - INFO - Progress saved to output/scraping_progress.json
2025-05-03 00:03:17,816 - INFO - Processed department: DANC
2025-05-03 00:03:17,820 - INFO - Progress saved to output/scraping_progress.json
2025-05-03 00:03:17,827 - INFO - Processed department: DGST
2025-05-03 00:03:17,831 - INFO - Progress saved to output/scraping_progress.json
2025-05-03 00:03:17,838 - INFO - Processed department: DMED
2025-05-03 00:03:17,842 - INFO - Progress saved to output/scraping_progress.json
2025-05-03 00:03:17,849 - INFO - Processed department: DMSB
2025-05-03 00:03:17,853 - INFO - Progress saved to output/scraping_progress.json
2025-05-03 00:03:17,860 - INFO - Processed department: ECHE
2025-05-03 00:03:17,864 - INFO - Progress saved to output/scraping_progress.json
2025-05-03 00:03:17,871 - INFO - Processed department: ECIV
2025-05-03 00:03:17,875 - INFO - Progress saved to output/scraping_progress.json
2025-05-03 00:03:17,882 - INFO - Processed department: ECON
2025-05-03 00:03:17,886 - INFO - Progress saved to output/scraping_progress.json
2025-05-03 00:03:17,893 - INFO - Processed department: EDAD
2025-05-03 00:03:17,897 - INFO - Progress saved to output/scraping_progress.json
2025-05-03 00:03:17,904 - INFO - Processed department: EDCE
2025-05-03 00:03:17,907 - INFO - Progress saved to output/scraping_progress.json
2025-05-03 00:03:17,914 - INFO - Processed department: EDCF
2025-05-03 00:03:17,919 - INFO - Progress saved to output/scraping_progress.json
2025-05-03 00:03:17,926 - INFO - Processed department: EDCI
2025-05-03 00:03:17,929 - INFO - Progress saved to output/scraping_progress.json
2025-05-03 00:03:17,936 - INFO - Processed department: EDCS
2025-05-03 00:03:17,939 - INFO - Progress saved to output/scraping_progress.json
2025-05-03 00:03:17,946 - INFO - Processed department: EDEC
2025-05-03 00:03:17,950 - INFO - Progress saved to output/scraping_progress.json
2025-05-03 00:03:17,957 - INFO - Processed department: EDEL
2025-05-03 00:03:17,961 - INFO - Progress saved to output/scraping_progress.json
2025-05-03 00:03:17,967 - INFO - Processed department: EDET
2025-05-03 00:03:17,971 - INFO - Progress saved to output/scraping_progress.json
2025-05-03 00:03:17,979 - INFO - Processed department: EDEX
2025-05-03 00:03:17,983 - INFO - Progress saved to output/scraping_progress.json
2025-05-03 00:03:17,989 - INFO - Processed department: EDFI
2025-05-03 00:03:17,993 - INFO - Progress saved to output/scraping_progress.json
2025-05-03 00:03:18,000 - INFO - Processed department: EDFN
2025-05-03 00:03:18,004 - INFO - Progress saved to output/scraping_progress.json
2025-05-03 00:03:18,011 - INFO - Processed department: EDFO
2025-05-03 00:03:18,016 - INFO - Progress saved to output/scraping_progress.json
2025-05-03 00:03:18,023 - INFO - Processed department: EDHE
2025-05-03 00:03:18,027 - INFO - Progress saved to output/scraping_progress.json
2025-05-03 00:03:18,033 - INFO - Processed department: EDHL
2025-05-03 00:03:18,037 - INFO - Progress saved to output/scraping_progress.json
2025-05-03 00:03:18,044 - INFO - Processed department: EDIT
2025-05-03 00:03:18,048 - INFO - Progress saved to output/scraping_progress.json
2025-05-03 00:03:18,055 - INFO - Processed department: EDLC
2025-05-03 00:03:18,058 - INFO - Progress saved to output/scraping_progress.json
2025-05-03 00:03:18,065 - INFO - Processed department: EDLD
2025-05-03 00:03:18,069 - INFO - Progress saved to output/scraping_progress.json
2025-05-03 00:03:18,076 - INFO - Processed department: EDLP
2025-05-03 00:03:18,080 - INFO - Progress saved to output/scraping_progress.json
2025-05-03 00:03:18,087 - INFO - Processed department: EDME
2025-05-03 00:03:18,091 - INFO - Progress saved to output/scraping_progress.json
2025-05-03 00:03:18,097 - INFO - Processed department: EDML
2025-05-03 00:03:18,101 - INFO - Progress saved to output/scraping_progress.json
2025-05-03 00:03:18,108 - INFO - Processed department: EDPH
2025-05-03 00:03:18,112 - INFO - Progress saved to output/scraping_progress.json
2025-05-03 00:03:18,119 - INFO - Processed department: EDPS
2025-05-03 00:03:18,123 - INFO - Progress saved to output/scraping_progress.json
2025-05-03 00:03:18,129 - INFO - Processed department: EDPY
2025-05-03 00:03:18,133 - INFO - Progress saved to output/scraping_progress.json
2025-05-03 00:03:18,140 - INFO - Processed department: EDRD
2025-05-03 00:03:18,144 - INFO - Progress saved to output/scraping_progress.json
2025-05-03 00:03:18,151 - INFO - Processed department: EDRE
2025-05-03 00:03:18,155 - INFO - Progress saved to output/scraping_progress.json
2025-05-03 00:03:18,162 - INFO - Processed department: EDRM
2025-05-03 00:03:18,166 - INFO - Progress saved to output/scraping_progress.json
2025-05-03 00:03:18,173 - INFO - Processed department: EDSC
2025-05-03 00:03:18,177 - INFO - Progress saved to output/scraping_progress.json
2025-05-03 00:03:18,184 - INFO - Processed department: EDSE
2025-05-03 00:03:18,188 - INFO - Progress saved to output/scraping_progress.json
2025-05-03 00:03:18,195 - INFO - Processed department: EDTE
2025-05-03 00:03:18,198 - INFO - Progress saved to output/scraping_progress.json
2025-05-03 00:03:18,205 - INFO - Processed department: EDUC
2025-05-03 00:03:18,209 - INFO - Progress saved to output/scraping_progress.json
2025-05-03 00:03:18,216 - INFO - Processed department: EDVI
2025-05-03 00:03:18,220 - INFO - Progress saved to output/scraping_progress.json
2025-05-03 00:03:18,227 - INFO - Processed department: ELCT
2025-05-03 00:03:18,231 - INFO - Progress saved to output/scraping_progress.json
2025-05-03 00:03:18,238 - INFO - Processed department: EMCH
2025-05-03 00:03:18,243 - INFO - Progress saved to output/scraping_progress.json
2025-05-03 00:03:18,249 - INFO - Processed department: EMED
2025-05-03 00:03:18,253 - INFO - Progress saved to output/scraping_progress.json
2025-05-03 00:03:18,260 - INFO - Processed department: ENCP
2025-05-03 00:03:18,264 - INFO - Progress saved to output/scraping_progress.json
2025-05-03 00:03:18,270 - INFO - Processed department: ENFS
2025-05-03 00:03:18,274 - INFO - Progress saved to output/scraping_progress.json
2025-05-03 00:03:18,281 - INFO - Processed department: ENGL
2025-05-03 00:03:18,285 - INFO - Progress saved to output/scraping_progress.json
2025-05-03 00:03:18,291 - INFO - Processed department: ENHS
2025-05-03 00:03:18,295 - INFO - Progress saved to output/scraping_progress.json
2025-05-03 00:03:18,302 - INFO - Processed department: ENSL
2025-05-03 00:03:18,306 - INFO - Progress saved to output/scraping_progress.json
2025-05-03 00:03:18,313 - INFO - Processed department: ENTR
2025-05-03 00:03:18,317 - INFO - Progress saved to output/scraping_progress.json
2025-05-03 00:03:18,323 - INFO - Processed department: ENVR
2025-05-03 00:03:18,327 - INFO - Progress saved to output/scraping_progress.json
2025-05-03 00:03:18,333 - INFO - Processed department: EPID
2025-05-03 00:03:18,337 - INFO - Progress saved to output/scraping_progress.json
2025-05-03 00:03:18,344 - INFO - Processed department: ETMG
2025-05-03 00:03:18,348 - INFO - Progress saved to output/scraping_progress.json
2025-05-03 00:03:18,354 - INFO - Processed department: EURO
2025-05-03 00:03:18,358 - INFO - Progress saved to output/scraping_progress.json
2025-05-03 00:03:18,364 - INFO - Processed department: EXSC
2025-05-03 00:03:18,368 - INFO - Progress saved to output/scraping_progress.json
2025-05-03 00:03:18,377 - INFO - Processed department: FAMS
2025-05-03 00:03:18,381 - INFO - Progress saved to output/scraping_progress.json
2025-05-03 00:03:18,388 - INFO - Processed department: FILM
2025-05-03 00:03:18,392 - INFO - Progress saved to output/scraping_progress.json
2025-05-03 00:03:18,398 - INFO - Processed department: FINA
2025-05-03 00:03:18,404 - INFO - Progress saved to output/scraping_progress.json
2025-05-03 00:03:18,411 - INFO - Processed department: FORL
2025-05-03 00:03:18,415 - INFO - Progress saved to output/scraping_progress.json
2025-05-03 00:03:18,421 - INFO - Processed department: FPMD
2025-05-03 00:03:18,425 - INFO - Progress saved to output/scraping_progress.json
2025-05-03 00:03:18,432 - INFO - Processed department: FREN
2025-05-03 00:03:18,438 - INFO - Progress saved to output/scraping_progress.json
2025-05-03 00:03:18,445 - INFO - Processed department: GENE
2025-05-03 00:03:18,449 - INFO - Progress saved to output/scraping_progress.json
2025-05-03 00:03:18,456 - INFO - Processed department: GEOG
2025-05-03 00:03:18,460 - INFO - Progress saved to output/scraping_progress.json
2025-05-03 00:03:18,467 - INFO - Processed department: GEOL
2025-05-03 00:03:18,471 - INFO - Progress saved to output/scraping_progress.json
2025-05-03 00:03:18,478 - INFO - Processed department: GERM
2025-05-03 00:03:18,482 - INFO - Progress saved to output/scraping_progress.json
2025-05-03 00:03:18,490 - INFO - Processed department: GLST
2025-05-03 00:03:18,494 - INFO - Progress saved to output/scraping_progress.json
2025-05-03 00:03:18,500 - INFO - Processed department: GMED
2025-05-03 00:03:18,505 - INFO - Progress saved to output/scraping_progress.json
2025-05-03 00:03:18,513 - INFO - Processed department: GRAD
2025-05-03 00:03:18,517 - INFO - Progress saved to output/scraping_progress.json
2025-05-03 00:03:18,524 - INFO - Processed department: GREK
2025-05-03 00:03:18,528 - INFO - Progress saved to output/scraping_progress.json
2025-05-03 00:03:18,535 - INFO - Processed department: HEBR
2025-05-03 00:03:18,540 - INFO - Progress saved to output/scraping_progress.json
2025-05-03 00:03:18,550 - INFO - Processed department: HGEN
2025-05-03 00:03:18,554 - INFO - Progress saved to output/scraping_progress.json
2025-05-03 00:03:18,561 - INFO - Processed department: HIMS
2025-05-03 00:03:18,565 - INFO - Progress saved to output/scraping_progress.json
2025-05-03 00:03:18,573 - INFO - Processed department: HIST
2025-05-03 00:03:18,578 - INFO - Progress saved to output/scraping_progress.json
2025-05-03 00:03:18,585 - INFO - Processed department: HMSV
2025-05-03 00:03:18,590 - INFO - Progress saved to output/scraping_progress.json
2025-05-03 00:03:18,598 - INFO - Processed department: HONS
2025-05-03 00:03:18,602 - INFO - Progress saved to output/scraping_progress.json
2025-05-03 00:03:18,609 - INFO - Processed department: HPEB
2025-05-03 00:03:18,614 - INFO - Progress saved to output/scraping_progress.json
2025-05-03 00:03:18,621 - INFO - Processed department: HPRO
2025-05-03 00:03:18,625 - INFO - Progress saved to output/scraping_progress.json
2025-05-03 00:03:18,633 - INFO - Processed department: HRSM
2025-05-03 00:03:18,637 - INFO - Progress saved to output/scraping_progress.json
2025-05-03 00:03:18,644 - INFO - Processed department: HRTM
2025-05-03 00:03:18,648 - INFO - Progress saved to output/scraping_progress.json
2025-05-03 00:03:18,655 - INFO - Processed department: HSPM
2025-05-03 00:03:18,659 - INFO - Progress saved to output/scraping_progress.json
2025-05-03 00:03:18,666 - INFO - Processed department: HSSI
2025-05-03 00:03:18,670 - INFO - Progress saved to output/scraping_progress.json
2025-05-03 00:03:18,677 - INFO - Processed department: HTMT
2025-05-03 00:03:18,681 - INFO - Progress saved to output/scraping_progress.json
2025-05-03 00:03:18,688 - INFO - Processed department: IBUS
2025-05-03 00:03:18,692 - INFO - Progress saved to output/scraping_progress.json
2025-05-03 00:03:18,699 - INFO - Processed department: IDST
2025-05-03 00:03:18,703 - INFO - Progress saved to output/scraping_progress.json
2025-05-03 00:03:18,710 - INFO - Processed department: INDE
2025-05-03 00:03:18,714 - INFO - Progress saved to output/scraping_progress.json
2025-05-03 00:03:18,721 - INFO - Processed department: INFO
2025-05-03 00:03:18,725 - INFO - Progress saved to output/scraping_progress.json
2025-05-03 00:03:18,732 - INFO - Processed department: INTL
2025-05-03 00:03:18,736 - INFO - Progress saved to output/scraping_progress.json
2025-05-03 00:03:18,743 - INFO - Processed department: ISAT
2025-05-03 00:03:18,748 - INFO - Progress saved to output/scraping_progress.json
2025-05-03 00:03:18,755 - INFO - Processed department: ISCI
2025-05-03 00:03:18,759 - INFO - Progress saved to output/scraping_progress.json
2025-05-03 00:03:18,766 - INFO - Processed department: ITAL
2025-05-03 00:03:18,770 - INFO - Progress saved to output/scraping_progress.json
2025-05-03 00:03:18,776 - INFO - Processed department: ITEC
2025-05-03 00:03:18,783 - INFO - Progress saved to output/scraping_progress.json
2025-05-03 00:03:18,790 - INFO - Processed department: JAPA
2025-05-03 00:03:18,794 - INFO - Progress saved to output/scraping_progress.json
2025-05-03 00:03:18,801 - INFO - Processed department: JOUR
2025-05-03 00:03:18,805 - INFO - Progress saved to output/scraping_progress.json
2025-05-03 00:03:18,812 - INFO - Processed department: JSTU
2025-05-03 00:03:18,817 - INFO - Progress saved to output/scraping_progress.json
2025-05-03 00:03:18,823 - INFO - Processed department: KORE
2025-05-03 00:03:18,827 - INFO - Progress saved to output/scraping_progress.json
2025-05-03 00:03:18,834 - INFO - Processed department: LANU
2025-05-03 00:03:18,838 - INFO - Progress saved to output/scraping_progress.json
2025-05-03 00:03:18,845 - INFO - Processed department: LASP
2025-05-03 00:03:18,851 - INFO - Progress saved to output/scraping_progress.json
2025-05-03 00:03:18,859 - INFO - Processed department: LATN
2025-05-03 00:03:18,863 - INFO - Progress saved to output/scraping_progress.json
2025-05-03 00:03:18,870 - INFO - Processed department: LAWG
2025-05-03 00:03:18,874 - INFO - Progress saved to output/scraping_progress.json
2025-05-03 00:03:18,881 - INFO - Processed department: LAWH
2025-05-03 00:03:18,885 - INFO - Progress saved to output/scraping_progress.json
2025-05-03 00:03:18,892 - INFO - Processed department: LAWS
2025-05-03 00:03:18,896 - INFO - Progress saved to output/scraping_progress.json
2025-05-03 00:03:18,903 - INFO - Processed department: LBST
2025-05-03 00:03:18,907 - INFO - Progress saved to output/scraping_progress.json
2025-05-03 00:03:18,914 - INFO - Processed department: LIBR
2025-05-03 00:03:18,919 - INFO - Progress saved to output/scraping_progress.json
2025-05-03 00:03:18,926 - INFO - Processed department: LING
2025-05-03 00:03:18,930 - INFO - Progress saved to output/scraping_progress.json
2025-05-03 00:03:18,937 - INFO - Processed department: LOGC
2025-05-03 00:03:18,941 - INFO - Progress saved to output/scraping_progress.json
2025-05-03 00:03:18,948 - INFO - Processed department: LSCM
2025-05-03 00:03:18,952 - INFO - Progress saved to output/scraping_progress.json
2025-05-03 00:03:18,959 - INFO - Processed department: MART
2025-05-03 00:03:18,963 - INFO - Progress saved to output/scraping_progress.json
2025-05-03 00:03:18,970 - INFO - Processed department: MATH
2025-05-03 00:03:18,974 - INFO - Progress saved to output/scraping_progress.json
2025-05-03 00:03:18,980 - INFO - Processed department: MBAD
2025-05-03 00:03:18,985 - INFO - Progress saved to output/scraping_progress.json
2025-05-03 00:03:18,992 - INFO - Processed department: MBIM
2025-05-03 00:03:18,996 - INFO - Progress saved to output/scraping_progress.json
2025-05-03 00:03:19,003 - INFO - Processed department: MCBA
2025-05-03 00:03:19,007 - INFO - Progress saved to output/scraping_progress.json
2025-05-03 00:03:19,014 - INFO - Processed department: MEDI
2025-05-03 00:03:19,018 - INFO - Progress saved to output/scraping_progress.json
2025-05-03 00:03:19,025 - INFO - Processed department: MGMT
2025-05-03 00:03:19,029 - INFO - Progress saved to output/scraping_progress.json
2025-05-03 00:03:19,035 - INFO - Processed department: MGSC
2025-05-03 00:03:19,039 - INFO - Progress saved to output/scraping_progress.json
2025-05-03 00:03:19,046 - INFO - Processed department: MILS
2025-05-03 00:03:19,051 - INFO - Progress saved to output/scraping_progress.json
2025-05-03 00:03:19,058 - INFO - Processed department: MKTG
2025-05-03 00:03:19,062 - INFO - Progress saved to output/scraping_progress.json
2025-05-03 00:03:19,069 - INFO - Processed department: MSBA
2025-05-03 00:03:19,073 - INFO - Progress saved to output/scraping_progress.json
2025-05-03 00:03:19,080 - INFO - Processed department: MSCI
2025-05-03 00:03:19,084 - INFO - Progress saved to output/scraping_progress.json
2025-05-03 00:03:19,091 - INFO - Processed department: MUED
2025-05-03 00:03:19,094 - INFO - Progress saved to output/scraping_progress.json
2025-05-03 00:03:19,101 - INFO - Processed department: MUSC
2025-05-03 00:03:19,105 - INFO - Progress saved to output/scraping_progress.json
2025-05-03 00:03:19,112 - INFO - Processed department: MUSM
2025-05-03 00:03:19,117 - INFO - Progress saved to output/scraping_progress.json
2025-05-03 00:03:19,124 - INFO - Processed department: NAVY
2025-05-03 00:03:19,128 - INFO - Progress saved to output/scraping_progress.json
2025-05-03 00:03:19,135 - INFO - Processed department: NEUR
2025-05-03 00:03:19,139 - INFO - Progress saved to output/scraping_progress.json
2025-05-03 00:03:19,145 - INFO - Processed department: NPAD
2025-05-03 00:03:19,150 - INFO - Progress saved to output/scraping_progress.json
2025-05-03 00:03:19,158 - INFO - Processed department: NPSY
2025-05-03 00:03:19,162 - INFO - Progress saved to output/scraping_progress.json
2025-05-03 00:03:19,168 - INFO - Processed department: NSCI
2025-05-03 00:03:19,172 - INFO - Progress saved to output/scraping_progress.json
2025-05-03 00:03:19,180 - INFO - Processed department: NURS
2025-05-03 00:03:19,184 - INFO - Progress saved to output/scraping_progress.json
2025-05-03 00:03:19,191 - INFO - Processed department: OBGY
2025-05-03 00:03:19,195 - INFO - Progress saved to output/scraping_progress.json
2025-05-03 00:03:19,202 - INFO - Processed department: OPTH
2025-05-03 00:03:19,206 - INFO - Progress saved to output/scraping_progress.json
2025-05-03 00:03:19,213 - INFO - Processed department: ORSU
2025-05-03 00:03:19,217 - INFO - Progress saved to output/scraping_progress.json
2025-05-03 00:03:19,224 - INFO - Processed department: PALM
2025-05-03 00:03:19,228 - INFO - Progress saved to output/scraping_progress.json
2025-05-03 00:03:19,235 - INFO - Processed department: PAMB
2025-05-03 00:03:19,239 - INFO - Progress saved to output/scraping_progress.json
2025-05-03 00:03:19,246 - INFO - Processed department: PATH
2025-05-03 00:03:19,251 - INFO - Progress saved to output/scraping_progress.json
2025-05-03 00:03:19,257 - INFO - Processed department: PCAM
2025-05-03 00:03:19,261 - INFO - Progress saved to output/scraping_progress.json
2025-05-03 00:03:19,268 - INFO - Processed department: PEDI
2025-05-03 00:03:19,272 - INFO - Progress saved to output/scraping_progress.json
2025-05-03 00:03:19,279 - INFO - Processed department: PEDU
2025-05-03 00:03:19,283 - INFO - Progress saved to output/scraping_progress.json
2025-05-03 00:03:19,290 - INFO - Processed department: PHAR
2025-05-03 00:03:19,294 - INFO - Progress saved to output/scraping_progress.json
2025-05-03 00:03:19,301 - INFO - Processed department: PHIL
2025-05-03 00:03:19,305 - INFO - Progress saved to output/scraping_progress.json
2025-05-03 00:03:19,311 - INFO - Processed department: PHMY
2025-05-03 00:03:19,315 - INFO - Progress saved to output/scraping_progress.json
2025-05-03 00:03:19,322 - INFO - Processed department: PHPH
2025-05-03 00:03:19,326 - INFO - Progress saved to output/scraping_progress.json
2025-05-03 00:03:19,333 - INFO - Processed department: PHYS
2025-05-03 00:03:19,337 - INFO - Progress saved to output/scraping_progress.json
2025-05-03 00:03:19,343 - INFO - Processed department: PHYT
2025-05-03 00:03:19,348 - INFO - Progress saved to output/scraping_progress.json
2025-05-03 00:03:19,354 - INFO - Processed department: PLAW
2025-05-03 00:03:19,358 - INFO - Progress saved to output/scraping_progress.json
2025-05-03 00:03:19,365 - INFO - Processed department: PMDR
2025-05-03 00:03:19,369 - INFO - Progress saved to output/scraping_progress.json
2025-05-03 00:03:19,376 - INFO - Processed department: PNDI
2025-05-03 00:03:19,381 - INFO - Progress saved to output/scraping_progress.json
2025-05-03 00:03:19,387 - INFO - Processed department: POLI
2025-05-03 00:03:19,391 - INFO - Progress saved to output/scraping_progress.json
2025-05-03 00:03:19,398 - INFO - Processed department: PORT
2025-05-03 00:03:19,402 - INFO - Progress saved to output/scraping_progress.json
2025-05-03 00:03:19,409 - INFO - Processed department: PSYC
2025-05-03 00:03:19,413 - INFO - Progress saved to output/scraping_progress.json
2025-05-03 00:03:19,420 - INFO - Processed department: PUBH
2025-05-03 00:03:19,424 - INFO - Progress saved to output/scraping_progress.json
2025-05-03 00:03:19,430 - INFO - Processed department: RADI
2025-05-03 00:03:19,435 - INFO - Progress saved to output/scraping_progress.json
2025-05-03 00:03:19,441 - INFO - Processed department: RCAM
2025-05-03 00:03:19,446 - INFO - Progress saved to output/scraping_progress.json
2025-05-03 00:03:19,453 - INFO - Processed department: RCON
2025-05-03 00:03:19,457 - INFO - Progress saved to output/scraping_progress.json
2025-05-03 00:03:19,464 - INFO - Processed department: RELG
2025-05-03 00:03:19,468 - INFO - Progress saved to output/scraping_progress.json
2025-05-03 00:03:19,475 - INFO - Processed department: RETL
2025-05-03 00:03:19,479 - INFO - Progress saved to output/scraping_progress.json
2025-05-03 00:03:19,486 - INFO - Processed department: RHAB
2025-05-03 00:03:19,491 - INFO - Progress saved to output/scraping_progress.json
2025-05-03 00:03:19,497 - INFO - Processed department: RUSS
2025-05-03 00:03:19,504 - INFO - Progress saved to output/scraping_progress.json
2025-05-03 00:03:19,511 - INFO - Processed department: SAEL
2025-05-03 00:03:19,515 - INFO - Progress saved to output/scraping_progress.json
2025-05-03 00:03:19,522 - INFO - Processed department: SCCP
2025-05-03 00:03:19,526 - INFO - Progress saved to output/scraping_progress.json
2025-05-03 00:03:19,533 - INFO - Processed department: SCHC
2025-05-03 00:03:19,537 - INFO - Progress saved to output/scraping_progress.json
2025-05-03 00:03:19,544 - INFO - Processed department: SLIS
2025-05-03 00:03:19,550 - INFO - Progress saved to output/scraping_progress.json
2025-05-03 00:03:19,558 - INFO - Processed department: SMED
2025-05-03 00:03:19,562 - INFO - Progress saved to output/scraping_progress.json
2025-05-03 00:03:19,569 - INFO - Processed department: SOCY
2025-05-03 00:03:19,573 - INFO - Progress saved to output/scraping_progress.json
2025-05-03 00:03:19,580 - INFO - Processed department: SOST
2025-05-03 00:03:19,584 - INFO - Progress saved to output/scraping_progress.json
2025-05-03 00:03:19,591 - INFO - Processed department: SOWK
2025-05-03 00:03:19,595 - INFO - Progress saved to output/scraping_progress.json
2025-05-03 00:03:19,602 - INFO - Processed department: SPAN
2025-05-03 00:03:19,606 - INFO - Progress saved to output/scraping_progress.json
2025-05-03 00:03:19,612 - INFO - Processed department: SPCH
2025-05-03 00:03:19,617 - INFO - Progress saved to output/scraping_progress.json
2025-05-03 00:03:19,624 - INFO - Processed department: SPTE
2025-05-03 00:03:19,629 - INFO - Progress saved to output/scraping_progress.json
2025-05-03 00:03:19,636 - INFO - Processed department: STAT
2025-05-03 00:03:19,640 - INFO - Progress saved to output/scraping_progress.json
2025-05-03 00:03:19,647 - INFO - Processed department: SURG
2025-05-03 00:03:19,653 - INFO - Progress saved to output/scraping_progress.json
2025-05-03 00:03:19,663 - INFO - Processed department: SVAD
2025-05-03 00:03:19,667 - INFO - Progress saved to output/scraping_progress.json
2025-05-03 00:03:19,674 - INFO - Processed department: THEA
2025-05-03 00:03:19,679 - INFO - Progress saved to output/scraping_progress.json
2025-05-03 00:03:19,686 - INFO - Processed department: UNIV
2025-05-03 00:03:19,690 - INFO - Progress saved to output/scraping_progress.json
2025-05-03 00:03:19,698 - INFO - Processed department: WGST
2025-05-03 00:03:19,702 - INFO - Progress saved to output/scraping_progress.json
2025-05-03 00:03:19,702 - INFO - Successfully extracted data for 210 departments
2025-05-03 00:03:19,705 - INFO - Saved department data to output/departments/sc_departments.csv
2025-05-03 00:03:19,709 - INFO - Progress saved to output/scraping_progress.json
2025-05-03 00:03:19,854 - INFO - Browser closed
2025-05-03 00:03:19,854 - INFO - Successfully scraped 210 departments for sc
2025-05-03 00:03:19,856 - INFO - Waiting 7.49 seconds before next university
2025-05-03 00:03:27,349 - INFO - Processing university 65/144: utk
2025-05-03 00:03:27,364 - INFO - Progress saved to output/scraping_progress.json
2025-05-03 00:03:27,365 - INFO - Departments for utk already exist in output/departments/utk_departments.csv, skipping
2025-05-03 00:03:27,367 - INFO - Loaded 239 existing departments for utk
2025-05-03 00:03:27,378 - INFO - Progress saved to output/scraping_progress.json
2025-05-03 00:03:27,378 - INFO - Waiting 7.08 seconds before next university
2025-05-03 00:03:34,459 - INFO - Processing university 66/144: sjsu
2025-05-03 00:03:34,473 - INFO - Progress saved to output/scraping_progress.json
2025-05-03 00:03:34,473 - INFO - Starting department scraper for URL: https://www.coursicle.com/sjsu/courses/
2025-05-03 00:03:35,835 - INFO - WebDriver set up successfully
2025-05-03 00:03:37,913 - INFO - Visited homepage first: https://www.coursicle.com/sjsu/
2025-05-03 00:03:47,718 - INFO - Navigated to https://www.coursicle.com/sjsu/courses/
2025-05-03 00:03:55,256 - INFO - Tile container loaded
2025-05-03 00:03:55,267 - INFO - Found 'More' button, will click to show all departments
2025-05-03 00:03:56,892 - INFO - Clicked 'More' button
2025-05-03 00:04:00,523 - INFO - Clicked 'More' button
2025-05-03 00:04:03,714 - INFO - Clicked 'More' button
2025-05-03 00:04:07,699 - INFO - Clicked 'More' button
2025-05-03 00:04:11,147 - INFO - Clicked 'More' button
2025-05-03 00:04:15,905 - INFO - Clicked 'More' button
2025-05-03 00:04:20,913 - INFO - Clicked 'More' button
2025-05-03 00:04:23,120 - INFO - Found 156 department tiles
2025-05-03 00:04:28,800 - INFO - Processed department: AAS
2025-05-03 00:04:28,813 - INFO - Progress saved to output/scraping_progress.json
2025-05-03 00:04:28,823 - INFO - Processed department: ADV
2025-05-03 00:04:28,828 - INFO - Progress saved to output/scraping_progress.json
2025-05-03 00:04:28,836 - INFO - Processed department: AE
2025-05-03 00:04:28,842 - INFO - Progress saved to output/scraping_progress.json
2025-05-03 00:04:28,849 - INFO - Processed department: AFAM
2025-05-03 00:04:28,853 - INFO - Progress saved to output/scraping_progress.json
2025-05-03 00:04:28,861 - INFO - Processed department: AFRS
2025-05-03 00:04:28,865 - INFO - Progress saved to output/scraping_progress.json
2025-05-03 00:04:28,872 - INFO - Processed department: AMS
2025-05-03 00:04:28,876 - INFO - Progress saved to output/scraping_progress.json
2025-05-03 00:04:28,884 - INFO - Processed department: ANI
2025-05-03 00:04:28,888 - INFO - Progress saved to output/scraping_progress.json
2025-05-03 00:04:28,896 - INFO - Processed department: ANTH
2025-05-03 00:04:28,900 - INFO - Progress saved to output/scraping_progress.json
2025-05-03 00:04:28,907 - INFO - Processed department: APSC
2025-05-03 00:04:28,912 - INFO - Progress saved to output/scraping_progress.json
2025-05-03 00:04:28,919 - INFO - Processed department: ARED
2025-05-03 00:04:28,924 - INFO - Progress saved to output/scraping_progress.json
2025-05-03 00:04:28,934 - INFO - Processed department: ART
2025-05-03 00:04:28,939 - INFO - Progress saved to output/scraping_progress.json
2025-05-03 00:04:28,946 - INFO - Processed department: ARTH
2025-05-03 00:04:28,951 - INFO - Progress saved to output/scraping_progress.json
2025-05-03 00:04:28,958 - INFO - Processed department: AS
2025-05-03 00:04:28,963 - INFO - Progress saved to output/scraping_progress.json
2025-05-03 00:04:28,970 - INFO - Processed department: ASIA
2025-05-03 00:04:28,974 - INFO - Progress saved to output/scraping_progress.json
2025-05-03 00:04:28,983 - INFO - Processed department: ASTR
2025-05-03 00:04:28,988 - INFO - Progress saved to output/scraping_progress.json
2025-05-03 00:04:28,996 - INFO - Processed department: ATH
2025-05-03 00:04:29,000 - INFO - Progress saved to output/scraping_progress.json
2025-05-03 00:04:29,011 - INFO - Processed department: AUD
2025-05-03 00:04:29,016 - INFO - Progress saved to output/scraping_progress.json
2025-05-03 00:04:29,024 - INFO - Processed department: AVIA
2025-05-03 00:04:29,028 - INFO - Progress saved to output/scraping_progress.json
2025-05-03 00:04:29,035 - INFO - Processed department: BIOL
2025-05-03 00:04:29,040 - INFO - Progress saved to output/scraping_progress.json
2025-05-03 00:04:29,047 - INFO - Processed department: BME
2025-05-03 00:04:29,051 - INFO - Progress saved to output/scraping_progress.json
2025-05-03 00:04:29,059 - INFO - Processed department: BOT
2025-05-03 00:04:29,064 - INFO - Progress saved to output/scraping_progress.json
2025-05-03 00:04:29,071 - INFO - Processed department: BUS
2025-05-03 00:04:29,075 - INFO - Progress saved to output/scraping_progress.json
2025-05-03 00:04:29,082 - INFO - Processed department: BUS1
2025-05-03 00:04:29,087 - INFO - Progress saved to output/scraping_progress.json
2025-05-03 00:04:29,094 - INFO - Processed department: BUS2
2025-05-03 00:04:29,098 - INFO - Progress saved to output/scraping_progress.json
2025-05-03 00:04:29,105 - INFO - Processed department: BUS3
2025-05-03 00:04:29,109 - INFO - Progress saved to output/scraping_progress.json
2025-05-03 00:04:29,117 - INFO - Processed department: BUS4
2025-05-03 00:04:29,121 - INFO - Progress saved to output/scraping_progress.json
2025-05-03 00:04:29,129 - INFO - Processed department: BUS5
2025-05-03 00:04:29,135 - INFO - Progress saved to output/scraping_progress.json
2025-05-03 00:04:29,141 - INFO - Processed department: CA
2025-05-03 00:04:29,146 - INFO - Progress saved to output/scraping_progress.json
2025-05-03 00:04:29,153 - INFO - Processed department: CCS
2025-05-03 00:04:29,157 - INFO - Progress saved to output/scraping_progress.json
2025-05-03 00:04:29,164 - INFO - Processed department: CE
2025-05-03 00:04:29,168 - INFO - Progress saved to output/scraping_progress.json
2025-05-03 00:04:29,176 - INFO - Processed department: CHAD
2025-05-03 00:04:29,180 - INFO - Progress saved to output/scraping_progress.json
2025-05-03 00:04:29,188 - INFO - Processed department: CHE
2025-05-03 00:04:29,192 - INFO - Progress saved to output/scraping_progress.json
2025-05-03 00:04:29,199 - INFO - Processed department: CHEM
2025-05-03 00:04:29,203 - INFO - Progress saved to output/scraping_progress.json
2025-05-03 00:04:29,209 - INFO - Processed department: CHHS
2025-05-03 00:04:29,214 - INFO - Progress saved to output/scraping_progress.json
2025-05-03 00:04:29,221 - INFO - Processed department: CHIN
2025-05-03 00:04:29,225 - INFO - Progress saved to output/scraping_progress.json
2025-05-03 00:04:29,232 - INFO - Processed department: CMPE
2025-05-03 00:04:29,236 - INFO - Progress saved to output/scraping_progress.json
2025-05-03 00:04:29,243 - INFO - Processed department: COLT
2025-05-03 00:04:29,249 - INFO - Progress saved to output/scraping_progress.json
2025-05-03 00:04:29,255 - INFO - Processed department: COMM
2025-05-03 00:04:29,260 - INFO - Progress saved to output/scraping_progress.json
2025-05-03 00:04:29,267 - INFO - Processed department: CS
2025-05-03 00:04:29,272 - INFO - Progress saved to output/scraping_progress.json
2025-05-03 00:04:29,279 - INFO - Processed department: DANC
2025-05-03 00:04:29,284 - INFO - Progress saved to output/scraping_progress.json
2025-05-03 00:04:29,292 - INFO - Processed department: DATA
2025-05-03 00:04:29,297 - INFO - Progress saved to output/scraping_progress.json
2025-05-03 00:04:29,305 - INFO - Processed department: DSGD
2025-05-03 00:04:29,309 - INFO - Progress saved to output/scraping_progress.json
2025-05-03 00:04:29,317 - INFO - Processed department: DSGN
2025-05-03 00:04:29,323 - INFO - Progress saved to output/scraping_progress.json
2025-05-03 00:04:29,330 - INFO - Processed department: DSID
2025-05-03 00:04:29,335 - INFO - Progress saved to output/scraping_progress.json
2025-05-03 00:04:29,342 - INFO - Processed department: DSIT
2025-05-03 00:04:29,347 - INFO - Progress saved to output/scraping_progress.json
2025-05-03 00:04:29,356 - INFO - Processed department: ECON
2025-05-03 00:04:29,360 - INFO - Progress saved to output/scraping_progress.json
2025-05-03 00:04:29,368 - INFO - Processed department: EDAD
2025-05-03 00:04:29,374 - INFO - Progress saved to output/scraping_progress.json
2025-05-03 00:04:29,382 - INFO - Processed department: EDAU
2025-05-03 00:04:29,386 - INFO - Progress saved to output/scraping_progress.json
2025-05-03 00:04:29,393 - INFO - Processed department: EDCO
2025-05-03 00:04:29,398 - INFO - Progress saved to output/scraping_progress.json
2025-05-03 00:04:29,406 - INFO - Processed department: EDD
2025-05-03 00:04:29,410 - INFO - Progress saved to output/scraping_progress.json
2025-05-03 00:04:29,419 - INFO - Processed department: EDEL
2025-05-03 00:04:29,424 - INFO - Progress saved to output/scraping_progress.json
2025-05-03 00:04:29,432 - INFO - Processed department: EDLD
2025-05-03 00:04:29,436 - INFO - Progress saved to output/scraping_progress.json
2025-05-03 00:04:29,444 - INFO - Processed department: EDSC
2025-05-03 00:04:29,449 - INFO - Progress saved to output/scraping_progress.json
2025-05-03 00:04:29,456 - INFO - Processed department: EDSE
2025-05-03 00:04:29,461 - INFO - Progress saved to output/scraping_progress.json
2025-05-03 00:04:29,468 - INFO - Processed department: EDSP
2025-05-03 00:04:29,473 - INFO - Progress saved to output/scraping_progress.json
2025-05-03 00:04:29,480 - INFO - Processed department: EDTE
2025-05-03 00:04:29,485 - INFO - Progress saved to output/scraping_progress.json
2025-05-03 00:04:29,492 - INFO - Processed department: EDUC
2025-05-03 00:04:29,498 - INFO - Progress saved to output/scraping_progress.json
2025-05-03 00:04:29,505 - INFO - Processed department: EE
2025-05-03 00:04:29,510 - INFO - Progress saved to output/scraping_progress.json
2025-05-03 00:04:29,518 - INFO - Processed department: ENED
2025-05-03 00:04:29,523 - INFO - Progress saved to output/scraping_progress.json
2025-05-03 00:04:29,530 - INFO - Processed department: ENGL
2025-05-03 00:04:29,535 - INFO - Progress saved to output/scraping_progress.json
2025-05-03 00:04:29,542 - INFO - Processed department: ENGR
2025-05-03 00:04:29,547 - INFO - Progress saved to output/scraping_progress.json
2025-05-03 00:04:29,555 - INFO - Processed department: ENT
2025-05-03 00:04:29,559 - INFO - Progress saved to output/scraping_progress.json
2025-05-03 00:04:29,567 - INFO - Processed department: ENVS
2025-05-03 00:04:29,573 - INFO - Progress saved to output/scraping_progress.json
2025-05-03 00:04:29,582 - INFO - Processed department: FLED
2025-05-03 00:04:29,592 - INFO - Progress saved to output/scraping_progress.json
2025-05-03 00:04:29,601 - INFO - Processed department: FORL
2025-05-03 00:04:29,606 - INFO - Progress saved to output/scraping_progress.json
2025-05-03 00:04:29,614 - INFO - Processed department: FREN
2025-05-03 00:04:29,619 - INFO - Progress saved to output/scraping_progress.json
2025-05-03 00:04:29,626 - INFO - Processed department: FS
2025-05-03 00:04:29,631 - INFO - Progress saved to output/scraping_progress.json
2025-05-03 00:04:29,638 - INFO - Processed department: GEOG
2025-05-03 00:04:29,644 - INFO - Progress saved to output/scraping_progress.json
2025-05-03 00:04:29,651 - INFO - Processed department: GEOL
2025-05-03 00:04:29,655 - INFO - Progress saved to output/scraping_progress.json
2025-05-03 00:04:29,663 - INFO - Processed department: GERM
2025-05-03 00:04:29,667 - INFO - Progress saved to output/scraping_progress.json
2025-05-03 00:04:29,674 - INFO - Processed department: GERO
2025-05-03 00:04:29,680 - INFO - Progress saved to output/scraping_progress.json
2025-05-03 00:04:29,687 - INFO - Processed department: GISC
2025-05-03 00:04:29,692 - INFO - Progress saved to output/scraping_progress.json
2025-05-03 00:04:29,699 - INFO - Processed department: GLST
2025-05-03 00:04:29,705 - INFO - Progress saved to output/scraping_progress.json
2025-05-03 00:04:29,712 - INFO - Processed department: HA
2025-05-03 00:04:29,716 - INFO - Progress saved to output/scraping_progress.json
2025-05-03 00:04:29,724 - INFO - Processed department: HEBR
2025-05-03 00:04:29,728 - INFO - Progress saved to output/scraping_progress.json
2025-05-03 00:04:29,735 - INFO - Processed department: HIST
2025-05-03 00:04:29,740 - INFO - Progress saved to output/scraping_progress.json
2025-05-03 00:04:29,746 - INFO - Processed department: HPRF
2025-05-03 00:04:29,753 - INFO - Progress saved to output/scraping_progress.json
2025-05-03 00:04:29,764 - INFO - Processed department: HS
2025-05-03 00:04:29,768 - INFO - Progress saved to output/scraping_progress.json
2025-05-03 00:04:29,775 - INFO - Processed department: HSPM
2025-05-03 00:04:29,780 - INFO - Progress saved to output/scraping_progress.json
2025-05-03 00:04:29,787 - INFO - Processed department: HUM
2025-05-03 00:04:29,791 - INFO - Progress saved to output/scraping_progress.json
2025-05-03 00:04:29,800 - INFO - Processed department: IDT
2025-05-03 00:04:29,804 - INFO - Progress saved to output/scraping_progress.json
2025-05-03 00:04:29,811 - INFO - Processed department: INFM
2025-05-03 00:04:29,815 - INFO - Progress saved to output/scraping_progress.json
2025-05-03 00:04:29,822 - INFO - Processed department: INFO
2025-05-03 00:04:29,826 - INFO - Progress saved to output/scraping_progress.json
2025-05-03 00:04:29,833 - INFO - Processed department: ISDA
2025-05-03 00:04:29,838 - INFO - Progress saved to output/scraping_progress.json
2025-05-03 00:04:29,845 - INFO - Processed department: ISE
2025-05-03 00:04:29,849 - INFO - Progress saved to output/scraping_progress.json
2025-05-03 00:04:29,856 - INFO - Processed department: ITAL
2025-05-03 00:04:29,861 - INFO - Progress saved to output/scraping_progress.json
2025-05-03 00:04:29,868 - INFO - Processed department: JOUR
2025-05-03 00:04:29,872 - INFO - Progress saved to output/scraping_progress.json
2025-05-03 00:04:29,879 - INFO - Processed department: JPN
2025-05-03 00:04:29,883 - INFO - Progress saved to output/scraping_progress.json
2025-05-03 00:04:29,890 - INFO - Processed department: JS
2025-05-03 00:04:29,894 - INFO - Progress saved to output/scraping_progress.json
2025-05-03 00:04:29,901 - INFO - Processed department: JWSS
2025-05-03 00:04:29,905 - INFO - Progress saved to output/scraping_progress.json
2025-05-03 00:04:29,913 - INFO - Processed department: KIN
2025-05-03 00:04:29,917 - INFO - Progress saved to output/scraping_progress.json
2025-05-03 00:04:29,924 - INFO - Processed department: KNED
2025-05-03 00:04:29,930 - INFO - Progress saved to output/scraping_progress.json
2025-05-03 00:04:29,938 - INFO - Processed department: LING
2025-05-03 00:04:29,942 - INFO - Progress saved to output/scraping_progress.json
2025-05-03 00:04:29,949 - INFO - Processed department: LLD
2025-05-03 00:04:29,953 - INFO - Progress saved to output/scraping_progress.json
2025-05-03 00:04:29,960 - INFO - Processed department: LSTP
2025-05-03 00:04:29,965 - INFO - Progress saved to output/scraping_progress.json
2025-05-03 00:04:29,972 - INFO - Processed department: MARA
2025-05-03 00:04:29,977 - INFO - Progress saved to output/scraping_progress.json
2025-05-03 00:04:29,984 - INFO - Processed department: MAS
2025-05-03 00:04:29,989 - INFO - Progress saved to output/scraping_progress.json
2025-05-03 00:04:29,996 - INFO - Processed department: MATE
2025-05-03 00:04:30,001 - INFO - Progress saved to output/scraping_progress.json
2025-05-03 00:04:30,008 - INFO - Processed department: MATH
2025-05-03 00:04:30,012 - INFO - Progress saved to output/scraping_progress.json
2025-05-03 00:04:30,019 - INFO - Processed department: MCOM
2025-05-03 00:04:30,024 - INFO - Progress saved to output/scraping_progress.json
2025-05-03 00:04:30,031 - INFO - Processed department: MDES
2025-05-03 00:04:30,036 - INFO - Progress saved to output/scraping_progress.json
2025-05-03 00:04:30,043 - INFO - Processed department: ME
2025-05-03 00:04:30,047 - INFO - Progress saved to output/scraping_progress.json
2025-05-03 00:04:30,055 - INFO - Processed department: METR
2025-05-03 00:04:30,059 - INFO - Progress saved to output/scraping_progress.json
2025-05-03 00:04:30,069 - INFO - Processed department: MICR
2025-05-03 00:04:30,073 - INFO - Progress saved to output/scraping_progress.json
2025-05-03 00:04:30,081 - INFO - Processed department: MILS
2025-05-03 00:04:30,087 - INFO - Progress saved to output/scraping_progress.json
2025-05-03 00:04:30,094 - INFO - Processed department: MS
2025-05-03 00:04:30,099 - INFO - Progress saved to output/scraping_progress.json
2025-05-03 00:04:30,106 - INFO - Processed department: MTED
2025-05-03 00:04:30,110 - INFO - Progress saved to output/scraping_progress.json
2025-05-03 00:04:30,117 - INFO - Processed department: MTM
2025-05-03 00:04:30,122 - INFO - Progress saved to output/scraping_progress.json
2025-05-03 00:04:30,129 - INFO - Processed department: MUED
2025-05-03 00:04:30,133 - INFO - Progress saved to output/scraping_progress.json
2025-05-03 00:04:30,141 - INFO - Processed department: MUSC
2025-05-03 00:04:30,145 - INFO - Progress saved to output/scraping_progress.json
2025-05-03 00:04:30,153 - INFO - Processed department: NAIS
2025-05-03 00:04:30,157 - INFO - Progress saved to output/scraping_progress.json
2025-05-03 00:04:30,165 - INFO - Processed department: NUCS
2025-05-03 00:04:30,169 - INFO - Progress saved to output/scraping_progress.json
2025-05-03 00:04:30,176 - INFO - Processed department: NUFS
2025-05-03 00:04:30,181 - INFO - Progress saved to output/scraping_progress.json
2025-05-03 00:04:30,188 - INFO - Processed department: NURS
2025-05-03 00:04:30,192 - INFO - Progress saved to output/scraping_progress.json
2025-05-03 00:04:30,200 - INFO - Processed department: OCTH
2025-05-03 00:04:30,204 - INFO - Progress saved to output/scraping_progress.json
2025-05-03 00:04:30,211 - INFO - Processed department: ORGS
2025-05-03 00:04:30,216 - INFO - Progress saved to output/scraping_progress.json
2025-05-03 00:04:30,223 - INFO - Processed department: PADM
2025-05-03 00:04:30,227 - INFO - Progress saved to output/scraping_progress.json
2025-05-03 00:04:30,234 - INFO - Processed department: PH
2025-05-03 00:04:30,239 - INFO - Progress saved to output/scraping_progress.json
2025-05-03 00:04:30,246 - INFO - Processed department: PHIL
2025-05-03 00:04:30,250 - INFO - Progress saved to output/scraping_progress.json
2025-05-03 00:04:30,258 - INFO - Processed department: PHOT
2025-05-03 00:04:30,265 - INFO - Progress saved to output/scraping_progress.json
2025-05-03 00:04:30,272 - INFO - Processed department: PHYS
2025-05-03 00:04:30,279 - INFO - Progress saved to output/scraping_progress.json
2025-05-03 00:04:30,286 - INFO - Processed department: PKG
2025-05-03 00:04:30,291 - INFO - Progress saved to output/scraping_progress.json
2025-05-03 00:04:30,298 - INFO - Processed department: POLS
2025-05-03 00:04:30,303 - INFO - Progress saved to output/scraping_progress.json
2025-05-03 00:04:30,310 - INFO - Processed department: PORT
2025-05-03 00:04:30,315 - INFO - Progress saved to output/scraping_progress.json
2025-05-03 00:04:30,322 - INFO - Processed department: PR
2025-05-03 00:04:30,327 - INFO - Progress saved to output/scraping_progress.json
2025-05-03 00:04:30,333 - INFO - Processed department: PSYC
2025-05-03 00:04:30,338 - INFO - Progress saved to output/scraping_progress.json
2025-05-03 00:04:30,344 - INFO - Processed department: RECL
2025-05-03 00:04:30,349 - INFO - Progress saved to output/scraping_progress.json
2025-05-03 00:04:30,355 - INFO - Processed department: RELS
2025-05-03 00:04:30,360 - INFO - Progress saved to output/scraping_progress.json
2025-05-03 00:04:30,367 - INFO - Processed department: RTVF
2025-05-03 00:04:30,371 - INFO - Progress saved to output/scraping_progress.json
2025-05-03 00:04:30,379 - INFO - Processed department: RUSS
2025-05-03 00:04:30,384 - INFO - Progress saved to output/scraping_progress.json
2025-05-03 00:04:30,390 - INFO - Processed department: SCED
2025-05-03 00:04:30,395 - INFO - Progress saved to output/scraping_progress.json
2025-05-03 00:04:30,401 - INFO - Processed department: SCI
2025-05-03 00:04:30,406 - INFO - Progress saved to output/scraping_progress.json
2025-05-03 00:04:30,413 - INFO - Processed department: SCWK
2025-05-03 00:04:30,417 - INFO - Progress saved to output/scraping_progress.json
2025-05-03 00:04:30,424 - INFO - Processed department: SE
2025-05-03 00:04:30,429 - INFO - Progress saved to output/scraping_progress.json
2025-05-03 00:04:30,436 - INFO - Processed department: SMPD
2025-05-03 00:04:30,440 - INFO - Progress saved to output/scraping_progress.json
2025-05-03 00:04:30,447 - INFO - Processed department: SOCI
2025-05-03 00:04:30,452 - INFO - Progress saved to output/scraping_progress.json
2025-05-03 00:04:30,459 - INFO - Processed department: SOCS
2025-05-03 00:04:30,464 - INFO - Progress saved to output/scraping_progress.json
2025-05-03 00:04:30,471 - INFO - Processed department: SPAN
2025-05-03 00:04:30,475 - INFO - Progress saved to output/scraping_progress.json
2025-05-03 00:04:30,483 - INFO - Processed department: SPED
2025-05-03 00:04:30,487 - INFO - Progress saved to output/scraping_progress.json
2025-05-03 00:04:30,495 - INFO - Processed department: SSCI
2025-05-03 00:04:30,499 - INFO - Progress saved to output/scraping_progress.json
2025-05-03 00:04:30,506 - INFO - Processed department: SSED
2025-05-03 00:04:30,511 - INFO - Progress saved to output/scraping_progress.json
2025-05-03 00:04:30,517 - INFO - Processed department: STAT
2025-05-03 00:04:30,522 - INFO - Progress saved to output/scraping_progress.json
2025-05-03 00:04:30,528 - INFO - Processed department: TA
2025-05-03 00:04:30,533 - INFO - Progress saved to output/scraping_progress.json
2025-05-03 00:04:30,539 - INFO - Processed department: TAG
2025-05-03 00:04:30,544 - INFO - Progress saved to output/scraping_progress.json
2025-05-03 00:04:30,551 - INFO - Processed department: TECH
2025-05-03 00:04:30,556 - INFO - Progress saved to output/scraping_progress.json
2025-05-03 00:04:30,563 - INFO - Processed department: UNVS
2025-05-03 00:04:30,568 - INFO - Progress saved to output/scraping_progress.json
2025-05-03 00:04:30,575 - INFO - Processed department: URBP
2025-05-03 00:04:30,579 - INFO - Progress saved to output/scraping_progress.json
2025-05-03 00:04:30,586 - INFO - Processed department: VIET
2025-05-03 00:04:30,591 - INFO - Progress saved to output/scraping_progress.json
2025-05-03 00:04:30,598 - INFO - Processed department: WGSS
2025-05-03 00:04:30,602 - INFO - Progress saved to output/scraping_progress.json
2025-05-03 00:04:30,610 - INFO - Processed department: WOMS
2025-05-03 00:04:30,615 - INFO - Progress saved to output/scraping_progress.json
2025-05-03 00:04:30,622 - INFO - Processed department: XGADM
2025-05-03 00:04:30,626 - INFO - Progress saved to output/scraping_progress.json
2025-05-03 00:04:30,633 - INFO - Processed department: XMPRJM
2025-05-03 00:04:30,637 - INFO - Progress saved to output/scraping_progress.json
2025-05-03 00:04:30,644 - INFO - Processed department: XOC
2025-05-03 00:04:30,649 - INFO - Progress saved to output/scraping_progress.json
2025-05-03 00:04:30,656 - INFO - Processed department: XRS
2025-05-03 00:04:30,661 - INFO - Progress saved to output/scraping_progress.json
2025-05-03 00:04:30,668 - INFO - Processed department: XWC
2025-05-03 00:04:30,672 - INFO - Progress saved to output/scraping_progress.json
2025-05-03 00:04:30,680 - INFO - Processed department: ZOOL
2025-05-03 00:04:30,684 - INFO - Progress saved to output/scraping_progress.json
2025-05-03 00:04:30,684 - INFO - Successfully extracted data for 156 departments
2025-05-03 00:04:30,688 - INFO - Saved department data to output/departments/sjsu_departments.csv
2025-05-03 00:04:30,693 - INFO - Progress saved to output/scraping_progress.json
2025-05-03 00:04:30,868 - INFO - Browser closed
2025-05-03 00:04:30,868 - INFO - Successfully scraped 156 departments for sjsu
2025-05-03 00:04:30,870 - INFO - Waiting 7.86 seconds before next university
2025-05-03 00:04:38,735 - INFO - Processing university 67/144: oregonstate
2025-05-03 00:04:38,752 - INFO - Progress saved to output/scraping_progress.json
2025-05-03 00:04:38,752 - INFO - Starting department scraper for URL: https://www.coursicle.com/oregonstate/courses/
2025-05-03 00:04:40,589 - INFO - WebDriver set up successfully
2025-05-03 00:04:43,839 - INFO - Visited homepage first: https://www.coursicle.com/oregonstate/
2025-05-03 00:04:50,380 - INFO - Navigated to https://www.coursicle.com/oregonstate/courses/
2025-05-03 00:04:59,103 - INFO - Tile container loaded
2025-05-03 00:04:59,113 - INFO - Found 'More' button, will click to show all departments
2025-05-03 00:05:00,322 - INFO - Clicked 'More' button
2025-05-03 00:05:03,736 - INFO - Clicked 'More' button
2025-05-03 00:05:07,319 - INFO - Clicked 'More' button
2025-05-03 00:05:10,252 - INFO - Clicked 'More' button
2025-05-03 00:05:15,389 - INFO - Clicked 'More' button
2025-05-03 00:05:18,560 - INFO - Clicked 'More' button
2025-05-03 00:05:22,975 - INFO - Clicked 'More' button
2025-05-03 00:05:25,354 - INFO - Found 165 department tiles
2025-05-03 00:05:32,506 - INFO - Processed department: AAE
2025-05-03 00:05:32,516 - INFO - Progress saved to output/scraping_progress.json
2025-05-03 00:05:32,526 - INFO - Processed department: ACTG
2025-05-03 00:05:32,533 - INFO - Progress saved to output/scraping_progress.json
2025-05-03 00:05:32,541 - INFO - Processed department: AEC
2025-05-03 00:05:32,547 - INFO - Progress saved to output/scraping_progress.json
2025-05-03 00:05:32,555 - INFO - Processed department: AED
2025-05-03 00:05:32,560 - INFO - Progress saved to output/scraping_progress.json
2025-05-03 00:05:32,569 - INFO - Processed department: AG
2025-05-03 00:05:32,573 - INFO - Progress saved to output/scraping_progress.json
2025-05-03 00:05:32,582 - INFO - Processed department: AGRI
2025-05-03 00:05:32,586 - INFO - Progress saved to output/scraping_progress.json
2025-05-03 00:05:32,594 - INFO - Processed department: AHE
2025-05-03 00:05:32,599 - INFO - Progress saved to output/scraping_progress.json
2025-05-03 00:05:32,609 - INFO - Processed department: AI
2025-05-03 00:05:32,613 - INFO - Progress saved to output/scraping_progress.json
2025-05-03 00:05:32,621 - INFO - Processed department: AJ
2025-05-03 00:05:32,626 - INFO - Progress saved to output/scraping_progress.json
2025-05-03 00:05:32,633 - INFO - Processed department: ALS
2025-05-03 00:05:32,638 - INFO - Progress saved to output/scraping_progress.json
2025-05-03 00:05:32,645 - INFO - Processed department: AMS
2025-05-03 00:05:32,650 - INFO - Progress saved to output/scraping_progress.json
2025-05-03 00:05:32,657 - INFO - Processed department: ANS
2025-05-03 00:05:32,661 - INFO - Progress saved to output/scraping_progress.json
2025-05-03 00:05:32,668 - INFO - Processed department: ANTH
2025-05-03 00:05:32,673 - INFO - Progress saved to output/scraping_progress.json
2025-05-03 00:05:32,681 - INFO - Processed department: ARE
2025-05-03 00:05:32,685 - INFO - Progress saved to output/scraping_progress.json
2025-05-03 00:05:32,693 - INFO - Processed department: ART
2025-05-03 00:05:32,697 - INFO - Progress saved to output/scraping_progress.json
2025-05-03 00:05:32,704 - INFO - Processed department: AS
2025-05-03 00:05:32,709 - INFO - Progress saved to output/scraping_progress.json
2025-05-03 00:05:32,716 - INFO - Processed department: ASL
2025-05-03 00:05:32,721 - INFO - Progress saved to output/scraping_progress.json
2025-05-03 00:05:32,728 - INFO - Processed department: AT
2025-05-03 00:05:32,733 - INFO - Progress saved to output/scraping_progress.json
2025-05-03 00:05:32,740 - INFO - Processed department: ATS
2025-05-03 00:05:32,745 - INFO - Progress saved to output/scraping_progress.json
2025-05-03 00:05:32,753 - INFO - Processed department: BA
2025-05-03 00:05:32,758 - INFO - Progress saved to output/scraping_progress.json
2025-05-03 00:05:32,766 - INFO - Processed department: BANA
2025-05-03 00:05:32,770 - INFO - Progress saved to output/scraping_progress.json
2025-05-03 00:05:32,778 - INFO - Processed department: BB
2025-05-03 00:05:32,783 - INFO - Progress saved to output/scraping_progress.json
2025-05-03 00:05:32,791 - INFO - Processed department: BDS
2025-05-03 00:05:32,796 - INFO - Progress saved to output/scraping_progress.json
2025-05-03 00:05:32,803 - INFO - Processed department: BEE
2025-05-03 00:05:32,807 - INFO - Progress saved to output/scraping_progress.json
2025-05-03 00:05:32,815 - INFO - Processed department: BHS
2025-05-03 00:05:32,820 - INFO - Progress saved to output/scraping_progress.json
2025-05-03 00:05:32,828 - INFO - Processed department: BI
2025-05-03 00:05:32,833 - INFO - Progress saved to output/scraping_progress.json
2025-05-03 00:05:32,840 - INFO - Processed department: BIOE
2025-05-03 00:05:32,844 - INFO - Progress saved to output/scraping_progress.json
2025-05-03 00:05:32,851 - INFO - Processed department: BIS
2025-05-03 00:05:32,855 - INFO - Progress saved to output/scraping_progress.json
2025-05-03 00:05:32,862 - INFO - Processed department: BOT
2025-05-03 00:05:32,867 - INFO - Progress saved to output/scraping_progress.json
2025-05-03 00:05:32,874 - INFO - Processed department: BRR
2025-05-03 00:05:32,879 - INFO - Progress saved to output/scraping_progress.json
2025-05-03 00:05:32,887 - INFO - Processed department: CBEE
2025-05-03 00:05:32,891 - INFO - Progress saved to output/scraping_progress.json
2025-05-03 00:05:32,899 - INFO - Processed department: CCE
2025-05-03 00:05:32,904 - INFO - Progress saved to output/scraping_progress.json
2025-05-03 00:05:32,919 - INFO - Processed department: CE
2025-05-03 00:05:32,924 - INFO - Progress saved to output/scraping_progress.json
2025-05-03 00:05:32,931 - INFO - Processed department: CEM
2025-05-03 00:05:32,936 - INFO - Progress saved to output/scraping_progress.json
2025-05-03 00:05:32,943 - INFO - Processed department: CH
2025-05-03 00:05:32,947 - INFO - Progress saved to output/scraping_progress.json
2025-05-03 00:05:32,955 - INFO - Processed department: CHE
2025-05-03 00:05:32,959 - INFO - Progress saved to output/scraping_progress.json
2025-05-03 00:05:32,966 - INFO - Processed department: CHN
2025-05-03 00:05:32,985 - INFO - Progress saved to output/scraping_progress.json
2025-05-03 00:05:32,999 - INFO - Processed department: COMM
2025-05-03 00:05:33,004 - INFO - Progress saved to output/scraping_progress.json
2025-05-03 00:05:33,012 - INFO - Processed department: CORE
2025-05-03 00:05:33,017 - INFO - Progress saved to output/scraping_progress.json
2025-05-03 00:05:33,024 - INFO - Processed department: COUN
2025-05-03 00:05:33,028 - INFO - Progress saved to output/scraping_progress.json
2025-05-03 00:05:33,035 - INFO - Processed department: CROP
2025-05-03 00:05:33,039 - INFO - Progress saved to output/scraping_progress.json
2025-05-03 00:05:33,046 - INFO - Processed department: CS
2025-05-03 00:05:33,051 - INFO - Progress saved to output/scraping_progress.json
2025-05-03 00:05:33,058 - INFO - Processed department: CSS
2025-05-03 00:05:33,063 - INFO - Progress saved to output/scraping_progress.json
2025-05-03 00:05:33,070 - INFO - Processed department: CSSA
2025-05-03 00:05:33,075 - INFO - Progress saved to output/scraping_progress.json
2025-05-03 00:05:33,082 - INFO - Processed department: DHE
2025-05-03 00:05:33,087 - INFO - Progress saved to output/scraping_progress.json
2025-05-03 00:05:33,094 - INFO - Processed department: DSGN
2025-05-03 00:05:33,100 - INFO - Progress saved to output/scraping_progress.json
2025-05-03 00:05:33,107 - INFO - Processed department: DSI
2025-05-03 00:05:33,112 - INFO - Progress saved to output/scraping_progress.json
2025-05-03 00:05:33,119 - INFO - Processed department: EAH
2025-05-03 00:05:33,124 - INFO - Progress saved to output/scraping_progress.json
2025-05-03 00:05:33,131 - INFO - Processed department: ECE
2025-05-03 00:05:33,136 - INFO - Progress saved to output/scraping_progress.json
2025-05-03 00:05:33,143 - INFO - Processed department: ECON
2025-05-03 00:05:33,148 - INFO - Progress saved to output/scraping_progress.json
2025-05-03 00:05:33,155 - INFO - Processed department: ED
2025-05-03 00:05:33,160 - INFO - Progress saved to output/scraping_progress.json
2025-05-03 00:05:33,167 - INFO - Processed department: EMGT
2025-05-03 00:05:33,171 - INFO - Progress saved to output/scraping_progress.json
2025-05-03 00:05:33,179 - INFO - Processed department: ENG
2025-05-03 00:05:33,184 - INFO - Progress saved to output/scraping_progress.json
2025-05-03 00:05:33,191 - INFO - Processed department: ENGR
2025-05-03 00:05:33,195 - INFO - Progress saved to output/scraping_progress.json
2025-05-03 00:05:33,202 - INFO - Processed department: ENSC
2025-05-03 00:05:33,207 - INFO - Progress saved to output/scraping_progress.json
2025-05-03 00:05:33,215 - INFO - Processed department: ENT
2025-05-03 00:05:33,219 - INFO - Progress saved to output/scraping_progress.json
2025-05-03 00:05:33,227 - INFO - Processed department: ENVE
2025-05-03 00:05:33,232 - INFO - Progress saved to output/scraping_progress.json
2025-05-03 00:05:33,240 - INFO - Processed department: ES
2025-05-03 00:05:33,244 - INFO - Progress saved to output/scraping_progress.json
2025-05-03 00:05:33,252 - INFO - Processed department: ESC
2025-05-03 00:05:33,257 - INFO - Progress saved to output/scraping_progress.json
2025-05-03 00:05:33,264 - INFO - Processed department: ESE
2025-05-03 00:05:33,269 - INFO - Progress saved to output/scraping_progress.json
2025-05-03 00:05:33,276 - INFO - Processed department: EVNT
2025-05-03 00:05:33,281 - INFO - Progress saved to output/scraping_progress.json
2025-05-03 00:05:33,289 - INFO - Processed department: FCSJ
2025-05-03 00:05:33,293 - INFO - Progress saved to output/scraping_progress.json
2025-05-03 00:05:33,301 - INFO - Processed department: FE
2025-05-03 00:05:33,305 - INFO - Progress saved to output/scraping_progress.json
2025-05-03 00:05:33,313 - INFO - Processed department: FES
2025-05-03 00:05:33,317 - INFO - Progress saved to output/scraping_progress.json
2025-05-03 00:05:33,325 - INFO - Processed department: FILM
2025-05-03 00:05:33,330 - INFO - Progress saved to output/scraping_progress.json
2025-05-03 00:05:33,338 - INFO - Processed department: FIN
2025-05-03 00:05:33,352 - INFO - Progress saved to output/scraping_progress.json
2025-05-03 00:05:33,360 - INFO - Processed department: FOR
2025-05-03 00:05:33,365 - INFO - Progress saved to output/scraping_progress.json
2025-05-03 00:05:33,372 - INFO - Processed department: FR
2025-05-03 00:05:33,377 - INFO - Progress saved to output/scraping_progress.json
2025-05-03 00:05:33,384 - INFO - Processed department: FST
2025-05-03 00:05:33,388 - INFO - Progress saved to output/scraping_progress.json
2025-05-03 00:05:33,395 - INFO - Processed department: FW
2025-05-03 00:05:33,400 - INFO - Progress saved to output/scraping_progress.json
2025-05-03 00:05:33,407 - INFO - Processed department: GD
2025-05-03 00:05:33,412 - INFO - Progress saved to output/scraping_progress.json
2025-05-03 00:05:33,419 - INFO - Processed department: GEO
2025-05-03 00:05:33,423 - INFO - Progress saved to output/scraping_progress.json
2025-05-03 00:05:33,431 - INFO - Processed department: GEOG
2025-05-03 00:05:33,435 - INFO - Progress saved to output/scraping_progress.json
2025-05-03 00:05:33,443 - INFO - Processed department: GER
2025-05-03 00:05:33,448 - INFO - Progress saved to output/scraping_progress.json
2025-05-03 00:05:33,455 - INFO - Processed department: GPH
2025-05-03 00:05:33,459 - INFO - Progress saved to output/scraping_progress.json
2025-05-03 00:05:33,467 - INFO - Processed department: GRAD
2025-05-03 00:05:33,471 - INFO - Progress saved to output/scraping_progress.json
2025-05-03 00:05:33,479 - INFO - Processed department: GS
2025-05-03 00:05:33,483 - INFO - Progress saved to output/scraping_progress.json
2025-05-03 00:05:33,491 - INFO - Processed department: H
2025-05-03 00:05:33,495 - INFO - Progress saved to output/scraping_progress.json
2025-05-03 00:05:33,503 - INFO - Processed department: HC
2025-05-03 00:05:33,508 - INFO - Progress saved to output/scraping_progress.json
2025-05-03 00:05:33,515 - INFO - Processed department: HDFS
2025-05-03 00:05:33,520 - INFO - Progress saved to output/scraping_progress.json
2025-05-03 00:05:33,527 - INFO - Processed department: HEST
2025-05-03 00:05:33,532 - INFO - Progress saved to output/scraping_progress.json
2025-05-03 00:05:33,540 - INFO - Processed department: HHS
2025-05-03 00:05:33,544 - INFO - Progress saved to output/scraping_progress.json
2025-05-03 00:05:33,552 - INFO - Processed department: HM
2025-05-03 00:05:33,556 - INFO - Progress saved to output/scraping_progress.json
2025-05-03 00:05:33,564 - INFO - Processed department: HORT
2025-05-03 00:05:33,569 - INFO - Progress saved to output/scraping_progress.json
2025-05-03 00:05:33,576 - INFO - Processed department: HST
2025-05-03 00:05:33,581 - INFO - Progress saved to output/scraping_progress.json
2025-05-03 00:05:33,588 - INFO - Processed department: HSTS
2025-05-03 00:05:33,593 - INFO - Progress saved to output/scraping_progress.json
2025-05-03 00:05:33,601 - INFO - Processed department: IB
2025-05-03 00:05:33,605 - INFO - Progress saved to output/scraping_progress.json
2025-05-03 00:05:33,613 - INFO - Processed department: IE
2025-05-03 00:05:33,617 - INFO - Progress saved to output/scraping_progress.json
2025-05-03 00:05:33,624 - INFO - Processed department: IEPA
2025-05-03 00:05:33,629 - INFO - Progress saved to output/scraping_progress.json
2025-05-03 00:05:33,637 - INFO - Processed department: IEPH
2025-05-03 00:05:33,642 - INFO - Progress saved to output/scraping_progress.json
2025-05-03 00:05:33,649 - INFO - Processed department: INTL
2025-05-03 00:05:33,654 - INFO - Progress saved to output/scraping_progress.json
2025-05-03 00:05:33,662 - INFO - Processed department: IST
2025-05-03 00:05:33,670 - INFO - Progress saved to output/scraping_progress.json
2025-05-03 00:05:33,679 - INFO - Processed department: IT
2025-05-03 00:05:33,685 - INFO - Progress saved to output/scraping_progress.json
2025-05-03 00:05:33,693 - INFO - Processed department: JCUO
2025-05-03 00:05:33,698 - INFO - Progress saved to output/scraping_progress.json
2025-05-03 00:05:33,706 - INFO - Processed department: JPN
2025-05-03 00:05:33,711 - INFO - Progress saved to output/scraping_progress.json
2025-05-03 00:05:33,718 - INFO - Processed department: KIN
2025-05-03 00:05:33,723 - INFO - Progress saved to output/scraping_progress.json
2025-05-03 00:05:33,732 - INFO - Processed department: KOR
2025-05-03 00:05:33,737 - INFO - Progress saved to output/scraping_progress.json
2025-05-03 00:05:33,745 - INFO - Processed department: LEAD
2025-05-03 00:05:33,752 - INFO - Progress saved to output/scraping_progress.json
2025-05-03 00:05:33,761 - INFO - Processed department: LING
2025-05-03 00:05:33,769 - INFO - Progress saved to output/scraping_progress.json
2025-05-03 00:05:33,778 - INFO - Processed department: LS
2025-05-03 00:05:33,783 - INFO - Progress saved to output/scraping_progress.json
2025-05-03 00:05:33,798 - INFO - Processed department: MAST
2025-05-03 00:05:33,803 - INFO - Progress saved to output/scraping_progress.json
2025-05-03 00:05:33,810 - INFO - Processed department: MATS
2025-05-03 00:05:33,816 - INFO - Progress saved to output/scraping_progress.json
2025-05-03 00:05:33,823 - INFO - Processed department: MB
2025-05-03 00:05:33,829 - INFO - Progress saved to output/scraping_progress.json
2025-05-03 00:05:33,836 - INFO - Processed department: MCB
2025-05-03 00:05:33,841 - INFO - Progress saved to output/scraping_progress.json
2025-05-03 00:05:33,848 - INFO - Processed department: ME
2025-05-03 00:05:33,853 - INFO - Progress saved to output/scraping_progress.json
2025-05-03 00:05:33,861 - INFO - Processed department: MFGE
2025-05-03 00:05:33,866 - INFO - Progress saved to output/scraping_progress.json
2025-05-03 00:05:33,874 - INFO - Processed department: MGMT
2025-05-03 00:05:33,878 - INFO - Progress saved to output/scraping_progress.json
2025-05-03 00:05:33,886 - INFO - Processed department: MIME
2025-05-03 00:05:33,893 - INFO - Progress saved to output/scraping_progress.json
2025-05-03 00:05:33,901 - INFO - Processed department: MNR
2025-05-03 00:05:33,906 - INFO - Progress saved to output/scraping_progress.json
2025-05-03 00:05:33,913 - INFO - Processed department: MRKT
2025-05-03 00:05:33,918 - INFO - Progress saved to output/scraping_progress.json
2025-05-03 00:05:33,926 - INFO - Processed department: MRM
2025-05-03 00:05:33,930 - INFO - Progress saved to output/scraping_progress.json
2025-05-03 00:05:33,938 - INFO - Processed department: MS
2025-05-03 00:05:33,943 - INFO - Progress saved to output/scraping_progress.json
2025-05-03 00:05:33,950 - INFO - Processed department: MTH
2025-05-03 00:05:33,955 - INFO - Progress saved to output/scraping_progress.json
2025-05-03 00:05:33,962 - INFO - Processed department: MUED
2025-05-03 00:05:33,967 - INFO - Progress saved to output/scraping_progress.json
2025-05-03 00:05:33,975 - INFO - Processed department: MUP
2025-05-03 00:05:33,980 - INFO - Progress saved to output/scraping_progress.json
2025-05-03 00:05:33,987 - INFO - Processed department: MUS
2025-05-03 00:05:33,992 - INFO - Progress saved to output/scraping_progress.json
2025-05-03 00:05:34,000 - INFO - Processed department: NMC
2025-05-03 00:05:34,004 - INFO - Progress saved to output/scraping_progress.json
2025-05-03 00:05:34,012 - INFO - Processed department: NR
2025-05-03 00:05:34,017 - INFO - Progress saved to output/scraping_progress.json
2025-05-03 00:05:34,024 - INFO - Processed department: NS
2025-05-03 00:05:34,029 - INFO - Progress saved to output/scraping_progress.json
2025-05-03 00:05:34,037 - INFO - Processed department: NSE
2025-05-03 00:05:34,042 - INFO - Progress saved to output/scraping_progress.json
2025-05-03 00:05:34,050 - INFO - Processed department: NUTR
2025-05-03 00:05:34,055 - INFO - Progress saved to output/scraping_progress.json
2025-05-03 00:05:34,062 - INFO - Processed department: OC
2025-05-03 00:05:34,067 - INFO - Progress saved to output/scraping_progress.json
2025-05-03 00:05:34,076 - INFO - Processed department: OEAS
2025-05-03 00:05:34,081 - INFO - Progress saved to output/scraping_progress.json
2025-05-03 00:05:34,088 - INFO - Processed department: OFOR
2025-05-03 00:05:34,093 - INFO - Progress saved to output/scraping_progress.json
2025-05-03 00:05:34,100 - INFO - Processed department: OP
2025-05-03 00:05:34,105 - INFO - Progress saved to output/scraping_progress.json
2025-05-03 00:05:34,112 - INFO - Processed department: PAC
2025-05-03 00:05:34,118 - INFO - Progress saved to output/scraping_progress.json
2025-05-03 00:05:34,127 - INFO - Processed department: PAX
2025-05-03 00:05:34,132 - INFO - Progress saved to output/scraping_progress.json
2025-05-03 00:05:34,140 - INFO - Processed department: PBG
2025-05-03 00:05:34,145 - INFO - Progress saved to output/scraping_progress.json
2025-05-03 00:05:34,152 - INFO - Processed department: PH
2025-05-03 00:05:34,157 - INFO - Progress saved to output/scraping_progress.json
2025-05-03 00:05:34,165 - INFO - Processed department: PHAR
2025-05-03 00:05:34,170 - INFO - Progress saved to output/scraping_progress.json
2025-05-03 00:05:34,178 - INFO - Processed department: PHL
2025-05-03 00:05:34,183 - INFO - Progress saved to output/scraping_progress.json
2025-05-03 00:05:34,190 - INFO - Processed department: PPOL
2025-05-03 00:05:34,195 - INFO - Progress saved to output/scraping_progress.json
2025-05-03 00:05:34,202 - INFO - Processed department: PS
2025-05-03 00:05:34,207 - INFO - Progress saved to output/scraping_progress.json
2025-05-03 00:05:34,215 - INFO - Processed department: PSY
2025-05-03 00:05:34,220 - INFO - Progress saved to output/scraping_progress.json
2025-05-03 00:05:34,227 - INFO - Processed department: PT
2025-05-03 00:05:34,232 - INFO - Progress saved to output/scraping_progress.json
2025-05-03 00:05:34,240 - INFO - Processed department: QS
2025-05-03 00:05:34,245 - INFO - Progress saved to output/scraping_progress.json
2025-05-03 00:05:34,253 - INFO - Processed department: REL
2025-05-03 00:05:34,257 - INFO - Progress saved to output/scraping_progress.json
2025-05-03 00:05:34,265 - INFO - Processed department: RNG
2025-05-03 00:05:34,270 - INFO - Progress saved to output/scraping_progress.json
2025-05-03 00:05:34,278 - INFO - Processed department: ROB
2025-05-03 00:05:34,283 - INFO - Progress saved to output/scraping_progress.json
2025-05-03 00:05:34,290 - INFO - Processed department: SB
2025-05-03 00:05:34,295 - INFO - Progress saved to output/scraping_progress.json
2025-05-03 00:05:34,303 - INFO - Processed department: SCI
2025-05-03 00:05:34,307 - INFO - Progress saved to output/scraping_progress.json
2025-05-03 00:05:34,315 - INFO - Processed department: SCLM
2025-05-03 00:05:34,320 - INFO - Progress saved to output/scraping_progress.json
2025-05-03 00:05:34,327 - INFO - Processed department: SE
2025-05-03 00:05:34,332 - INFO - Progress saved to output/scraping_progress.json
2025-05-03 00:05:34,340 - INFO - Processed department: SED
2025-05-03 00:05:34,345 - INFO - Progress saved to output/scraping_progress.json
2025-05-03 00:05:34,352 - INFO - Processed department: SNR
2025-05-03 00:05:34,357 - INFO - Progress saved to output/scraping_progress.json
2025-05-03 00:05:34,365 - INFO - Processed department: SOC
2025-05-03 00:05:34,370 - INFO - Progress saved to output/scraping_progress.json
2025-05-03 00:05:34,377 - INFO - Processed department: SOIL
2025-05-03 00:05:34,382 - INFO - Progress saved to output/scraping_progress.json
2025-05-03 00:05:34,389 - INFO - Processed department: SPAN
2025-05-03 00:05:34,394 - INFO - Progress saved to output/scraping_progress.json
2025-05-03 00:05:34,402 - INFO - Processed department: SSCI
2025-05-03 00:05:34,407 - INFO - Progress saved to output/scraping_progress.json
2025-05-03 00:05:34,414 - INFO - Processed department: ST
2025-05-03 00:05:34,419 - INFO - Progress saved to output/scraping_progress.json
2025-05-03 00:05:34,426 - INFO - Processed department: SUS
2025-05-03 00:05:34,431 - INFO - Progress saved to output/scraping_progress.json
2025-05-03 00:05:34,439 - INFO - Processed department: TA
2025-05-03 00:05:34,445 - INFO - Progress saved to output/scraping_progress.json
2025-05-03 00:05:34,452 - INFO - Processed department: TOX
2025-05-03 00:05:34,458 - INFO - Progress saved to output/scraping_progress.json
2025-05-03 00:05:34,465 - INFO - Processed department: TRAL
2025-05-03 00:05:34,470 - INFO - Progress saved to output/scraping_progress.json
2025-05-03 00:05:34,477 - INFO - Processed department: UEXP
2025-05-03 00:05:34,483 - INFO - Progress saved to output/scraping_progress.json
2025-05-03 00:05:34,490 - INFO - Processed department: VMB
2025-05-03 00:05:34,495 - INFO - Progress saved to output/scraping_progress.json
2025-05-03 00:05:34,503 - INFO - Processed department: VMC
2025-05-03 00:05:34,507 - INFO - Progress saved to output/scraping_progress.json
2025-05-03 00:05:34,515 - INFO - Processed department: WGSS
2025-05-03 00:05:34,520 - INFO - Progress saved to output/scraping_progress.json
2025-05-03 00:05:34,528 - INFO - Processed department: WLC
2025-05-03 00:05:34,533 - INFO - Progress saved to output/scraping_progress.json
2025-05-03 00:05:34,541 - INFO - Processed department: WR
2025-05-03 00:05:34,545 - INFO - Progress saved to output/scraping_progress.json
2025-05-03 00:05:34,553 - INFO - Processed department: WRE
2025-05-03 00:05:34,558 - INFO - Progress saved to output/scraping_progress.json
2025-05-03 00:05:34,565 - INFO - Processed department: WRP
2025-05-03 00:05:34,570 - INFO - Progress saved to output/scraping_progress.json
2025-05-03 00:05:34,577 - INFO - Processed department: WRS
2025-05-03 00:05:34,582 - INFO - Progress saved to output/scraping_progress.json
2025-05-03 00:05:34,590 - INFO - Processed department: WSE
2025-05-03 00:05:34,594 - INFO - Progress saved to output/scraping_progress.json
2025-05-03 00:05:34,602 - INFO - Processed department: Z
2025-05-03 00:05:34,607 - INFO - Progress saved to output/scraping_progress.json
2025-05-03 00:05:34,607 - INFO - Successfully extracted data for 165 departments
2025-05-03 00:05:34,612 - INFO - Saved department data to output/departments/oregonstate_departments.csv
2025-05-03 00:05:34,617 - INFO - Progress saved to output/scraping_progress.json
2025-05-03 00:05:34,709 - INFO - Browser closed
2025-05-03 00:05:34,709 - INFO - Successfully scraped 165 departments for oregonstate
2025-05-03 00:05:34,711 - INFO - Waiting 7.48 seconds before next university
2025-05-03 00:05:42,195 - INFO - Processing university 68/144: columbia
2025-05-03 00:05:42,211 - INFO - Progress saved to output/scraping_progress.json
2025-05-03 00:05:42,211 - INFO - Starting department scraper for URL: https://www.coursicle.com/columbia/courses/
2025-05-03 00:05:43,889 - INFO - WebDriver set up successfully
2025-05-03 00:06:01,170 - INFO - Visited homepage first: https://www.coursicle.com/columbia/
2025-05-03 00:06:35,570 - ERROR - Error during department scraping: Message: timeout: Timed out receiving message from renderer: 29.647
  (Session info: chrome=135.0.7049.116)
Stacktrace:
0   chromedriver                        0x00000001034d2a54 cxxbridge1$str$ptr + 2803960
1   chromedriver                        0x00000001034cacf0 cxxbridge1$str$ptr + 2771860
2   chromedriver                        0x0000000103016864 cxxbridge1$string$len + 93028
3   chromedriver                        0x0000000103000d28 cxxbridge1$string$len + 4136
4   chromedriver                        0x0000000103000aa0 cxxbridge1$string$len + 3488
5   chromedriver                        0x0000000102ffe884 chromedriver + 190596
6   chromedriver                        0x0000000102fff414 chromedriver + 193556
7   chromedriver                        0x000000010300d018 cxxbridge1$string$len + 54040
8   chromedriver                        0x0000000103022dc4 cxxbridge1$string$len + 143556
9   chromedriver                        0x0000000102fffa48 chromedriver + 195144
10  chromedriver                        0x0000000103022b9c cxxbridge1$string$len + 143004
11  chromedriver                        0x000000010309e764 cxxbridge1$string$len + 649828
12  chromedriver                        0x00000001030517ec cxxbridge1$string$len + 334572
13  chromedriver                        0x0000000103497ccc cxxbridge1$str$ptr + 2562928
14  chromedriver                        0x000000010349af98 cxxbridge1$str$ptr + 2575932
15  chromedriver                        0x00000001034782c4 cxxbridge1$str$ptr + 2433384
16  chromedriver                        0x000000010349b810 cxxbridge1$str$ptr + 2578100
17  chromedriver                        0x00000001034692f0 cxxbridge1$str$ptr + 2371988
18  chromedriver                        0x00000001034bb57c cxxbridge1$str$ptr + 2708512
19  chromedriver                        0x00000001034bb708 cxxbridge1$str$ptr + 2708908
20  chromedriver                        0x00000001034ca93c cxxbridge1$str$ptr + 2770912
21  libsystem_pthread.dylib             0x0000000199b602e4 _pthread_start + 136
22  libsystem_pthread.dylib             0x0000000199b5b0fc thread_start + 8

2025-05-03 00:06:35,729 - INFO - Browser closed
2025-05-03 00:06:35,729 - ERROR - Error processing university columbia: cannot access local variable 'os' where it is not associated with a value
2025-05-03 00:06:35,729 - INFO - Processing university 69/144: utah
2025-05-03 00:06:35,742 - INFO - Progress saved to output/scraping_progress.json
2025-05-03 00:06:35,742 - INFO - Starting department scraper for URL: https://www.coursicle.com/utah/courses/
2025-05-03 00:06:37,893 - INFO - WebDriver set up successfully
2025-05-03 00:06:40,518 - INFO - Visited homepage first: https://www.coursicle.com/utah/
2025-05-03 00:06:49,332 - INFO - Navigated to https://www.coursicle.com/utah/courses/
2025-05-03 00:06:58,662 - INFO - Tile container loaded
2025-05-03 00:06:58,672 - INFO - Found 'More' button, will click to show all departments
2025-05-03 00:06:59,953 - INFO - Clicked 'More' button
2025-05-03 00:07:05,205 - INFO - Clicked 'More' button
2025-05-03 00:07:08,762 - INFO - Clicked 'More' button
2025-05-03 00:07:12,583 - INFO - Clicked 'More' button
2025-05-03 00:07:15,894 - INFO - Clicked 'More' button
2025-05-03 00:07:19,974 - INFO - Clicked 'More' button
2025-05-03 00:07:24,212 - INFO - Clicked 'More' button
2025-05-03 00:07:28,087 - INFO - Clicked 'More' button
2025-05-03 00:07:32,675 - INFO - Clicked 'More' button
2025-05-03 00:07:37,998 - INFO - Clicked 'More' button
2025-05-03 00:07:39,723 - INFO - Found 222 department tiles
2025-05-03 00:07:45,825 - INFO - Processed department: ACCTG
2025-05-03 00:07:45,842 - INFO - Progress saved to output/scraping_progress.json
2025-05-03 00:07:45,851 - INFO - Processed department: AEROS
2025-05-03 00:07:45,857 - INFO - Progress saved to output/scraping_progress.json
2025-05-03 00:07:45,865 - INFO - Processed department: ANAT
2025-05-03 00:07:45,870 - INFO - Progress saved to output/scraping_progress.json
2025-05-03 00:07:45,877 - INFO - Processed department: ANES
2025-05-03 00:07:45,882 - INFO - Progress saved to output/scraping_progress.json
2025-05-03 00:07:45,889 - INFO - Processed department: ANTH
2025-05-03 00:07:45,894 - INFO - Progress saved to output/scraping_progress.json
2025-05-03 00:07:45,907 - INFO - Processed department: ARAB
2025-05-03 00:07:45,912 - INFO - Progress saved to output/scraping_progress.json
2025-05-03 00:07:45,918 - INFO - Processed department: ARCH
2025-05-03 00:07:45,923 - INFO - Progress saved to output/scraping_progress.json
2025-05-03 00:07:45,929 - INFO - Processed department: ART
2025-05-03 00:07:45,934 - INFO - Progress saved to output/scraping_progress.json
2025-05-03 00:07:45,940 - INFO - Processed department: ARTH
2025-05-03 00:07:45,945 - INFO - Progress saved to output/scraping_progress.json
2025-05-03 00:07:45,952 - INFO - Processed department: ARTX
2025-05-03 00:07:45,957 - INFO - Progress saved to output/scraping_progress.json
2025-05-03 00:07:45,963 - INFO - Processed department: ASL
2025-05-03 00:07:45,968 - INFO - Progress saved to output/scraping_progress.json
2025-05-03 00:07:45,974 - INFO - Processed department: ASTP
2025-05-03 00:07:45,979 - INFO - Progress saved to output/scraping_progress.json
2025-05-03 00:07:45,986 - INFO - Processed department: ASTR
2025-05-03 00:07:45,991 - INFO - Progress saved to output/scraping_progress.json
2025-05-03 00:07:45,997 - INFO - Processed department: ATFA
2025-05-03 00:07:46,002 - INFO - Progress saved to output/scraping_progress.json
2025-05-03 00:07:46,008 - INFO - Processed department: ATHL
2025-05-03 00:07:46,013 - INFO - Progress saved to output/scraping_progress.json
2025-05-03 00:07:46,019 - INFO - Processed department: ATMOS
2025-05-03 00:07:46,024 - INFO - Progress saved to output/scraping_progress.json
2025-05-03 00:07:46,030 - INFO - Processed department: ATSM
2025-05-03 00:07:46,035 - INFO - Progress saved to output/scraping_progress.json
2025-05-03 00:07:46,042 - INFO - Processed department: BALLE
2025-05-03 00:07:46,047 - INFO - Progress saved to output/scraping_progress.json
2025-05-03 00:07:46,053 - INFO - Processed department: BART
2025-05-03 00:07:46,058 - INFO - Progress saved to output/scraping_progress.json
2025-05-03 00:07:46,065 - INFO - Processed department: BCOR
2025-05-03 00:07:46,070 - INFO - Progress saved to output/scraping_progress.json
2025-05-03 00:07:46,077 - INFO - Processed department: BENN
2025-05-03 00:07:46,082 - INFO - Progress saved to output/scraping_progress.json
2025-05-03 00:07:46,089 - INFO - Processed department: BIOC
2025-05-03 00:07:46,093 - INFO - Progress saved to output/scraping_progress.json
2025-05-03 00:07:46,100 - INFO - Processed department: BIOEN
2025-05-03 00:07:46,105 - INFO - Progress saved to output/scraping_progress.json
2025-05-03 00:07:46,112 - INFO - Processed department: BIOL
2025-05-03 00:07:46,117 - INFO - Progress saved to output/scraping_progress.json
2025-05-03 00:07:46,123 - INFO - Processed department: BLCHM
2025-05-03 00:07:46,128 - INFO - Progress saved to output/scraping_progress.json
2025-05-03 00:07:46,134 - INFO - Processed department: BME
2025-05-03 00:07:46,139 - INFO - Progress saved to output/scraping_progress.json
2025-05-03 00:07:46,145 - INFO - Processed department: BMI
2025-05-03 00:07:46,150 - INFO - Progress saved to output/scraping_progress.json
2025-05-03 00:07:46,156 - INFO - Processed department: BUS
2025-05-03 00:07:46,161 - INFO - Progress saved to output/scraping_progress.json
2025-05-03 00:07:46,167 - INFO - Processed department: CAMB
2025-05-03 00:07:46,172 - INFO - Progress saved to output/scraping_progress.json
2025-05-03 00:07:46,178 - INFO - Processed department: CECRT
2025-05-03 00:07:46,183 - INFO - Progress saved to output/scraping_progress.json
2025-05-03 00:07:46,189 - INFO - Processed department: CERM
2025-05-03 00:07:46,194 - INFO - Progress saved to output/scraping_progress.json
2025-05-03 00:07:46,200 - INFO - Processed department: CHEM
2025-05-03 00:07:46,205 - INFO - Progress saved to output/scraping_progress.json
2025-05-03 00:07:46,211 - INFO - Processed department: CHEN
2025-05-03 00:07:46,216 - INFO - Progress saved to output/scraping_progress.json
2025-05-03 00:07:46,222 - INFO - Processed department: CHIN
2025-05-03 00:07:46,227 - INFO - Progress saved to output/scraping_progress.json
2025-05-03 00:07:46,233 - INFO - Processed department: CLCS
2025-05-03 00:07:46,238 - INFO - Progress saved to output/scraping_progress.json
2025-05-03 00:07:46,244 - INFO - Processed department: CLCV
2025-05-03 00:07:46,249 - INFO - Progress saved to output/scraping_progress.json
2025-05-03 00:07:46,255 - INFO - Processed department: CMP
2025-05-03 00:07:46,260 - INFO - Progress saved to output/scraping_progress.json
2025-05-03 00:07:46,266 - INFO - Processed department: COMM
2025-05-03 00:07:46,271 - INFO - Progress saved to output/scraping_progress.json
2025-05-03 00:07:46,277 - INFO - Processed department: COMP
2025-05-03 00:07:46,282 - INFO - Progress saved to output/scraping_progress.json
2025-05-03 00:07:46,289 - INFO - Processed department: COPTC
2025-05-03 00:07:46,293 - INFO - Progress saved to output/scraping_progress.json
2025-05-03 00:07:46,300 - INFO - Processed department: CRIM
2025-05-03 00:07:46,305 - INFO - Progress saved to output/scraping_progress.json
2025-05-03 00:07:46,311 - INFO - Processed department: CS
2025-05-03 00:07:46,315 - INFO - Progress saved to output/scraping_progress.json
2025-05-03 00:07:46,322 - INFO - Processed department: CSD
2025-05-03 00:07:46,326 - INFO - Progress saved to output/scraping_progress.json
2025-05-03 00:07:46,333 - INFO - Processed department: CTLE
2025-05-03 00:07:46,337 - INFO - Progress saved to output/scraping_progress.json
2025-05-03 00:07:46,344 - INFO - Processed department: CVEEN
2025-05-03 00:07:46,348 - INFO - Progress saved to output/scraping_progress.json
2025-05-03 00:07:46,355 - INFO - Processed department: CVP
2025-05-03 00:07:46,359 - INFO - Progress saved to output/scraping_progress.json
2025-05-03 00:07:46,366 - INFO - Processed department: DANC
2025-05-03 00:07:46,370 - INFO - Progress saved to output/scraping_progress.json
2025-05-03 00:07:46,377 - INFO - Processed department: DENT
2025-05-03 00:07:46,382 - INFO - Progress saved to output/scraping_progress.json
2025-05-03 00:07:46,388 - INFO - Processed department: DERM
2025-05-03 00:07:46,393 - INFO - Progress saved to output/scraping_progress.json
2025-05-03 00:07:46,399 - INFO - Processed department: DES
2025-05-03 00:07:46,404 - INFO - Progress saved to output/scraping_progress.json
2025-05-03 00:07:46,412 - INFO - Processed department: DESGR
2025-05-03 00:07:46,417 - INFO - Progress saved to output/scraping_progress.json
2025-05-03 00:07:46,424 - INFO - Processed department: DISAB
2025-05-03 00:07:46,428 - INFO - Progress saved to output/scraping_progress.json
2025-05-03 00:07:46,435 - INFO - Processed department: DRAW
2025-05-03 00:07:46,439 - INFO - Progress saved to output/scraping_progress.json
2025-05-03 00:07:46,446 - INFO - Processed department: DS
2025-05-03 00:07:46,451 - INFO - Progress saved to output/scraping_progress.json
2025-05-03 00:07:46,457 - INFO - Processed department: EAE
2025-05-03 00:07:46,462 - INFO - Progress saved to output/scraping_progress.json
2025-05-03 00:07:46,468 - INFO - Processed department: EAS
2025-05-03 00:07:46,473 - INFO - Progress saved to output/scraping_progress.json
2025-05-03 00:07:46,479 - INFO - Processed department: ECE
2025-05-03 00:07:46,484 - INFO - Progress saved to output/scraping_progress.json
2025-05-03 00:07:46,491 - INFO - Processed department: ECON
2025-05-03 00:07:46,495 - INFO - Progress saved to output/scraping_progress.json
2025-05-03 00:07:46,502 - INFO - Processed department: ECS
2025-05-03 00:07:46,506 - INFO - Progress saved to output/scraping_progress.json
2025-05-03 00:07:46,513 - INFO - Processed department: EDPS
2025-05-03 00:07:46,517 - INFO - Progress saved to output/scraping_progress.json
2025-05-03 00:07:46,524 - INFO - Processed department: EDTEC
2025-05-03 00:07:46,529 - INFO - Progress saved to output/scraping_progress.json
2025-05-03 00:07:46,535 - INFO - Processed department: EDU
2025-05-03 00:07:46,539 - INFO - Progress saved to output/scraping_progress.json
2025-05-03 00:07:46,546 - INFO - Processed department: EHUM
2025-05-03 00:07:46,551 - INFO - Progress saved to output/scraping_progress.json
2025-05-03 00:07:46,557 - INFO - Processed department: ELI
2025-05-03 00:07:46,562 - INFO - Progress saved to output/scraping_progress.json
2025-05-03 00:07:46,569 - INFO - Processed department: ELP
2025-05-03 00:07:46,575 - INFO - Progress saved to output/scraping_progress.json
2025-05-03 00:07:46,582 - INFO - Processed department: ENGIN
2025-05-03 00:07:46,586 - INFO - Progress saved to output/scraping_progress.json
2025-05-03 00:07:46,593 - INFO - Processed department: ENGL
2025-05-03 00:07:46,598 - INFO - Progress saved to output/scraping_progress.json
2025-05-03 00:07:46,604 - INFO - Processed department: ENTP
2025-05-03 00:07:46,609 - INFO - Progress saved to output/scraping_progress.json
2025-05-03 00:07:46,615 - INFO - Processed department: ENVST
2025-05-03 00:07:46,620 - INFO - Progress saved to output/scraping_progress.json
2025-05-03 00:07:46,627 - INFO - Processed department: ESSF
2025-05-03 00:07:46,631 - INFO - Progress saved to output/scraping_progress.json
2025-05-03 00:07:46,638 - INFO - Processed department: ETHNC
2025-05-03 00:07:46,643 - INFO - Progress saved to output/scraping_progress.json
2025-05-03 00:07:46,649 - INFO - Processed department: FA
2025-05-03 00:07:46,653 - INFO - Progress saved to output/scraping_progress.json
2025-05-03 00:07:46,660 - INFO - Processed department: FCS
2025-05-03 00:07:46,664 - INFO - Progress saved to output/scraping_progress.json
2025-05-03 00:07:46,671 - INFO - Processed department: FILM
2025-05-03 00:07:46,676 - INFO - Progress saved to output/scraping_progress.json
2025-05-03 00:07:46,682 - INFO - Processed department: FINAN
2025-05-03 00:07:46,687 - INFO - Progress saved to output/scraping_progress.json
2025-05-03 00:07:46,693 - INFO - Processed department: FPMD
2025-05-03 00:07:46,698 - INFO - Progress saved to output/scraping_progress.json
2025-05-03 00:07:46,705 - INFO - Processed department: FRNCH
2025-05-03 00:07:46,709 - INFO - Progress saved to output/scraping_progress.json
2025-05-03 00:07:46,716 - INFO - Processed department: GEO
2025-05-03 00:07:46,720 - INFO - Progress saved to output/scraping_progress.json
2025-05-03 00:07:46,726 - INFO - Processed department: GEOG
2025-05-03 00:07:46,731 - INFO - Progress saved to output/scraping_progress.json
2025-05-03 00:07:46,737 - INFO - Processed department: GERM
2025-05-03 00:07:46,742 - INFO - Progress saved to output/scraping_progress.json
2025-05-03 00:07:46,748 - INFO - Processed department: GERON
2025-05-03 00:07:46,753 - INFO - Progress saved to output/scraping_progress.json
2025-05-03 00:07:46,759 - INFO - Processed department: GLOBL
2025-05-03 00:07:46,764 - INFO - Progress saved to output/scraping_progress.json
2025-05-03 00:07:46,770 - INFO - Processed department: GNDR
2025-05-03 00:07:46,774 - INFO - Progress saved to output/scraping_progress.json
2025-05-03 00:07:46,781 - INFO - Processed department: GREEK
2025-05-03 00:07:46,785 - INFO - Progress saved to output/scraping_progress.json
2025-05-03 00:07:46,792 - INFO - Processed department: HEDU
2025-05-03 00:07:46,797 - INFO - Progress saved to output/scraping_progress.json
2025-05-03 00:07:46,804 - INFO - Processed department: HGEN
2025-05-03 00:07:46,808 - INFO - Progress saved to output/scraping_progress.json
2025-05-03 00:07:46,815 - INFO - Processed department: HINDI
2025-05-03 00:07:46,819 - INFO - Progress saved to output/scraping_progress.json
2025-05-03 00:07:46,826 - INFO - Processed department: HIST
2025-05-03 00:07:46,830 - INFO - Progress saved to output/scraping_progress.json
2025-05-03 00:07:46,837 - INFO - Processed department: HKR
2025-05-03 00:07:46,841 - INFO - Progress saved to output/scraping_progress.json
2025-05-03 00:07:46,848 - INFO - Processed department: HLTH
2025-05-03 00:07:46,852 - INFO - Progress saved to output/scraping_progress.json
2025-05-03 00:07:46,859 - INFO - Processed department: HNKLY
2025-05-03 00:07:46,864 - INFO - Progress saved to output/scraping_progress.json
2025-05-03 00:07:46,871 - INFO - Processed department: HONOR
2025-05-03 00:07:46,875 - INFO - Progress saved to output/scraping_progress.json
2025-05-03 00:07:46,882 - INFO - Processed department: HPSCI
2025-05-03 00:07:46,887 - INFO - Progress saved to output/scraping_progress.json
2025-05-03 00:07:46,893 - INFO - Processed department: HSP
2025-05-03 00:07:46,898 - INFO - Progress saved to output/scraping_progress.json
2025-05-03 00:07:46,904 - INFO - Processed department: HUM
2025-05-03 00:07:46,909 - INFO - Progress saved to output/scraping_progress.json
2025-05-03 00:07:46,915 - INFO - Processed department: IAGE
2025-05-03 00:07:46,920 - INFO - Progress saved to output/scraping_progress.json
2025-05-03 00:07:46,926 - INFO - Processed department: INTMD
2025-05-03 00:07:46,931 - INFO - Progress saved to output/scraping_progress.json
2025-05-03 00:07:46,937 - INFO - Processed department: IS
2025-05-03 00:07:46,942 - INFO - Progress saved to output/scraping_progress.json
2025-05-03 00:07:46,949 - INFO - Processed department: ITAL
2025-05-03 00:07:46,954 - INFO - Progress saved to output/scraping_progress.json
2025-05-03 00:07:46,960 - INFO - Processed department: JAPAN
2025-05-03 00:07:46,965 - INFO - Progress saved to output/scraping_progress.json
2025-05-03 00:07:46,971 - INFO - Processed department: KINES
2025-05-03 00:07:46,977 - INFO - Progress saved to output/scraping_progress.json
2025-05-03 00:07:46,984 - INFO - Processed department: KOREA
2025-05-03 00:07:46,989 - INFO - Progress saved to output/scraping_progress.json
2025-05-03 00:07:46,997 - INFO - Processed department: LAS
2025-05-03 00:07:47,002 - INFO - Progress saved to output/scraping_progress.json
2025-05-03 00:07:47,009 - INFO - Processed department: LATIN
2025-05-03 00:07:47,014 - INFO - Progress saved to output/scraping_progress.json
2025-05-03 00:07:47,021 - INFO - Processed department: LAW
2025-05-03 00:07:47,026 - INFO - Progress saved to output/scraping_progress.json
2025-05-03 00:07:47,032 - INFO - Processed department: LAWCE
2025-05-03 00:07:47,037 - INFO - Progress saved to output/scraping_progress.json
2025-05-03 00:07:47,044 - INFO - Processed department: LDRSP
2025-05-03 00:07:47,049 - INFO - Progress saved to output/scraping_progress.json
2025-05-03 00:07:47,056 - INFO - Processed department: LEAP
2025-05-03 00:07:47,061 - INFO - Progress saved to output/scraping_progress.json
2025-05-03 00:07:47,068 - INFO - Processed department: LING
2025-05-03 00:07:47,073 - INFO - Progress saved to output/scraping_progress.json
2025-05-03 00:07:47,083 - INFO - Processed department: LLART
2025-05-03 00:07:47,088 - INFO - Progress saved to output/scraping_progress.json
2025-05-03 00:07:47,095 - INFO - Processed department: LLBUS
2025-05-03 00:07:47,100 - INFO - Progress saved to output/scraping_progress.json
2025-05-03 00:07:47,106 - INFO - Processed department: LLCFT
2025-05-03 00:07:47,111 - INFO - Progress saved to output/scraping_progress.json
2025-05-03 00:07:47,118 - INFO - Processed department: LLFW
2025-05-03 00:07:47,123 - INFO - Progress saved to output/scraping_progress.json
2025-05-03 00:07:47,130 - INFO - Processed department: LLHG
2025-05-03 00:07:47,135 - INFO - Progress saved to output/scraping_progress.json
2025-05-03 00:07:47,142 - INFO - Processed department: LLHL
2025-05-03 00:07:47,147 - INFO - Progress saved to output/scraping_progress.json
2025-05-03 00:07:47,154 - INFO - Processed department: LLLAN
2025-05-03 00:07:47,158 - INFO - Progress saved to output/scraping_progress.json
2025-05-03 00:07:47,165 - INFO - Processed department: LLMT
2025-05-03 00:07:47,170 - INFO - Progress saved to output/scraping_progress.json
2025-05-03 00:07:47,177 - INFO - Processed department: LLPOT
2025-05-03 00:07:47,182 - INFO - Progress saved to output/scraping_progress.json
2025-05-03 00:07:47,189 - INFO - Processed department: LLREC
2025-05-03 00:07:47,194 - INFO - Progress saved to output/scraping_progress.json
2025-05-03 00:07:47,200 - INFO - Processed department: LLWRC
2025-05-03 00:07:47,205 - INFO - Progress saved to output/scraping_progress.json
2025-05-03 00:07:47,212 - INFO - Processed department: MATH
2025-05-03 00:07:47,217 - INFO - Progress saved to output/scraping_progress.json
2025-05-03 00:07:47,223 - INFO - Processed department: MBA
2025-05-03 00:07:47,228 - INFO - Progress saved to output/scraping_progress.json
2025-05-03 00:07:47,234 - INFO - Processed department: MBIOL
2025-05-03 00:07:47,239 - INFO - Progress saved to output/scraping_progress.json
2025-05-03 00:07:47,246 - INFO - Processed department: MDCH
2025-05-03 00:07:47,251 - INFO - Progress saved to output/scraping_progress.json
2025-05-03 00:07:47,257 - INFO - Processed department: MDCRC
2025-05-03 00:07:47,262 - INFO - Progress saved to output/scraping_progress.json
2025-05-03 00:07:47,269 - INFO - Processed department: MDID
2025-05-03 00:07:47,274 - INFO - Progress saved to output/scraping_progress.json
2025-05-03 00:07:47,280 - INFO - Processed department: MDLB
2025-05-03 00:07:47,285 - INFO - Progress saved to output/scraping_progress.json
2025-05-03 00:07:47,292 - INFO - Processed department: MEEN
2025-05-03 00:07:47,297 - INFO - Progress saved to output/scraping_progress.json
2025-05-03 00:07:47,303 - INFO - Processed department: METE
2025-05-03 00:07:47,308 - INFO - Progress saved to output/scraping_progress.json
2025-05-03 00:07:47,315 - INFO - Processed department: MGEN
2025-05-03 00:07:47,320 - INFO - Progress saved to output/scraping_progress.json
2025-05-03 00:07:47,326 - INFO - Processed department: MGT
2025-05-03 00:07:47,331 - INFO - Progress saved to output/scraping_progress.json
2025-05-03 00:07:47,338 - INFO - Processed department: MHA
2025-05-03 00:07:47,343 - INFO - Progress saved to output/scraping_progress.json
2025-05-03 00:07:47,349 - INFO - Processed department: MIDE
2025-05-03 00:07:47,354 - INFO - Progress saved to output/scraping_progress.json
2025-05-03 00:07:47,360 - INFO - Processed department: MILS
2025-05-03 00:07:47,365 - INFO - Progress saved to output/scraping_progress.json
2025-05-03 00:07:47,372 - INFO - Processed department: MKTG
2025-05-03 00:07:47,378 - INFO - Progress saved to output/scraping_progress.json
2025-05-03 00:07:47,384 - INFO - Processed department: MSE
2025-05-03 00:07:47,389 - INFO - Progress saved to output/scraping_progress.json
2025-05-03 00:07:47,396 - INFO - Processed department: MST
2025-05-03 00:07:47,401 - INFO - Progress saved to output/scraping_progress.json
2025-05-03 00:07:47,407 - INFO - Processed department: MUSC
2025-05-03 00:07:47,412 - INFO - Progress saved to output/scraping_progress.json
2025-05-03 00:07:47,419 - INFO - Processed department: NAHTL
2025-05-03 00:07:47,424 - INFO - Progress saved to output/scraping_progress.json
2025-05-03 00:07:47,430 - INFO - Processed department: NAVJO
2025-05-03 00:07:47,435 - INFO - Progress saved to output/scraping_progress.json
2025-05-03 00:07:47,442 - INFO - Processed department: NEURO
2025-05-03 00:07:47,447 - INFO - Progress saved to output/scraping_progress.json
2025-05-03 00:07:47,453 - INFO - Processed department: NEUSC
2025-05-03 00:07:47,458 - INFO - Progress saved to output/scraping_progress.json
2025-05-03 00:07:47,464 - INFO - Processed department: NSURG
2025-05-03 00:07:47,469 - INFO - Progress saved to output/scraping_progress.json
2025-05-03 00:07:47,476 - INFO - Processed department: NUCL
2025-05-03 00:07:47,481 - INFO - Progress saved to output/scraping_progress.json
2025-05-03 00:07:47,487 - INFO - Processed department: NUIP
2025-05-03 00:07:47,492 - INFO - Progress saved to output/scraping_progress.json
2025-05-03 00:07:47,498 - INFO - Processed department: NURS
2025-05-03 00:07:47,503 - INFO - Progress saved to output/scraping_progress.json
2025-05-03 00:07:47,509 - INFO - Processed department: NUTR
2025-05-03 00:07:47,514 - INFO - Progress saved to output/scraping_progress.json
2025-05-03 00:07:47,520 - INFO - Processed department: NVSC
2025-05-03 00:07:47,525 - INFO - Progress saved to output/scraping_progress.json
2025-05-03 00:07:47,533 - INFO - Processed department: OBST
2025-05-03 00:07:47,538 - INFO - Progress saved to output/scraping_progress.json
2025-05-03 00:07:47,544 - INFO - Processed department: OCTH
2025-05-03 00:07:47,549 - INFO - Progress saved to output/scraping_progress.json
2025-05-03 00:07:47,556 - INFO - Processed department: OEHS
2025-05-03 00:07:47,561 - INFO - Progress saved to output/scraping_progress.json
2025-05-03 00:07:47,567 - INFO - Processed department: OIS
2025-05-03 00:07:47,572 - INFO - Progress saved to output/scraping_progress.json
2025-05-03 00:07:47,579 - INFO - Processed department: ONCSC
2025-05-03 00:07:47,584 - INFO - Progress saved to output/scraping_progress.json
2025-05-03 00:07:47,590 - INFO - Processed department: OPHTH
2025-05-03 00:07:47,595 - INFO - Progress saved to output/scraping_progress.json
2025-05-03 00:07:47,602 - INFO - Processed department: ORTHO
2025-05-03 00:07:47,608 - INFO - Progress saved to output/scraping_progress.json
2025-05-03 00:07:47,615 - INFO - Processed department: OSC
2025-05-03 00:07:47,622 - INFO - Progress saved to output/scraping_progress.json
2025-05-03 00:07:47,628 - INFO - Processed department: OSHER
2025-05-03 00:07:47,634 - INFO - Progress saved to output/scraping_progress.json
2025-05-03 00:07:47,640 - INFO - Processed department: PADMN
2025-05-03 00:07:47,645 - INFO - Progress saved to output/scraping_progress.json
2025-05-03 00:07:47,651 - INFO - Processed department: PAS
2025-05-03 00:07:47,656 - INFO - Progress saved to output/scraping_progress.json
2025-05-03 00:07:47,663 - INFO - Processed department: PATH
2025-05-03 00:07:47,668 - INFO - Progress saved to output/scraping_progress.json
2025-05-03 00:07:47,674 - INFO - Processed department: PBHLT
2025-05-03 00:07:47,679 - INFO - Progress saved to output/scraping_progress.json
2025-05-03 00:07:47,686 - INFO - Processed department: PCS
2025-05-03 00:07:47,691 - INFO - Progress saved to output/scraping_progress.json
2025-05-03 00:07:47,698 - INFO - Processed department: PCTH
2025-05-03 00:07:47,703 - INFO - Progress saved to output/scraping_progress.json
2025-05-03 00:07:47,709 - INFO - Processed department: PED
2025-05-03 00:07:47,714 - INFO - Progress saved to output/scraping_progress.json
2025-05-03 00:07:47,721 - INFO - Processed department: PEPEC
2025-05-03 00:07:47,726 - INFO - Progress saved to output/scraping_progress.json
2025-05-03 00:07:47,732 - INFO - Processed department: PERS
2025-05-03 00:07:47,737 - INFO - Progress saved to output/scraping_progress.json
2025-05-03 00:07:47,744 - INFO - Processed department: PHARM
2025-05-03 00:07:47,749 - INFO - Progress saved to output/scraping_progress.json
2025-05-03 00:07:47,755 - INFO - Processed department: PHCEU
2025-05-03 00:07:47,760 - INFO - Progress saved to output/scraping_progress.json
2025-05-03 00:07:47,767 - INFO - Processed department: PHIL
2025-05-03 00:07:47,772 - INFO - Progress saved to output/scraping_progress.json
2025-05-03 00:07:47,778 - INFO - Processed department: PHMD
2025-05-03 00:07:47,783 - INFO - Progress saved to output/scraping_progress.json
2025-05-03 00:07:47,789 - INFO - Processed department: PHOTO
2025-05-03 00:07:47,794 - INFO - Progress saved to output/scraping_progress.json
2025-05-03 00:07:47,801 - INFO - Processed department: PHS
2025-05-03 00:07:47,806 - INFO - Progress saved to output/scraping_progress.json
2025-05-03 00:07:47,812 - INFO - Processed department: PHTH
2025-05-03 00:07:47,817 - INFO - Progress saved to output/scraping_progress.json
2025-05-03 00:07:47,823 - INFO - Processed department: PHTX
2025-05-03 00:07:47,828 - INFO - Progress saved to output/scraping_progress.json
2025-05-03 00:07:47,835 - INFO - Processed department: PHYS
2025-05-03 00:07:47,840 - INFO - Progress saved to output/scraping_progress.json
2025-05-03 00:07:47,846 - INFO - Processed department: PHYSL
2025-05-03 00:07:47,851 - INFO - Progress saved to output/scraping_progress.json
2025-05-03 00:07:47,858 - INFO - Processed department: POLS
2025-05-03 00:07:47,863 - INFO - Progress saved to output/scraping_progress.json
2025-05-03 00:07:47,870 - INFO - Processed department: PREP
2025-05-03 00:07:47,875 - INFO - Progress saved to output/scraping_progress.json
2025-05-03 00:07:47,882 - INFO - Processed department: PRINT
2025-05-03 00:07:47,887 - INFO - Progress saved to output/scraping_progress.json
2025-05-03 00:07:47,893 - INFO - Processed department: PROEA
2025-05-03 00:07:47,898 - INFO - Progress saved to output/scraping_progress.json
2025-05-03 00:07:47,905 - INFO - Processed department: PROED
2025-05-03 00:07:47,910 - INFO - Progress saved to output/scraping_progress.json
2025-05-03 00:07:47,916 - INFO - Processed department: PROTA
2025-05-03 00:07:47,922 - INFO - Progress saved to output/scraping_progress.json
2025-05-03 00:07:47,928 - INFO - Processed department: PRT
2025-05-03 00:07:47,933 - INFO - Progress saved to output/scraping_progress.json
2025-05-03 00:07:47,940 - INFO - Processed department: PRTL
2025-05-03 00:07:47,945 - INFO - Progress saved to output/scraping_progress.json
2025-05-03 00:07:47,952 - INFO - Processed department: PRTS
2025-05-03 00:07:47,957 - INFO - Progress saved to output/scraping_progress.json
2025-05-03 00:07:47,964 - INFO - Processed department: PRTW
2025-05-03 00:07:47,969 - INFO - Progress saved to output/scraping_progress.json
2025-05-03 00:07:47,976 - INFO - Processed department: PSY
2025-05-03 00:07:47,981 - INFO - Progress saved to output/scraping_progress.json
2025-05-03 00:07:47,988 - INFO - Processed department: PSYCT
2025-05-03 00:07:47,993 - INFO - Progress saved to output/scraping_progress.json
2025-05-03 00:07:47,999 - INFO - Processed department: PTGSE
2025-05-03 00:07:48,004 - INFO - Progress saved to output/scraping_progress.json
2025-05-03 00:07:48,011 - INFO - Processed department: PUBPL
2025-05-03 00:07:48,016 - INFO - Progress saved to output/scraping_progress.json
2025-05-03 00:07:48,023 - INFO - Processed department: QAMO
2025-05-03 00:07:48,028 - INFO - Progress saved to output/scraping_progress.json
2025-05-03 00:07:48,035 - INFO - Processed department: QUECH
2025-05-03 00:07:48,040 - INFO - Progress saved to output/scraping_progress.json
2025-05-03 00:07:48,046 - INFO - Processed department: RDLGY
2025-05-03 00:07:48,051 - INFO - Progress saved to output/scraping_progress.json
2025-05-03 00:07:48,058 - INFO - Processed department: RDONC
2025-05-03 00:07:48,063 - INFO - Progress saved to output/scraping_progress.json
2025-05-03 00:07:48,070 - INFO - Processed department: RECTH
2025-05-03 00:07:48,075 - INFO - Progress saved to output/scraping_progress.json
2025-05-03 00:07:48,082 - INFO - Processed department: REDEV
2025-05-03 00:07:48,087 - INFO - Progress saved to output/scraping_progress.json
2025-05-03 00:07:48,094 - INFO - Processed department: RELS
2025-05-03 00:07:48,099 - INFO - Progress saved to output/scraping_progress.json
2025-05-03 00:07:48,106 - INFO - Processed department: RHSCI
2025-05-03 00:07:48,111 - INFO - Progress saved to output/scraping_progress.json
2025-05-03 00:07:48,119 - INFO - Processed department: RUSS
2025-05-03 00:07:48,125 - INFO - Progress saved to output/scraping_progress.json
2025-05-03 00:07:48,132 - INFO - Processed department: SBS
2025-05-03 00:07:48,137 - INFO - Progress saved to output/scraping_progress.json
2025-05-03 00:07:48,144 - INFO - Processed department: SCI
2025-05-03 00:07:48,149 - INFO - Progress saved to output/scraping_progress.json
2025-05-03 00:07:48,155 - INFO - Processed department: SCLPT
2025-05-03 00:07:48,160 - INFO - Progress saved to output/scraping_progress.json
2025-05-03 00:07:48,167 - INFO - Processed department: SOC
2025-05-03 00:07:48,172 - INFO - Progress saved to output/scraping_progress.json
2025-05-03 00:07:48,178 - INFO - Processed department: SPAN
2025-05-03 00:07:48,183 - INFO - Progress saved to output/scraping_progress.json
2025-05-03 00:07:48,190 - INFO - Processed department: SPED
2025-05-03 00:07:48,195 - INFO - Progress saved to output/scraping_progress.json
2025-05-03 00:07:48,201 - INFO - Processed department: SREL
2025-05-03 00:07:48,207 - INFO - Progress saved to output/scraping_progress.json
2025-05-03 00:07:48,214 - INFO - Processed department: STAT
2025-05-03 00:07:48,219 - INFO - Progress saved to output/scraping_progress.json
2025-05-03 00:07:48,226 - INFO - Processed department: STRAT
2025-05-03 00:07:48,231 - INFO - Progress saved to output/scraping_progress.json
2025-05-03 00:07:48,238 - INFO - Processed department: SURG
2025-05-03 00:07:48,243 - INFO - Progress saved to output/scraping_progress.json
2025-05-03 00:07:48,249 - INFO - Processed department: SUST
2025-05-03 00:07:48,254 - INFO - Progress saved to output/scraping_progress.json
2025-05-03 00:07:48,262 - INFO - Processed department: SW
2025-05-03 00:07:48,267 - INFO - Progress saved to output/scraping_progress.json
2025-05-03 00:07:48,274 - INFO - Processed department: SWCE
2025-05-03 00:07:48,280 - INFO - Progress saved to output/scraping_progress.json
2025-05-03 00:07:48,286 - INFO - Processed department: THEA
2025-05-03 00:07:48,291 - INFO - Progress saved to output/scraping_progress.json
2025-05-03 00:07:48,297 - INFO - Processed department: UGS
2025-05-03 00:07:48,303 - INFO - Progress saved to output/scraping_progress.json
2025-05-03 00:07:48,309 - INFO - Processed department: UUHED
2025-05-03 00:07:48,314 - INFO - Progress saved to output/scraping_progress.json
2025-05-03 00:07:48,320 - INFO - Processed department: UUHSC
2025-05-03 00:07:48,326 - INFO - Progress saved to output/scraping_progress.json
2025-05-03 00:07:48,332 - INFO - Processed department: VIET
2025-05-03 00:07:48,337 - INFO - Progress saved to output/scraping_progress.json
2025-05-03 00:07:48,344 - INFO - Processed department: WLC
2025-05-03 00:07:48,349 - INFO - Progress saved to output/scraping_progress.json
2025-05-03 00:07:48,355 - INFO - Processed department: WRTG
2025-05-03 00:07:48,361 - INFO - Progress saved to output/scraping_progress.json
2025-05-03 00:07:48,367 - INFO - Processed department: YEART
2025-05-03 00:07:48,372 - INFO - Progress saved to output/scraping_progress.json
2025-05-03 00:07:48,379 - INFO - Processed department: YECU
2025-05-03 00:07:48,384 - INFO - Progress saved to output/scraping_progress.json
2025-05-03 00:07:48,391 - INFO - Processed department: YEHS
2025-05-03 00:07:48,396 - INFO - Progress saved to output/scraping_progress.json
2025-05-03 00:07:48,396 - INFO - Successfully extracted data for 222 departments
2025-05-03 00:07:48,397 - INFO - Saved department data to output/departments/utah_departments.csv
2025-05-03 00:07:48,403 - INFO - Progress saved to output/scraping_progress.json
2025-05-03 00:07:48,502 - INFO - Browser closed
2025-05-03 00:07:48,502 - INFO - Successfully scraped 222 departments for utah
2025-05-03 00:07:48,503 - INFO - Waiting 6.14 seconds before next university
2025-05-03 00:07:54,645 - INFO - Processing university 70/144: byu
2025-05-03 00:07:54,662 - INFO - Progress saved to output/scraping_progress.json
2025-05-03 00:07:54,662 - INFO - Starting department scraper for URL: https://www.coursicle.com/byu/courses/
2025-05-03 00:07:56,174 - INFO - WebDriver set up successfully
2025-05-03 00:07:58,296 - INFO - Visited homepage first: https://www.coursicle.com/byu/
2025-05-03 00:08:08,455 - INFO - Navigated to https://www.coursicle.com/byu/courses/
2025-05-03 00:08:18,433 - WARNING - Error during human behavior simulation: empty range in randrange(773, -175)
2025-05-03 00:08:33,870 - WARNING - Timeout waiting for tile container, checking for bot detection
2025-05-03 00:08:39,017 - INFO - No 'More' button found or it's not needed
2025-05-03 00:08:39,028 - INFO - Found 0 department tiles
2025-05-03 00:08:46,465 - WARNING - Error during human behavior simulation: empty range in randrange(773, -175)
2025-05-03 00:08:46,467 - WARNING - No departments found, saving debug information
2025-05-03 00:08:46,467 - ERROR - Error during department scraping: cannot access local variable 'os' where it is not associated with a value
2025-05-03 00:08:46,572 - INFO - Browser closed
2025-05-03 00:08:46,572 - ERROR - Error processing university byu: cannot access local variable 'os' where it is not associated with a value
2025-05-03 00:08:46,572 - INFO - Processing university 71/144: gsu
2025-05-03 00:08:46,582 - INFO - Progress saved to output/scraping_progress.json
2025-05-03 00:08:46,582 - INFO - Starting department scraper for URL: https://www.coursicle.com/gsu/courses/
2025-05-03 00:08:47,320 - INFO - WebDriver set up successfully
2025-05-03 00:08:50,539 - INFO - Visited homepage first: https://www.coursicle.com/gsu/
2025-05-03 00:09:00,992 - INFO - Navigated to https://www.coursicle.com/gsu/courses/
2025-05-03 00:09:11,464 - WARNING - Error during human behavior simulation: empty range in randrange(734, -136)
2025-05-03 00:09:26,853 - WARNING - Timeout waiting for tile container, checking for bot detection
2025-05-03 00:09:31,992 - INFO - No 'More' button found or it's not needed
2025-05-03 00:09:31,997 - INFO - Found 0 department tiles
2025-05-03 00:09:40,813 - WARNING - Error during human behavior simulation: empty range in randrange(734, -136)
2025-05-03 00:09:40,814 - WARNING - No departments found, saving debug information
2025-05-03 00:09:40,815 - ERROR - Error during department scraping: cannot access local variable 'os' where it is not associated with a value
2025-05-03 00:09:40,921 - INFO - Browser closed
2025-05-03 00:09:40,921 - ERROR - Error processing university gsu: cannot access local variable 'os' where it is not associated with a value
2025-05-03 00:09:40,921 - INFO - Processing university 72/144: utsa
2025-05-03 00:09:40,929 - INFO - Progress saved to output/scraping_progress.json
2025-05-03 00:09:40,929 - INFO - Starting department scraper for URL: https://www.coursicle.com/utsa/courses/
2025-05-03 00:09:41,980 - INFO - WebDriver set up successfully
2025-05-03 00:09:47,110 - INFO - Visited homepage first: https://www.coursicle.com/utsa/
2025-05-03 00:09:57,362 - INFO - Navigated to https://www.coursicle.com/utsa/courses/
2025-05-03 00:10:03,685 - WARNING - Error during human behavior simulation: empty range in randrange(773, -175)
2025-05-03 00:10:19,101 - WARNING - Timeout waiting for tile container, checking for bot detection
2025-05-03 00:10:24,254 - INFO - No 'More' button found or it's not needed
2025-05-03 00:10:24,266 - INFO - Found 0 department tiles
2025-05-03 00:10:28,645 - WARNING - Error during human behavior simulation: empty range in randrange(773, -175)
2025-05-03 00:10:28,650 - WARNING - No departments found, saving debug information
2025-05-03 00:10:28,651 - ERROR - Error during department scraping: cannot access local variable 'os' where it is not associated with a value
2025-05-03 00:10:28,763 - INFO - Browser closed
2025-05-03 00:10:28,764 - ERROR - Error processing university utsa: cannot access local variable 'os' where it is not associated with a value
2025-05-03 00:10:28,764 - INFO - Processing university 73/144: pitt
2025-05-03 00:10:28,773 - INFO - Progress saved to output/scraping_progress.json
2025-05-03 00:10:28,774 - INFO - Departments for pitt already exist in output/departments/pitt_departments.csv, skipping
2025-05-03 00:10:28,776 - INFO - Loaded 327 existing departments for pitt
2025-05-03 00:10:28,782 - INFO - Progress saved to output/scraping_progress.json
2025-05-03 00:10:28,783 - INFO - Waiting 7.80 seconds before next university
2025-05-03 00:10:36,593 - INFO - Processing university 74/144: sfuca
2025-05-03 00:10:36,614 - INFO - Progress saved to output/scraping_progress.json
2025-05-03 00:10:36,614 - INFO - Departments for sfuca already exist in output/departments/sfuca_departments.csv, skipping
2025-05-03 00:10:36,617 - INFO - Loaded 86 existing departments for sfuca
2025-05-03 00:10:36,628 - INFO - Progress saved to output/scraping_progress.json
2025-05-03 00:10:36,628 - INFO - Waiting 6.98 seconds before next university
2025-05-03 00:10:43,623 - INFO - Processing university 75/144: uic
2025-05-03 00:10:43,653 - INFO - Progress saved to output/scraping_progress.json
2025-05-03 00:10:43,654 - INFO - Departments for uic already exist in output/departments/uic_departments.csv, skipping
2025-05-03 00:10:43,656 - INFO - Loaded 187 existing departments for uic
2025-05-03 00:10:43,668 - INFO - Progress saved to output/scraping_progress.json
2025-05-03 00:10:43,668 - INFO - Waiting 7.64 seconds before next university
2025-05-03 00:10:51,318 - INFO - Processing university 76/144: colostate
2025-05-03 00:10:51,337 - INFO - Progress saved to output/scraping_progress.json
2025-05-03 00:10:51,338 - INFO - Starting department scraper for URL: https://www.coursicle.com/colostate/courses/
2025-05-03 00:10:53,368 - INFO - WebDriver set up successfully
2025-05-03 00:10:56,708 - INFO - Visited homepage first: https://www.coursicle.com/colostate/
2025-05-03 00:11:06,764 - INFO - Navigated to https://www.coursicle.com/colostate/courses/
2025-05-03 00:11:19,237 - WARNING - Error during human behavior simulation: empty range in randrange(739, -141)
2025-05-03 00:11:34,677 - WARNING - Timeout waiting for tile container, checking for bot detection
2025-05-03 00:11:39,829 - INFO - No 'More' button found or it's not needed
2025-05-03 00:11:39,848 - INFO - Found 0 department tiles
2025-05-03 00:11:46,446 - WARNING - Error during human behavior simulation: empty range in randrange(739, -141)
2025-05-03 00:11:46,447 - WARNING - No departments found, saving debug information
2025-05-03 00:11:46,448 - ERROR - Error during department scraping: cannot access local variable 'os' where it is not associated with a value
2025-05-03 00:11:46,575 - INFO - Browser closed
2025-05-03 00:11:46,575 - ERROR - Error processing university colostate: cannot access local variable 'os' where it is not associated with a value
2025-05-03 00:11:46,575 - INFO - Processing university 77/144: auburn
2025-05-03 00:11:46,583 - INFO - Progress saved to output/scraping_progress.json
2025-05-03 00:11:46,584 - INFO - Starting department scraper for URL: https://www.coursicle.com/auburn/courses/
2025-05-03 00:11:48,299 - INFO - WebDriver set up successfully
2025-05-03 00:11:52,216 - INFO - Visited homepage first: https://www.coursicle.com/auburn/
2025-05-03 00:12:03,305 - INFO - Navigated to https://www.coursicle.com/auburn/courses/
2025-05-03 00:12:09,734 - WARNING - Error during human behavior simulation: empty range in randrange(773, -175)
2025-05-03 00:12:25,118 - WARNING - Timeout waiting for tile container, checking for bot detection
2025-05-03 00:12:30,272 - INFO - No 'More' button found or it's not needed
2025-05-03 00:12:30,288 - INFO - Found 0 department tiles
2025-05-03 00:12:37,230 - WARNING - Error during human behavior simulation: empty range in randrange(773, -175)
2025-05-03 00:12:37,230 - WARNING - No departments found, saving debug information
2025-05-03 00:12:37,233 - ERROR - Error during department scraping: cannot access local variable 'os' where it is not associated with a value
2025-05-03 00:12:37,338 - INFO - Browser closed
2025-05-03 00:12:37,338 - ERROR - Error processing university auburn: cannot access local variable 'os' where it is not associated with a value
2025-05-03 00:12:37,338 - INFO - Processing university 78/144: uky
2025-05-03 00:12:37,346 - INFO - Progress saved to output/scraping_progress.json
2025-05-03 00:12:37,346 - INFO - Starting department scraper for URL: https://www.coursicle.com/uky/courses/
2025-05-03 00:12:39,473 - INFO - WebDriver set up successfully
2025-05-03 00:12:42,472 - INFO - Visited homepage first: https://www.coursicle.com/uky/
2025-05-03 00:12:52,670 - INFO - Navigated to https://www.coursicle.com/uky/courses/
2025-05-03 00:12:59,423 - WARNING - Error during human behavior simulation: empty range in randrange(773, -175)
2025-05-03 00:13:14,869 - WARNING - Timeout waiting for tile container, checking for bot detection
2025-05-03 00:13:20,008 - INFO - No 'More' button found or it's not needed
2025-05-03 00:13:20,018 - INFO - Found 0 department tiles
2025-05-03 00:13:28,702 - WARNING - Error during human behavior simulation: empty range in randrange(773, -175)
2025-05-03 00:13:28,702 - WARNING - No departments found, saving debug information
2025-05-03 00:13:28,703 - ERROR - Error during department scraping: cannot access local variable 'os' where it is not associated with a value
2025-05-03 00:13:28,830 - INFO - Browser closed
2025-05-03 00:13:28,830 - ERROR - Error processing university uky: cannot access local variable 'os' where it is not associated with a value
2025-05-03 00:13:28,830 - INFO - Processing university 79/144: unc
2025-05-03 00:13:28,837 - INFO - Progress saved to output/scraping_progress.json
2025-05-03 00:13:28,839 - INFO - Starting department scraper for URL: https://www.coursicle.com/unc/courses/
2025-05-03 00:13:30,094 - INFO - WebDriver set up successfully
2025-05-03 00:13:48,461 - INFO - Visited homepage first: https://www.coursicle.com/unc/
2025-05-03 00:13:55,009 - INFO - Navigated to https://www.coursicle.com/unc/courses/
2025-05-03 00:14:02,870 - WARNING - Error during human behavior simulation: empty range in randrange(773, -175)
2025-05-03 00:14:14,260 - WARNING - Retrying (Retry(total=2, connect=None, read=None, redirect=None, status=None)) after connection broken by 'NewConnectionError('<urllib3.connection.HTTPConnection object at 0x1045d39b0>: Failed to establish a new connection: [Errno 61] Connection refused')': /session/2cbcace13adc8c626e2c6e5341fc8ced
2025-05-03 00:14:14,262 - WARNING - Retrying (Retry(total=1, connect=None, read=None, redirect=None, status=None)) after connection broken by 'NewConnectionError('<urllib3.connection.HTTPConnection object at 0x1045d3460>: Failed to establish a new connection: [Errno 61] Connection refused')': /session/2cbcace13adc8c626e2c6e5341fc8ced
2025-05-03 00:14:14,263 - WARNING - Retrying (Retry(total=0, connect=None, read=None, redirect=None, status=None)) after connection broken by 'NewConnectionError('<urllib3.connection.HTTPConnection object at 0x1045d3240>: Failed to establish a new connection: [Errno 61] Connection refused')': /session/2cbcace13adc8c626e2c6e5341fc8ced
2025-05-03 00:14:14,264 - INFO - Browser closed
